0.993002397033798 1.1984347245496418 0.9943169247552253 1.204113230656107 0.025392418124534966 -0.1270157427388088 0.777950323889117 1.1298665037579934 1.9474355606745257 1.3968395428551252 1.0437297558617016 1.1552626108525086 1.928162701048504 1.300863080743263 1.976068155287169 2.4396513580840065 1.2685343575197034 1.7674141530889422 1.1900993205030064 0.7028805284668147 9.222872447670984 1.8009274702501221
0.9946061427278654 0.9440738419699949 0.9916324445049333 1.1705224952205782 -0.2520865794608107 0.06752814831511894 0.18742233585861737 0.988948647251773 0.3121764284114604 1.6846933234447692 0.9113395105349277 2.0484359328530157 1.2550394926493305 0.9674528920670995 1.7426841917414242 2.5775080082803097 1.247010227350927 1.6515881395505492 1.9305818377203188 1.2051403968975083 22.98053347711643 1.092945872867197
1.0012836561251537 1.177946375725908 0.9956535665117051 0.9936695524070982 0.11907294400298796 0.015396141849849498 0.5429344602001276 1.0356725526810242 2.109118524877052 1.4727241773997068 0.9132088394461197 0.8694703752660612 1.157284408606725 1.2686731957977946 2.069056444525695 1.4417029789979652 1.7696795056429175 1.7076256126792602 1.4030438847218307 0.7971869692330412 9.587637509726125 1.3814241710724773
1.0087367962221403 1.1133456214132411 1.0087472961301411 1.0615431502782968 -0.1676877462369536 -0.11295204698326733 0.43057982184856436 0.8121970221016339 0.57191175871452 1.6339653307314395 1.093288430630377 1.2086819476900057 1.6156837564007371 1.1017945044911541 2.0649660582274043 1.895713920717773 1.2756702930609989 1.6497298409559484 1.6894202869647392 0.8446222234256409 15.491210386039793 1.5856425340763995
0.9950875415166317 1.0722346575287593 0.9962731474192488 1.0623927197893013 0.19975091733070283 -0.155286810118029 0.2639457468261238 0.8890553786742341 1.8608192068602132 1.4519811561476847 0.6976063257044713 0.34728463397155074 1.4780575723137532 0.9686750690849402 2.0294096756003617 1.583003468968648 1.0882132368125743 1.6300332603700252 1.5784559365836657 1.1304970192847597 17.624127326769607 0.7091374951159385
1.0014836377672054 1.1702123534962001 0.9992218194002008 1.0370056067507405 -0.1171648037625467 0.07884313204433491 0.8576791084568168 1.1156766064767987 0.03730867368164313 1.374272230360861 0.9788831772462314 0.33464797219281534 1.5700080183472023 1.1427577875834543 1.8586379559381987 1.9198394568549975 1.4971558269430212 1.6409325881854062 1.504430572459618 0.7509805211652996 7.682686677134165 1.1613422260169184
0.9980070929341834 1.0847624182494588 0.9922398559900669 0.9685246319262709 -0.19831473981782138 0.279681700628926 0.3719531306543983 0.8322704689957087 1.3671915631096345 1.454441326683459 1.0196354322535197 0.8716265768550989 1.8069460258763272 0.9764976705240569 1.780542971645815 1.5732976228716398 1.4554103508226444 1.7765150875477451 1.7795584851305692 1.1751134188670878 14.502946958610956 1.1592053783862766
0.9988481965058593 1.0562533650398096 1.0041934810735698 1.1604317787623253 0.15221498275308687 0.024006430728954586 0.6315404247997956 1.0335977953153481 0.9906418066512981 1.3801235860347278 0.9610889435366673 1.9682161357590768 1.6521371794119932 1.073081954984831 1.863014974881023 1.788987534219548 1.444973752759151 1.7745734959029518 1.6101127373354343 0.9692291786793743 4.315472480777025 1.4903896500061113
0.9928705981885873 0.8433701111864753 1.0050288659294515 1.1460668692465676 -0.2755126961798856 -0.08135195509011464 0.06245842413063194 0.8262321595765025 0.7886504784836535 1.5713873217516277 0.7930692246526532 1.43695888737029 1.7481287926569777 1.0101090986928245 1.7930151442300035 2.335247851079486 1.4267384295747525 1.758758381997772 0.9523083597103267 1.358337996803701 10.381760087871378 1.5816840294962868
1.0083762808693504 0.9903761328453525 0.9929747606534332 0.7515896324332492 0.21154096626277158 0.1171169012487292 0.9469496805375348 0.9732564571248427 0.2784518973366855 1.4901132344351742 1.082665675667954 2.2968055111534835 1.5124000642015356 1.3680577096664115 1.731391258943944 1.59849336027104 1.7149958611435723 1.520762079426325 1.9103944661757393 1.2859687158566784 8.61968548398056 1.3842758855704858
1.0004616352894011 0.8735009946661761 0.9917092242625098 1.2361832820061707 0.12994893703694438 0.24370863100079337 0.05864559725964045 0.932083187849707 2.054306759150943 1.6891052154565327 0.8811107916899009 1.192157928145533 1.9405317978130663 1.1323122696157082 2.0312008022352526 1.7559721058202402 1.3361973608290927 1.6156944197958674 1.4688027375049142 0.812001731800872 22.693296210768604 1.139571449097244
0.9997012327262468 1.1028492347053571 1.0006593091076696 0.9225129239411112 -0.21677079343963307 -0.2823615099252359 0.8606772873226907 1.039466282792493 1.3342194172597437 1.4463209264526646 0.9615348217256205 1.5095906717423617 1.6956475141645286 1.2583940917478855 1.7688856873039245 2.291845964628145 1.6606828989224325 1.474326701008311 1.6998478723684016 1.358611225679096 8.823997058185169 1.577075727299012
0.9906554327817267 0.9914149377789557 0.9947529416627445 1.0348368027147 0.2604571145562126 0.011175475724679307 0.9205860706167692 1.1004707629398525 1.022876696605292 1.4865893616434611 1.1924162620200378 2.2740893095847294 1.7674779598929646 1.0454380371622363 1.8546478319879924 1.4743686957159758 1.5664444367189119 1.5104680036311409 1.3974988828190353 0.8342927715587173 9.004718966958098 1.1266249400217019
1.0017828375982578 1.2450661355813928 1.0013943313010938 0.8578500602785584 0.017193504497562795 0.012729621348465725 0.421091948653506 1.0140176462841066 0.32857473046275704 1.4434477371245131 1.1718034589678952 1.474281759364711 1.1752738708853692 1.2237484863204144 1.8570041847833823 1.4698894895879817 1.1005611609383543 1.664696774137324 1.4983795614511515 0.7958685065184216 15.26892865581803 1.1374785026597811
0.9973493911269049 0.9281189738175801 0.9998281609891606 0.9554273425867289 0.018540650535281422 -0.1722281632910545 0.7026532490195294 1.0864554678046674 1.4041348361678794 1.3515423706266236 0.8262909003383903 2.3838703227115228 1.5777744481718903 1.3063615480384005 1.8803570687417621 2.1403878606873428 1.0131437282614075 1.4539282424047866 1.3487446663724463 1.3149687036963598 22.20309125980365 1.7943188329148914
0.9965915159708654 0.9897331344141791 1.0053969268724798 1.0286313181997924 0.26999092114133433 0.05338577962047192 0.8531613076650114 0.8039321411938916 1.7695588947171559 1.4157539322888044 1.1957906879136175 1.2941348956169625 1.8405404355469752 1.027430828209312 2.0592734973842086 1.2687661759353845 1.1106035827367884 1.6939772529644803 1.6511373559524682 1.3136399343432723 14.93239418730931 1.4169967854552739
1.0011151398398832 1.0204663210503977 1.0090718909709115 0.8499653347548262 0.2649393239095173 -0.17870868437348122 0.14380522709501134 1.071754947750632 0.3824529507788265 1.367635962836398 1.1657457150075363 1.4794547525688266 1.125593545225961 1.2660958157949196 1.7568323043225003 1.9432803381386803 1.1631964969910702 1.7217338963173745 1.827602745100195 0.7566976391467238 11.038268696893205 1.0499019370593716
0.9960684364798841 0.8237758622881919 1.0040970398421223 1.2227958299911434 0.07136533374146714 0.044574038917885084 0.2648142407111456 1.0505600752538173 0.7124715013537356 1.4289989596462962 1.0391907013127293 1.7468372832205323 1.6997483732237395 1.3379709355370555 2.052145120218629 2.6049761873881514 1.0959636083090494 1.7177188805833614 1.4287112728483766 0.7678343996017745 5.077453605450707 1.4743185221809498
1.0041249304446997 0.9813136806877132 0.9989917155807257 1.0326786783092619 0.2346002065956217 -0.02444007173497431 0.42357013956060274 1.0805933268270902 2.3159020227517355 1.5044244747509472 0.8185765466990614 1.764071536003679 1.6965458411586516 0.9667183568190845 1.7068571956106307 1.260830159777653 1.4595417731869063 1.4465932520831326 1.2933682906524484 0.7059055638292557 7.2258066693547525 0.8687870294296882
1.008484773096124 1.2336327691121403 1.0008608392864953 0.9188973109410576 0.11215141511813825 -0.18557321469034718 0.49122293250520277 1.01556909012549 0.8417195598943304 1.3656150752852427 0.7491749515801165 2.2827392750463256 1.9924426386547331 1.05520990247784 2.053734275299131 2.2280675475967304 1.6867044812069383 1.7356638246381546 1.5828776854975426 1.0095729773543034 17.909924200735926 1.143776974914162
1.0036814233505214 0.8216864591854197 1.0092198342319012 0.7920057851301212 -0.15304502538225168 -0.29123171816078086 0.5682895902834687 1.07829250344395 1.5491958749436565 1.4554983018366126 0.9781310289914957 0.19306007183113566 1.989052383257519 1.292394476639706 1.8135690709937196 1.205995345308133 1.0207966538133446 1.777881551248649 1.4485975753497475 1.0262259246891468 2.6534948669693663 0.9853147922291994
1.0024871471011372 0.9270721552345101 0.9979436287219847 0.9602435589827369 0.23557085837756747 -0.048466790963847484 0.1318127016875075 0.9147876495887213 1.0824101147217482 1.5596066821552086 0.7386742166318111 0.4614831085843713 1.3184157168946866 0.9756921427592479 1.9164485508183373 1.7442154511473769 1.44569481291422 1.4936364091127068 1.3782250293951912 1.277857448843616 6.438269448538512 1.0299017215286477
0.9944375703147031 1.1481920862963246 1.0058680882143514 0.9620455840770242 0.024355485020868428 0.2176442141991684 0.043990466897165514 0.9468383590264963 1.7190941522739325 1.5610042824964308 0.8915756094204952 0.5637310465865323 1.9126394664191804 1.2443441552283119 2.0401707367840127 2.1376214475111306 1.2171128456729243 1.6532649462063345 0.8744183838940878 1.3705855963885942 4.683541036179836 1.4826519782771221
1.007780840621417 0.9799488259355514 0.9946783361308817 0.8339419593660418 0.13124056215631968 -0.08277947693937282 0.20931671067752156 1.1032317071392626 0.11916084989661582 1.6819621751590867 1.0844346544838737 1.4072233581145102 1.762531740403466 1.0906263883719418 1.870369533195546 2.59201226404546 1.1504856351423838 1.7205407292931443 1.6060333952322488 1.0570923384988766 6.851959372339768 0.9125901286210938
0.990164929087983 1.1882891755015295 1.007439134853202 0.8431956089292597 0.05940498747647155 0.04624680837044204 0.7197735118450201 0.8394809359613963 1.8089436509307077 1.6561831136839837 0.7906330535416556 1.4420458766434414 1.6717730268833397 0.9832699177141203 1.7877660497058436 1.3860941630775543 1.136863484082153 1.701300366064928 0.8519824423785722 1.3292855178946166 21.608110237632502 1.4155942408872422
1.0056084498222726 0.9582073544454405 0.9986358390798216 0.8298466053008065 0.06731811982077163 0.15111583275802803 0.5768809830863973 0.9444305788958806 1.231841306819159 1.320595998148709 1.0647106673783204 0.37210024022026905 1.746575054779431 0.9021848949015051 2.0365196768706713 1.3047881759244826 1.553507244652058 1.5315501912199274 1.9376586450571547 1.0066771458159822 15.184479292396617 1.7597852675931394
1.0068039967536115 0.8121790615221044 1.0002733729693756 0.7885623866362818 -0.14461904607307177 -0.27121414567455826 0.7493971371705603 1.0677751902103085 0.4546186297129716 1.595165467292499 1.1108630894459883 1.453495236923593 1.8691331034870684 1.2632899144406142 1.8369162634940444 1.2027163066187003 1.3567084124536417 1.5698968446325496 1.3968199097709841 1.0309015490568492 13.443194509232708 1.8179937875736358
0.9966680530653688 1.1072085762993074 1.005442354987227 1.0732467050871142 -0.24252546711877104 -0.09618771211822066 0.9141667399737298 0.7940876070626606 1.5378994857647852 1.4735113446901724 0.8242323582572592 1.6179695014191466 1.5277681605148836 1.041588140570463 1.815588366234793 1.4443052314477187 1.2088523523645622 1.642130556048745 1.30346212028014 0.743022737903196 5.186681293340842 0.8523866855154012
1.0085903050415652 1.241111345040578 1.0047997392789714 1.2417595542563096 0.28126844185264716 0.09630943704233297 0.18477616244502182 0.7777406373713216 0.918028179812872 1.3360700534052827 0.7294763984805487 2.0692711610797767 1.1233036829040144 1.150852517723596 1.788486287394619 2.4566866967306193 1.4264012795908199 1.6468047525415537 1.9741256174093897 0.93865662867225 4.936393997288567 1.319640599973445
1.006035831175556 0.872834786611593 0.9973533083486322 1.1900048927307962 -0.05432765668765091 -0.2137234570775116 0.7105934803955286 0.9791645246160863 0.9992691379273329 1.4946415602679535 0.7152331476217177 1.201601031339643 1.9904786810144728 0.9582471785927116 1.7429888755312233 1.9036262715406242 1.1965459245449561 1.715299528651718 1.7435469745169065 1.3354099207669217 4.467838272421572 0.8436943606355016
0.9922814651589732 0.9635021936182941 0.9947015786805716 1.0496172691560604 0.08291465159542116 -0.13455294108875507 0.1301119431583715 1.0575836767886335 1.7157503979435398 1.6411638213978224 0.8384311811768042 1.4606098328975328 1.3331337349999004 1.0637070150240793 1.963922136992145 2.536133998989645 1.3911712633906133 1.456570035267451 1.8906556374089158 1.1719175789247172 14.54762467442518 0.731483364400184
1.003194633594825 1.1198744399397422 1.0088392276686051 1.1522695487317245 -0.09604592257389613 -0.1442733166721057 0.6050711454548692 0.8755816865317902 1.089121758335085 1.5352654665029912 0.9852116707738723 0.6383758282806767 1.4049989095842437 1.0457760405784147 1.9881368483473698 1.5893113355720216 1.6065776971104473 1.703903449650896 1.8426886760476338 1.3026520602481284 17.229622281194363 1.56567237284844
1.0011556734837146 1.1285108773097687 0.9910738579522419 1.1496540763954748 0.0914727828515225 -0.06733197680688494 0.5507158570335272 0.9191807649384205 0.5202544791667449 1.30636116807747 0.866332157126651 0.807400470498434 1.886523095505956 0.9067966983853545 1.7061413954621547 2.530274175691497 1.6509661207362196 1.4549303270563394 0.9620806818083458 1.2262353555541905 5.8747571187076595 1.596086305020366
1.0058779991113467 0.8465782924290308 0.9950119459501683 1.0357352864003444 -0.20960461417344162 0.25425209626032724 0.973144510171077 0.9986453752168978 1.2958844354910921 1.7127861454261613 1.0344863248598761 1.6566347586439862 1.7333054473831147 1.094378080395718 1.8991142952707623 1.299147216211761 1.3975612443556322 1.449393153431823 1.5269315770463365 0.8877890215877062 14.822623935371055 1.1381102350796137
0.9997796471833341 1.107972455901942 0.9914992772848913 0.7836554453793737 0.15256721409858676 0.298719437125145 0.9784071966214256 0.8991251663000714 1.687179812836945 1.3118395694652398 0.9394547657519664 0.5022834666267435 1.833676139169118 0.9298374979872223 2.0670682552877913 2.605611403470582 1.4194425478651864 1.5424597638317419 1.0675456150152312 1.354710304805777 11.976865095720587 1.3109465950701793
0.9942276289452632 1.1263921287051555 0.9931929630615302 1.188303807147991 0.08269814088942129 -0.012489970849264675 0.23294542766709211 1.1367109921677943 1.4979603643480848 1.4071851692779074 1.1148860224369277 1.8224694606383876 1.3856740063659023 1.2886045310883891 2.002052323064444 1.2006251495490654 1.137248784482657 1.6319926815528651 1.2578924355521828 0.8244008063698722 15.212041929690592 0.8061032654918002
0.9987105925278164 1.071559383401364 1.003017800947418 0.9350991820410282 0.14113253694980699 0.10585753691671645 0.6260086313591157 1.0105086107884897 0.8013287444867818 1.464929990968099 0.9322298267191514 1.0788761931094228 1.4237719451177893 1.3090842153108333 1.7776574450427558 2.430871559820561 1.1299221539463544 1.5813214608965989 1.9189707923439197 0.822890829415369 14.649308396545926 1.6950558888507132
1.0054634217841427 0.8422499518437748 1.0085532878616628 0.7775581944625832 -0.13136944679410076 -0.13770273978210548 0.9177174653628892 0.7887854317151528 0.6809209470626606 1.4862300478626507 1.1967103545693503 2.1618133605528906 1.7034973541026892 0.9627589344457432 2.0469683089583524 1.9127079202346553 1.1273098247370323 1.4477269825215282 1.3011891110855283 0.7044689948585088 15.420821416239878 1.2383684463748317
0.9904715873576884 1.1140353373923613 0.999599026116401 1.0208547796870255 0.21244079798089083 0.1278191084155455 0.5458877257513193 0.8935106548736458 0.3009281252929526 1.704374940889042 0.953421992698046 0.3709834334356925 1.3542798956934972 1.1622294075339556 1.999912632559532 1.9328463837874519 1.6545600587212737 1.7840427776249301 1.6775068311000536 1.1154378705508916 4.037805924062974 1.098113697206009
1.0045222250830748 1.0790707343023946 1.0045004884210105 1.0317691680735754 0.21434806142745316 0.27835837166909144 0.6550064018533055 0.917147891495295 2.062311290577267 1.3278614919391085 0.9958480251511274 0.6550211432502949 1.6613397857484236 1.0853076474777128 1.9885842682092347 2.1463357665812084 1.119794390833313 1.4429455613772728 1.2530100411130833 0.8966458541582181 7.6597704795659025 0.7447624420023942
1.004267017248214 0.8063325578898508 0.9964730669301571 1.1303418815943556 -0.2798548712308974 -0.0763782723745943 0.6948282166550261 0.789896394113715 0.5470226777318971 1.3663392021746756 0.7815692810812531 0.999839561996816 1.9824902405464333 1.133973226601341 1.8641407512189254 1.783985405906995 1.2364983007468255 1.4830660632759813 1.9345212048486382 0.93404622806089 6.802665499932723 1.236943749878034
1.0050374909287805 1.2188621580134775 0.9919578594365591 1.1392451745042274 0.19544689550441502 -0.12141624712554863 0.8735390116707731 1.0403036461139936 0.31655475026338475 1.6571014509661322 1.0599900486569571 1.6670211168881983 1.9066408831576467 1.2501526694756842 1.9809272090136014 2.2746120954588855 1.058086953953808 1.6066977825014943 1.8098630002075125 0.9428307520137563 16.046072849381183 1.839753739740893
0.9966069423843757 1.1873648601995574 1.0018635311464943 0.9538244135207107 0.08485240967226382 -0.12356027238361941 5.0869939408552335E-5 1.1231414503578154 0.527917236785846 1.682499994269156 1.0351953405258776 0.24567873937900273 1.6134537113175427 0.9231002062557503 1.7594172856370636 2.581988302991747 1.076535369937452 1.608362411910975 1.1509699875757309 0.7898236527774974 8.297637042827624 1.620782198923563
0.9972903586005042 1.2488469637682416 1.0047734095282423 1.0963542368261805 -0.02154918804774908 -0.2710079163678726 0.62326235287457 1.0945195653808675 2.2743199940840904 1.3887649671366058 0.7969063771669116 0.44831959107199104 1.548199846589716 0.9577001200144348 2.040630279685162 2.5945632488251085 1.4924006218019878 1.674750879311138 1.0190332302517746 1.1087477589965418 1.8835226492847619 1.0978170930372542
1.0014326295984886 0.8580755356187342 1.0006763523135564 1.2382207359635353 0.2122329971265267 -0.22829099277295434 0.77643426778405 0.977595908421658 0.8225230452878046 1.700052733087411 0.8644430153441679 1.5941258392060655 1.3061785089973612 0.9159731138504076 1.8402878016857251 1.8397193104479732 1.6132510570476697 1.7021472401766895 1.8146484994806837 0.8577082131563483 4.765956972735453 1.4059792314069108
1.0040741697393354 0.9988221838398721 1.001439716753836 0.878981053603028 0.05734675433983061 -0.01168338017454823 0.529514739955006 1.0764741708989256 1.3284479018315003 1.6395572115678845 0.7056901837619403 0.9940819620572572 1.4752560298945219 1.090230146261714 1.933777287069263 1.8083113921071257 1.1262252213980737 1.68692682902635 1.3956418319828063 1.1624441195248214 15.642705651949683 1.5572949009338939
1.006756615391822 0.7900057525050475 0.9945021531178135 0.7635314357708123 0.2583098950132266 -0.08054670267025113 0.31545123934887226 1.1308369941792185 0.6789836181937995 1.3024791406857854 1.0329517682783873 0.05897853030193867 1.5078743957395309 1.2199318134386958 1.9428057261599991 1.7347313625661334 1.42318087725362 1.5559500899387486 1.7677004588114062 0.9278930800721599 8.317498150828971 1.5913116392247486
0.9962672538053928 1.0124787358384493 0.9972833856808562 0.7664099183040681 -0.2308259222064612 -0.014641457385205392 0.27211168668722113 0.7695480526657114 0.8043150409683368 1.5811743934812128 0.8028212298993181 0.5150782900916245 1.7547068407049757 1.2556331991578307 1.769280858087139 2.413476048385487 1.2810696939482416 1.5405681858926605 1.400285045186333 0.979581681785874 18.421392977823956 1.604138846698411
0.9943001729880854 0.9671928789942834 0.9960006932454847 0.9098823724029452 -0.25981429663792144 -0.19213802549268943 0.38252911756517016 0.8953081316231076 2.2800068272022243 1.5153024939240036 0.8088216979798455 0.38745946358177946 1.4125597753753083 0.9636662401496161 1.994473352470362 1.8573316007449399 1.7709729682741773 1.760321223022423 0.8464955437707089 1.2114736136524868 3.7098295072500314 1.5957546183345457
1.001964746191151 0.9033952766959825 1.006469460086781 1.0084147166010928 -0.29413666182421516 0.05174178271701729 0.8116853340275441 1.1097021532548474 0.5244813673533802 1.4972408587018762 1.023083143417091 1.8799392727217168 1.3580459951498665 1.2733842309339252 1.772510594757775 2.5626937996471177 1.2159920060369867 1.5011826279081348 1.0022089951156627 0.9030413738625885 2.681877130410566 1.174962795070652
1.0092001161283342 0.7754430099489225 0.99849330559835 1.156726684748311 -0.28033245911284793 -0.014167330400176481 0.35654263711803813 0.8340041036340301 1.433562331474255 1.4145109734948749 1.1565234304647598 0.444830084043102 1.3340263835839856 1.2507038533911496 1.767734557185641 2.2685841223275327 1.7006753795929928 1.6477491202845507 1.6548869848773202 1.179544833850537 21.195385658438454 0.9909150688805242
0.9994858122649201 0.8291963504056743 1.0063104381143528 1.065176407427435 0.22332595836736951 -0.013781681587437755 0.8242277651048017 1.0745177429528032 1.954785387654734 1.4695687044576833 1.1495813787528828 0.9399497897525655 1.4351308476302043 1.069630369245859 2.0093205918536508 1.352213081099038 1.7349612302005495 1.5951388043769226 1.1327030413510193 1.2945068484644668 17.15516264523876 0.9560449860850434
0.993597309898744 1.022377223335087 0.9997232908475858 0.8107196745114693 0.22070297010146206 -0.21755436741334314 0.04111183625858633 0.9346381150910773 2.0792188394241657 1.4566671449568287 1.0611608486196638 1.2187069663053662 1.1442347745065065 1.1691866276125724 1.9595508641422326 2.154415398449201 1.3929646058824732 1.7796407809578896 1.2633532261937859 1.250583779067154 22.353557928705538 1.2234254184479727
0.991151582676754 0.8011520530771924 1.0033463479416138 0.9665394448846927 -0.2618083970289774 0.02252614418917498 0.8768970261517974 1.0555650523925255 2.2138506492271777 1.298726736331847 1.0290329505817508 1.5416236802818948 1.6046391516141387 1.3235159074720158 1.9309829571296244 1.387572640029188 1.040231900701155 1.4696028885524732 1.7824077779281318 0.9546391492375441 16.991599351063435 0.7605076743217389
1.009841319336593 1.0731941997042258 1.0093059977057413 1.1447227946506455 -0.2649351154293471 -0.2062976080587448 0.8498466627198227 0.9106437078066126 0.8480751634267931 1.5098573659835917 1.0785176784832664 1.9147033529789887 1.2102401406808712 1.1785631944400428 1.762971473713587 1.6691255116034078 1.0991163607348258 1.7857794391321595 1.294625049786069 1.2361815034871313 2.5834097935946487 1.552390672034011
0.9982679704391583 0.8246710496505335 0.9903234680606173 0.9091183783618939 0.13458549976890738 -0.28913326867746175 0.7336305715207652 0.8583368685208312 0.27065999637043753 1.3420654532614 0.7781740791516668 1.9634546350881925 1.5561386611719072 1.346664722770658 1.9233833908353626 1.139401592511552 1.2535111733152466 1.4669449289480507 1.005945636429475 0.994981991265141 3.1543267556951857 1.5135516781247422
1.007172837511816 0.7773040592921818 0.9970706291713957 1.2167078671125466 -0.2573380150181004 0.27868399973566743 0.19922534320001506 0.7921044062565182 0.6480856632722497 1.514154207795019 0.9704672262212082 1.7573281130604796 2.0074467811643864 1.083735705796634 1.8169954154412231 1.5972009614175862 1.48459808305713 1.5878767973818024 1.7016177097386853 1.196185265004941 9.107189525039209 1.2425100953548605
0.9925695559208387 0.9850982395418053 1.007633490746567 0.8370254477347149 0.07493069786089968 0.054699514492452084 0.14847216287460982 1.1028511989849439 1.0494562731079702 1.6809285527419553 0.8584855822977959 2.3872417759237594 1.1528542286525458 1.2132021110508475 1.7243692584728068 2.2461995921727977 1.6979716626521766 1.7276794853724777 0.8541392477700075 1.0428851078214942 23.620206125583955 1.4105928572157167
0.9912208016161126 1.1108263491088728 1.0086018515588762 0.7707214235901659 0.13828028432312567 0.2599384794727227 0.497013460851132 0.9934206036459936 1.6537744279048754 1.4466139050366198 0.7971211898537166 0.1322693443717138 1.8957822388275871 1.1583833318724843 1.737613178733231 1.5263736091967397 1.6164431382798234 1.784358023149995 0.925428613203183 1.2375699854138753 21.334963115141697 1.3869292864382254
1.00742352088713 0.9308923181595474 1.0002000776283497 1.0484200072262977 0.03427155764105261 0.28362562010213094 0.28528070745006195 0.7674891334122855 0.12332480751026607 1.7090931240491152 1.0959864085238635 2.2760648979874305 1.5810249451846046 1.3349115001865552 2.056474523307399 1.218452873118753 1.0543229124696185 1.7324537400723443 1.7043331710760898 1.0819279115159173 7.337621861196552 1.520495908985394
1.005896263408596 1.019075016973817 0.9904803606368181 0.8319684375610833 0.24263496709824145 0.17263444460450056 0.8017314824542614 0.935513003550423 1.1202075716658795 1.4161993578618846 0.8269457808341436 0.608850162221311 1.2037475673202196 0.9126192542858433 1.8659332759563776 2.3283382784968003 1.4570021879673027 1.5732348037204933 0.974547695030775 0.7773114994599308 21.04953406867278 1.0096283603243905
1.0096158947892784 1.2324209620119655 1.0096714366848927 1.1279484994174211 -0.05214893940788523 -0.2673580847020649 0.04771070617158232 0.9703517189328241 1.590812906493092 1.3520938371071194 0.7603772429213872 1.977599569376188 1.273827983420241 1.0587958490576825 1.939165046536699 2.1231589132602413 1.5608801215075643 1.4357054236942273 1.1723622382790948 1.010758422540357 13.30614868905504 0.76430865667158
0.992793293748361 0.8651641936974923 0.9943342932786334 1.0004538749928957 0.004263644147846968 0.041233875044481505 0.7464655027363818 0.8077711457650624 2.0338812398296757 1.3785886827833946 0.9648235475932196 0.9415740252712221 1.694472948545846 1.3517877314399778 1.9242548435434161 1.803626424492721 1.7359061535532234 1.6755590247807453 1.4142678479491084 1.3509601455518199 22.952425475977613 1.0149918779363152
0.9902610900383958 1.241631373915863 0.9965936848683108 0.775679041131565 -0.06869382757647946 0.16207076500262851 0.010074534759071802 0.8836774242046347 0.7539529256633758 1.3718582219421696 0.8052480931083561 0.31411948207879364 1.740461123270289 1.233300860819777 1.9957050069649689 2.126929660026348 1.6176823062809815 1.7117735759191892 1.1448940715077738 1.0334221073879593 4.910344425666194 1.7561785531526104
1.0045179290353097 0.8815698994866583 0.9956656600024434 0.8086948005150543 -0.14355682777364315 -0.24089398126420544 0.8057790086269262 0.9748664399648089 1.7479906536334304 1.6372619993277053 1.1263672033383343 1.9498662460985399 1.201773467951003 1.1578899628885813 1.8235847579021398 1.3608825399620579 1.364489195362937 1.7065737347964194 1.8333306220078986 1.0546701041406616 16.31942048955704 1.7154125337415422
0.9938137022451604 0.8795511662450038 0.99680263894448 0.9114970007347445 -0.2131386814525451 0.15547975353238086 0.031101039393775346 0.9536729304318533 1.4056481801448704 1.4875493404079483 1.123169046901266 2.2862432448435075 1.1302247271320374 1.0235258185375926 2.0228423539855265 2.196940785910441 1.175575687170916 1.7187696527996952 0.9583287142900494 0.8598815689008172 5.114298667357176 0.8865489155284927
0.997973781606638 0.9570220343390745 1.005164519531755 0.8837907594179442 -0.2611716969931295 -0.29203347310051897 0.7828771457834682 0.9543678340103083 1.6492948105245682 1.6534743953181588 0.9732389608363043 0.3162755378997631 1.2969205046104013 1.2861949282962661 1.907523494302855 1.5880071955207231 1.2962852236827465 1.506768820574213 1.2652243032101236 1.0931804086924435 6.823234616667754 1.7510311523628863
1.000211403799708 0.8092317983825623 1.004539681892617 0.9797684190200242 -0.02412282059649279 0.26876493919459904 0.6124398216156778 0.7687222527605304 2.3344280062623293 1.6211619122141103 1.0372075336806934 1.135924198092818 1.8532747196163804 1.2612094959365923 2.024461845167318 1.5545706951845897 1.3745498252595914 1.5099945462370932 1.317143266920306 0.6994160948769133 22.344340462362723 1.150604062786785
1.0098712302366284 0.8049962069822418 0.9931619824406309 0.796850749483229 -0.2506692706607112 -0.026012777763132655 0.424066222005964 0.9193400491527468 0.3052844079810898 1.6494501020478989 0.9229968482431985 1.2053826264151508 1.2260803960767432 1.1193993545588157 1.7266843369764815 1.4128902993776902 1.2115041121640169 1.426444328454021 0.865414377950157 1.1145369827771334 9.351178735982739 1.1686145035701117
1.0074922420383843 0.9471397489506325 0.9920148908589268 1.1788152037753237 0.12729095071177143 0.2954742070659721 0.09391048594424428 0.9428146578253078 1.3911441437381384 1.3843915486151768 1.1667838277829992 1.3490060339575327 1.9812170939822626 1.3559371295288565 1.8709844783411365 1.927283750048384 1.2284197678651954 1.584078684043079 1.4349740485669549 1.2679259461706986 9.447213063954013 1.1285392552423894
1.0033059133930178 0.9295772907321694 1.0086582591275386 1.1821596979127056 0.15677949805935731 -0.2623552892898661 0.38658473286529876 0.8258577673781712 2.2116737078819853 1.3408707360595336 0.9268089374444212 0.8740480459416483 1.3641733882507465 1.1198783906408951 1.9770142273266353 1.6397336930557116 1.7727435238630687 1.7555795617340713 1.8412956050188258 1.33988143876777 10.015245065518624 0.7673589266949582
0.9917773039763562 0.9822996631330366 1.008107761561314 0.8353954867897442 -0.24159225151675875 0.09951352508177647 0.13500658055769788 0.955459165148094 0.21588235083336862 1.7017584958942917 0.765376212964441 0.40271247107789615 1.662442736475201 1.1236999042393403 1.709609550023707 1.6173333483850834 1.6847960059174478 1.6795138808260524 1.614189095628638 0.96226517128481 4.171058966301686 1.496136918751762
0.9988286282030221 1.1950719939995569 1.0065595441502968 1.139532208070698 -0.11988622453066056 -0.09529552651149509 0.3352022464160736 0.8725058416500989 2.2902426483476583 1.3991220371241977 0.9275045553921601 0.5114597692427529 1.446147384183352 1.0924425509883928 2.049372393333652 1.879962711586994 1.3961640117562863 1.5719832455958132 1.9388716855226977 0.9802163871230177 9.702147109929701 0.8611691808259675
1.0041547033234715 0.8659687082183708 0.9985899816772668 1.0264609023424132 0.11646965337827286 0.036175963524229804 0.953291319983634 0.7903214493326657 0.47758557432063875 1.5030925250545064 1.190927007877255 0.06935950054655593 1.5650802137798663 1.0843794828012783 1.9026422100200862 1.9242399116476958 1.252319004617814 1.6124276187897109 1.9727767526117765 1.3340943637726093 23.483584510544695 1.7192124507884363
1.0025493710473246 0.8940952645012336 1.0054743265013957 0.9170482909882341 -0.19711481465694314 0.09001098519023443 0.8528494247403263 0.9768227098944152 2.0761885954100143 1.6481735654793743 0.7694125376687496 0.46672224313816035 1.751872134108 0.9222138780529378 1.9320589183245322 2.0941797922871257 1.5082746857876097 1.4426474656232868 0.9596583315027012 1.3576979601033803 15.005222385047187 1.741531601962994
1.002652252817257 1.1651642707447438 1.001935786099396 1.0946325673481185 -0.2400690403687639 0.03133970083507359 0.5043041432302411 0.850114672427486 0.8728628775615415 1.6111309970341885 0.7437605856987566 0.9818964506138443 1.6778569740837184 1.369410854624205 1.9409826975353601 1.4872277026290122 1.3881153206286294 1.521463900654872 0.8610130533515811 1.2398847609541936 20.08115701740529 1.123890411284911
0.9950442604207963 0.8999904356990226 0.9961423742921924 0.9051634972496188 0.009180619264818723 -0.148805806061672 0.1551629118850583 0.8357048428607539 1.0343992141539708 1.302205770433619 0.6902899842923045 1.5852935544050586 1.962819148739189 1.014463540839994 1.845681533636426 1.8760875857780328 1.4669194358161637 1.4923198846685246 0.8197197580586109 1.0150988760183501 18.044938464489086 1.392806954355441
1.0070185177529922 1.1165146276932774 1.0028303896919348 1.211785684868823 0.054345072066450006 0.1374642912854086 0.9800905272933246 0.9485732587348814 1.4324669795358982 1.608681308477328 1.0416606977862926 1.8531341220423234 1.2349869150863813 1.3179107625245894 1.8314631884984491 1.394917840901003 1.4581473904231013 1.551363628035239 1.3468401164386474 0.8473286808087872 20.902373811884534 1.7329679043059174
1.0052997865503315 1.0321456855892817 0.9941735932440044 0.9378405645133304 -0.14036206681863256 0.24876758313577757 0.02184082880487311 1.0161324511745888 2.3111834889777247 1.7133292075359912 1.1827962005108386 1.2686666413397243 1.7680033086970997 1.290047705217367 2.056026772492948 1.0967897077671798 1.5276856336801963 1.5299133751415355 1.6940693196292733 1.294368322405899 3.2920133743745206 1.1257258607881795
1.0024033887284873 0.8767120343454193 1.0061179390685497 0.931534688944143 -0.27408300409929887 0.28687268094911306 0.48087774527063454 0.7856540539032996 0.5611444681219014 1.572292219236957 0.6997840053496915 2.2142459291850085 1.777407161443183 1.2163848958985601 2.0234739413455514 2.416602033257715 1.1846807357317393 1.7327437954479303 0.8677786635045891 0.8549816947234563 21.49465735741383 1.5424019025602937
1.0015897818928896 0.7553928650546701 0.9976417585834952 0.9699431616046542 -0.04232633003276309 0.19916079620860455 0.930380757888544 1.0509110986125714 1.9372887102853014 1.6067551276720802 0.8773927925940782 2.0570992898344933 1.8655846864003627 1.1341459081400136 1.8741873160369957 1.8647950901391845 1.1120570553380775 1.499056188783827 1.6170667298141816 1.355410976693733 9.608048933125536 1.0660320512847545
1.003343233411857 0.8751830809779345 0.9989437915316348 1.2470682603670329 -0.04991531482020045 -0.2465431014759705 0.3423982045139595 0.9548681142959276 0.6245730635143532 1.5914533556082944 1.0838520802318932 1.6652478767368113 1.9486466011170502 1.1011421564959356 2.001036523394153 2.2621958623970952 1.4366270490843729 1.7072389843402238 1.9279543041001748 1.2770944877708106 10.99586478300893 0.8450045008356415
1.0025929215200902 0.8486346967806269 1.0028688350266228 1.2258555805512974 -3.4286092046714733E-4 -0.16051199181403378 0.7974770613053089 0.8972321899567597 0.9219637174434097 1.4845181032590624 0.7706513636417966 2.2192794699446816 1.598857115094817 1.2967774981315885 1.9384054810909648 2.281804947854371 1.557106350726019 1.7128156239510781 1.1163422438105468 0.9218329869446747 21.83664793597304 1.053335938787008
1.000807074551915 0.9233037412593633 0.99227002754471 0.8714644488537094 0.10474038986220557 -0.27754702433719314 0.6355218046443813 0.7711448105480585 0.12084630374018387 1.548596997530024 1.0716497647338519 1.9257619858701933 1.7454984982470285 0.9056500398541968 2.0177092964797065 1.4209891478419627 1.7500703479694935 1.4804723768457135 1.4848905823622323 1.3363997129821814 19.70483728431188 1.2513400957016265
0.9931422142562875 1.0371956614620794 0.9975001261930194 0.7510579021491282 0.005335235054319432 -0.2871448629938573 0.8291884235384548 0.8401557487100074 1.6624499314631584 1.5604873018649696 0.9563545119794667 2.0098733814088785 1.1729862725909896 1.1896968686212421 1.713277947493574 2.0130556869856644 1.608882986428696 1.4398936188415576 1.1738904823322045 1.0411461595677323 16.233843830720286 0.8807850040170082
0.9915098697087795 0.9345557822399679 0.9925233066800506 1.1988398902174406 0.09207713484402336 0.06997690053476746 0.5861475999165121 0.9091218413377802 1.199922612735496 1.3572307152281649 1.0491468249236622 0.5911079647570673 1.9459031655138608 1.1641202578940346 1.9869835590575955 1.5154529583736331 1.6378123830239446 1.6384768368072813 1.6619595434694077 1.2897075052337073 22.86967617503183 1.684706275266006
0.990042545142286 1.0480055452269204 1.0005380248231523 0.8150458977442959 0.20340046466014977 0.27074978519843057 0.390526964926162 0.7647883066860933 1.8233866042568414 1.4891581156593456 0.9656339072828486 1.488963744960696 1.8241441210570488 1.0353105604456987 1.7572575224197398 2.1573983476023595 1.7064781137924356 1.5042576368762794 1.337263881313892 1.0833105993136138 12.030220884450166 1.702804714138159
1.002395923707452 0.9872159542682911 1.0047499512973586 0.7585370287004394 0.15646246732503094 -0.13275618537755254 0.43162835691622414 0.8855982038602264 1.5336444133263223 1.6224885902620783 0.9675574617023259 2.151297939897635 1.2658443488401419 0.9727922040755815 1.930665259031248 1.8190801362564297 1.134720072446701 1.4349953488446026 1.1872375062306166 0.9702922561988387 15.585703126046344 1.5704686286784912
1.0094099109641173 0.8442853338469928 0.999063708448188 0.9883708073261863 -0.1642905445116182 -0.1276237600252766 0.9243968235654308 1.0135053426751828 0.5306345739054513 1.6556041655699212 1.1465376979476822 1.7790488112263367 1.3248340319234486 1.344854321972356 1.7800172267714363 1.4550851031129057 1.3303173586170152 1.5161952634836762 1.1240150661191568 0.9064177447656415 4.4084661367598335 1.0706802501147037
1.0099461337184052 1.1819117846335032 0.9991835613812532 0.8278390536581419 0.2075100435540635 -0.2336189394772512 0.9080362251055676 0.9071077368614575 0.758497062273023 1.3647999729326081 1.1088858805926782 0.37872207442276 1.7602506443603003 1.172241929586236 1.8114269741831523 2.5892840972570648 1.1312954073128907 1.567147794528828 1.1078656108273353 0.998907159862626 9.431555433409127 1.8059455452094433
1.004453378801287 0.8295659868797263 1.0033254829617761 1.0280875212120697 -0.17630258568106083 -0.19145701809811694 0.9072430423495227 0.7715133314466355 0.26950288129424493 1.3485486274848983 0.7408078815679364 0.06508442489858066 1.1701448830935839 0.9002962846283241 2.0641264559007153 2.3969448882892435 1.4689136090558201 1.7522031018358486 1.2819724021680512 1.1614584969975046 19.866563595728675 1.2318348616385615
1.0062936250894285 0.7968639498394913 0.9957506273205047 1.1290795357145684 -0.2032434927213738 -0.11997257496078248 0.9766562298152385 1.0192625302079419 0.512743484764813 1.573567455633005 0.9950398782161797 0.4729827030668322 1.775743991930809 1.2849108996006753 1.8474688655225635 1.576616382829212 1.414237835758455 1.6198760612335465 0.9018700309258914 0.9358219846159732 2.20651521877432 1.7016229771603826
0.9969024366157703 0.8508126195903053 1.0066528504004968 0.9606710011976617 -0.23438337258446396 -0.2563387013955109 0.5857745260111182 1.0242871842525743 0.595436119181752 1.388325510976343 1.007756668393968 0.037717812558231145 1.9423466680140766 1.1180443587415891 1.9041067370820988 2.5828353792300125 1.7838209937709937 1.5858675292963076 1.64264740997042 1.1805685506623924 23.66640403174332 1.0799307806614253
0.9938883823589726 1.068973892898969 1.0050905517570599 0.8204072993657475 -0.2575224379871376 -0.24469806666854713 0.9773160844006257 0.8821837898064976 0.9612048062380034 1.5040027787819545 1.0710576197579025 1.1390152777541092 1.3027948620316825 1.094041970542213 1.7016396295731502 2.3342675636684853 1.6634686313089975 1.7393034308142716 0.9843333013558884 0.6983403800358221 10.918873023575987 1.7270638579486022
0.9983768984985434 0.7992491028891933 0.9917975180079167 1.0634119664681947 0.25084091263146163 0.2884697823582713 0.734424575624304 1.1129151106065556 1.665072604544281 1.603209891326918 0.9425191611913044 0.17677253598852435 1.9338357030702698 1.345461177785765 1.952990126572935 1.94112621341726 1.7641655628091426 1.6818773843528825 1.7849898351347204 0.8512893065858579 12.489383898851145 0.962242123919133
1.0059073093732074 0.890876272348861 1.002568308746301 0.8386860737825736 0.29521104468851217 -0.14819998684419378 0.666367075441934 1.032679267847094 1.9112187752518772 1.51374102683007 1.027365787546359 1.6888233946461901 1.200361273636455 1.2320602688429076 1.963521818288616 1.747981578030978 1.3279885170326922 1.7401239158542463 1.418249627697713 0.8409206785966423 9.66011820397796 1.634596616588009
0.9987627758070513 1.0497426360342823 0.9996433298170431 1.1476988721139951 -0.23515153797683608 -0.03961134190223259 0.19465446207339096 0.9177392481431789 0.7449517082538689 1.620896255135051 0.9852990004239826 2.0398965259142807 1.8181765760049355 1.2957186289259965 1.8319524150665172 1.0977183150585679 1.2998380496720692 1.65695750557446 1.5067565551536968 1.2154886817220043 10.844877839479722 1.683238493538366
0.9983398731224028 1.174658955645641 0.9956355958122806 0.8056518806220384 -0.13273532155014878 0.1490395111994151 0.10288715289970136 1.0996273674465558 1.3779138668621376 1.4358165029922645 0.9205308085450876 2.3063298961548884 1.1741934159583642 0.9484712108008418 1.7988786744333027 2.018724488063053 1.5424831896082778 1.6213090645462638 1.534290511865847 0.9976867961228026 8.029133216464352 1.274188070099746
0.9945819429466412 0.7531918125871387 1.0062183175361636 1.2131816990362023 0.22968380267379557 -0.15245708552143622 0.5510401253363638 0.8694689214000648 2.2026640610348984 1.5665599447456016 0.9997884166551041 2.3232199270966096 1.3931554990069486 1.0346498824762351 1.9037106131879593 1.1075297252004748 1.0296983098523589 1.7304064177339429 1.7591251927420917 0.9970330537853658 19.611245635904822 1.7127791425925687
1.0093994869761778 1.1357707940538078 1.003693546731592 0.7951839538746031 -0.21891147966626545 0.15507217889069586 0.1735698638601296 0.7784197688459061 1.3136545000686337 1.5375390335791674 1.025465938491029 1.282721762216964 1.885691690375901 1.0503383921069482 1.8358893502927454 2.2996990466370617 1.484151916247041 1.7598768148896058 1.4668330366593516 0.694821640467898 11.354436335031448 0.8546229554116758
1.000484472352181 0.9708001512690517 1.0038244562289134 1.0842150190113191 0.21993633319505762 0.1325779946073763 0.44749082328375056 0.9597935238068637 0.6141523083103854 1.4267211446504853 0.7642293592309686 1.7308492974213534 1.8469562078426758 1.1818351081228424 1.9888025230866984 1.848427380133356 1.55010486256615 1.4554733258060721 1.1547729471520456 1.0405060843195604 17.77721171520904 1.5352378313352242
0.990557939522434 1.0226467388090026 0.9951028905998864 1.1656497383524698 0.16534212205905113 -0.0402330028249378 0.48922059404208956 1.018075386506607 0.13549680353981702 1.6121024747564778 0.834902211041745 0.9243027791427953 1.2198579893527264 1.077806099092405 1.9517601279549497 2.3147853503656 1.6402432510010432 1.7595520668983502 1.0884447097470633 1.3716057872010226 3.24343547805299 1.2779257621292035
1.0068847002299173 0.8643494771394226 0.9966861013857127 0.8196372516589989 0.00604195031302901 -0.24919474945074116 0.24075330701460973 1.0678625104299622 0.7040481127824892 1.457985804565679 0.8650988821073282 1.289782757622953 1.9777668161944697 1.2616823485868822 1.755048234105877 1.2965236698334084 1.4762077422564694 1.6166288220662979 1.7284503279608747 0.8792743711808154 11.60644580929641 0.9251087842615826
1.00282203332644 0.9320617294417072 1.0061550597854678 1.148549403883612 0.026888188528850443 -0.0247248438064977 0.3091362593843663 1.1341261432228518 0.043289910693594176 1.3010070647373995 0.8116765376579095 1.6526910543531586 1.3235160039803655 1.1309824060068878 1.9329307811641163 2.5099198228224258 1.6055260237797517 1.5994277420681646 1.8711623409717488 1.1009630733387081 7.887845216636528 1.0351022413629802
0.9976060803692021 1.1963061589948951 1.0037230144459344 0.9610302413378753 -0.08363641203458302 -0.14375119542149437 0.5307866008250476 1.0498114442992257 0.20553983293637076 1.3182687712002885 1.1461343588378154 0.15766314539747225 1.5825221292554916 0.9321928915525883 1.9913247910167071 1.1610503400937273 1.468556574117351 1.5472002550182715 1.3734512565604629 0.7976848057712985 19.768818125181223 0.9615937669406355
1.0045876614464007 1.0143277515903955 0.9951957630416126 1.037614846013701 -0.01693798514813616 0.03110291957688316 0.9585614520838417 0.9150440329923204 1.8693813903215106 1.309768997530905 0.9796262334317862 2.1459277757618427 1.6191615630692826 0.9848167876575183 1.714293885730164 1.276349979933553 1.672035444138225 1.6884901340407725 0.9270708472313932 1.1368277520304066 13.266787779055143 0.9876341346010711
1.0001330255687346 0.9400493606210154 0.995379122531148 1.096828885909992 -0.14794940031421308 0.19629640484285182 0.7648244643700663 0.9163624328306389 1.4604508899255741 1.5472627286115277 0.9507138608620529 0.7914660648018148 1.2669556312334571 1.237511045927489 1.854250219646038 1.3363098809695528 1.6306297751420298 1.4975795930503928 1.0471460891350608 0.7965943145993253 10.174376164767757 0.8297666794927459
1.0072311762622677 1.2039605680003949 0.9971000418508774 0.928975142503803 0.037696886594149326 0.0695405728583704 0.2620652865797092 0.8620854257455994 1.1977307392435437 1.480851406654768 0.9305751740177999 1.7887884563640923 1.8095924657150364 1.0735202070464802 1.7334433781983847 2.10801608807677 1.6522599601443282 1.4964579987694764 1.5508686730894525 1.2209492844157213 3.4522366000225073 1.2499478222631706
1.0002574410660499 1.1435919922161966 1.0024698481215686 0.9222728830558179 0.1977531141154364 -0.22471094739061614 0.21188634580438198 0.8670986426313724 0.4592285628445047 1.6293203624501191 0.8436611147911153 1.7003745648881585 1.5343588132311838 1.1914153241490317 2.0155391173345283 1.6809343791717244 1.6344526237810393 1.5126743736798316 1.3624984329106626 1.2593757932225496 4.237410842489866 0.7333765628871189
1.0085034176682082 0.8733353727935242 0.9927257541476081 1.1057764904303067 -0.05481328876689623 0.09760719969155174 0.5253688770115899 0.8449278200971957 1.2348687996361802 1.5128304795533873 0.9717985663355229 2.2724546065159417 1.1747534839038376 0.9357635217481111 1.7612561533277897 1.8291163706529945 1.244726059571158 1.5153358178861212 1.3903646199805415 0.7305184577783977 16.302306545292133 0.885770733905132
1.0067743353687322 1.0639335564293655 1.0031742100957997 0.8505765664354081 0.13279405165803715 0.13269506994270808 0.7220263901055813 0.974659761253811 0.9850993372978424 1.4619201271062314 1.1143781205626897 0.269321098004067 1.2561821626524552 0.9927692674694625 2.0118990234987177 1.8224413185218196 1.2956925560595722 1.469197885594599 1.9229240303922053 0.9005424558490298 15.289955326413992 1.478437300377596
0.9946285783220897 1.1999236306395475 0.9972031808078254 0.7605820067243407 0.030383538985382652 -0.2114247444275501 0.8288183099309494 0.8058148804101596 1.3837994088319534 1.4182049883819565 0.8055640252449128 1.2929571761016971 1.1908062254823126 1.3639221964385961 1.8418237770783015 2.4431027874491162 1.197507895854236 1.4994350966227243 1.2533277726796805 0.8107721034976829 18.074553561537453 1.0875085457144738
1.0071438694405934 0.9856038104336655 1.0073811599374314 1.052367745770935 0.15129493504677421 0.2804795857164551 0.23334503958488867 0.9706784289114287 1.1779567635814878 1.654319056633024 1.0796227238677352 2.0239601189820253 1.7065420293907594 1.1131864936864024 1.7393998322672521 2.1947527856076414 1.7335032414139504 1.4722335533387827 1.1972008584593492 0.8152859776478623 17.953806479126012 1.4729734067877085
0.9941790932458325 1.2104014986026077 1.005641018474855 1.0974737937658743 -0.046268103569447494 0.08261150048626853 0.6742937772234484 1.0098663494668945 1.6987637143218537 1.612033078658897 1.0560984923969117 0.47762976979206695 1.6794698799626604 1.0426314004727746 1.9890594308005771 2.507438830326291 1.74715554348666 1.7679610110893622 1.5875011704661737 0.9942414475594386 17.457799811080406 1.046926052049161
0.9985509088373061 0.7569755235807658 0.991854320182496 0.8064854174385645 0.2893391060166906 -0.05806379950587942 0.8583128263357622 0.8612146406779767 2.1362459942086365 1.6904755252933348 1.1441779883008247 1.5170259535284203 1.3921558434782966 1.3157970324424364 1.9746261490228372 2.0737673550305664 1.2327952444054264 1.4984696291889932 1.401153245637747 1.1064817602966595 10.310136218641993 1.18952556237452
1.0076507428117745 0.978023064206673 0.991378511033186 1.0219482397290713 0.007657790477697879 0.26062909616034086 0.7207638260903811 1.0940842296229847 0.28574135629060743 1.6883486347363608 1.0038111325064432 0.025574724943481807 1.4312725070143044 1.0528309750733338 1.8845105171247944 1.3697402271795909 1.7686855560535362 1.5500802943289573 1.5806117523887513 1.0041459428078707 18.328735683859364 1.1788997158034973
0.990622335298424 1.0829371778866295 1.0053563731440434 1.1830698533646178 0.1428910344799753 -0.1949423496525437 0.4488566513504866 0.9731294588296223 1.7577072503753126 1.4497327224594736 0.994825871657952 1.8817861049339057 1.5610639171662326 1.0011471444333617 1.883878928887292 2.59127690056098 1.624956876732837 1.5766841775365403 0.828713298464477 0.7852279979110243 20.119746611998615 0.7603995724522536
0.9964955615825273 0.9050785803542986 1.0068050813451785 1.1200590623538724 -0.11634528305883965 0.11867987243866385 0.6488887246450047 0.9896070635166799 1.4513501417675225 1.6316551907514363 1.0296821139884855 0.2874480642193132 1.8446151529812433 1.2720476521120716 1.809725457153376 1.2865381548016042 1.6897427074486515 1.6387181058139606 1.049818308553662 0.8383151830763285 4.158083994030523 1.020718376513071
1.0035357768140891 0.977347973917831 1.0038611478887058 1.2079808605191034 0.18343959443174906 -0.004437059256965303 0.5912381150664261 0.9954662188810296 1.2416500537916382 1.3445656263456403 0.7697298217891191 1.0955154585761533 1.8273957096889193 1.2073018420288515 2.0697594784575317 2.3305836290239066 1.5047263967378501 1.4927309027721478 1.542832867841272 0.8085082284698694 3.2094920686717185 1.3831387549178165
0.9975935138326469 1.21320940179008 1.0027687599811625 1.2403486263004506 0.20192609747276452 0.014531284963505642 0.8675195210697413 1.081883517590298 2.3044873521474596 1.3839492729258145 0.8308066909336668 1.6265035312173712 1.6885785936326227 1.3074441669986505 2.002836253233578 1.5282436130216628 1.3090739405739713 1.545889753883882 1.0181677486989893 0.9192867675566923 21.870396169955658 1.2525708241478624
1.008139094496419 1.0174776301333897 1.0003780832033355 0.8854873065720865 -0.0034538143385617337 -0.031699654547084455 0.9344707135798317 0.7645460347719514 0.8205940578395698 1.5362879181797864 0.9184708746160313 1.1885472280690776 1.6991328981609852 1.2665419359058088 2.0567880701210215 1.21155678788412 1.4991381157760142 1.5489521651951828 1.0906009853019165 0.9346920329950682 14.717293441479956 1.7113947302529018
0.9969841889021257 1.2346581194371062 1.0053621967192776 0.8380455257540057 0.09832881974374025 0.01675878682646531 0.9267636834509698 0.7891662102085972 1.4000385851708175 1.4378780513194571 0.8206122184245631 2.111991931690052 1.734547037565801 1.256658857031293 1.7512781253991032 2.2518193374418076 1.0966770284077956 1.698039524851557 1.8928139918320246 0.8357948152874977 9.808443075613608 1.4372023102825329
0.9985998763922311 1.0218875868905448 0.9942168391291423 1.2026600320872451 -0.2285916075011754 -0.008044768246689149 0.11136552627355831 1.0084197572388247 1.6796043110202985 1.509675936096046 0.9993596618009866 1.1783831313778408 1.621984186938365 1.1654042722925957 2.0217374333508067 1.452349212675031 1.0447606835351768 1.5110946431369179 0.8713623026110574 0.9750124742501476 17.810954683218153 1.1211475265368789
1.0076776376637302 1.2282225484271105 0.9957170925472918 1.1961308953642724 0.23128127289826378 -0.24515376877273018 0.8639419477077098 0.9437908227076659 2.0211155009101636 1.5576058689907872 0.8199965425640401 1.0491595066028077 1.5943148707320791 1.0606855443278151 1.8674564642362332 2.5327173867388435 1.6236800145129586 1.6438934387343833 1.8581058133734083 1.3463155483517575 23.300093020070882 1.2967431004759788
1.006691537167552 0.7791449940325432 0.9961266107930372 1.0107471649523838 -0.08906794756567724 0.21598457336051052 0.39533876694666836 0.9980719789703647 1.3064704590485194 1.3062103668041116 0.7062012563779178 1.561405177061671 1.909897511432796 1.0405630933163827 1.86672130670557 1.219219318234841 1.3018627822169861 1.4419035356155327 1.6955912936219713 1.052109767770727 12.887463983457732 0.9026376228433113
1.0075721735634888 1.015015289311066 1.0025840504914667 0.9515712240991354 -0.027974663652486742 -0.2801842756588845 0.7559960511096513 0.8506756642260587 0.28714505199508483 1.608480640558862 1.0061504643286194 1.6458489578514075 1.2949336445405437 1.0118728878877974 2.067950262951895 1.1748131802648627 1.3241237483974664 1.6397378277661128 1.0824523517650355 1.1965857361542631 2.7625338081970696 1.6367139135396014
0.9982956773593229 0.8476613941885389 0.9914760536881346 0.830351110218007 0.0796622656300659 0.07708539489142863 0.25339002274647643 1.0561687158092776 0.7251439101192774 1.2900569342489712 1.1032417766863145 1.355530290734032 1.976544009825489 1.071160788748393 2.061199673906065 1.9465080601543368 1.7470311699124834 1.5323509704392742 1.7725047604031434 0.6918935470706143 14.10187696183942 1.113809276433369
0.9919655789004422 0.9166633196774883 0.994251850542928 1.045135012866501 -0.14738551661011368 -0.2725192219356931 0.16136987533258734 0.9207206093946504 0.4926827088809684 1.4620256228247945 0.9767874929616387 0.36949981874816273 1.1589069448818563 1.259235370391661 1.7734631455466776 1.9494784294038436 1.7594881592586864 1.4749851261932176 1.8245635769175903 0.7469539779173084 17.027503835196082 1.7649515162827574
0.999819982691311 1.1670415211594682 0.9974130881302674 1.2392238142741363 0.23057294377235454 -0.009044397936214088 0.5461582470173975 0.7967375214871448 2.1640800638154145 1.6062014047725088 1.1454239323114863 0.38237621810193867 1.5638472322341341 1.3593630898246858 1.7329969332616302 2.03662731770746 1.0380958140351517 1.4322053555957945 0.8477928376656478 1.111473412100152 17.882588219831383 1.1122423215753772
0.9947198130180234 1.2242201954293748 1.0092571516073225 1.0126732396721 -0.2837292809824667 0.08345563831197417 0.3275778753027589 0.9069450058759027 1.449551727726833 1.6497799732472405 1.1290127784986015 1.6280889791420605 1.795389249453886 0.9074231738723205 1.9106038729138877 1.8175179317104624 1.2481776580890254 1.4422698701341925 1.624537065389675 1.236973642846788 8.485226723319437 1.670214808548017
1.0065275582415307 0.979043681387826 0.9902809125196858 0.8687525015600321 0.2526659655620845 -0.1389942713829804 0.06899882200829073 1.074192470606192 0.8268992573972668 1.5156915602074899 1.075322990372878 0.984673649182204 1.7891646436176618 1.1143310754878832 1.9396562341262737 2.410900965843573 1.787654944472056 1.5975557518400967 0.8415947226212248 1.0913052032999189 2.2602236842284555 0.7938960153092119
0.9990016200072185 1.0571786857098466 0.9942658027109118 0.7590189017042706 -0.036078734616748265 0.1335468410294331 0.04861018388377534 0.7808753151083229 1.1487329950199374 1.347305849625771 0.7630953040474422 2.2790351477659367 1.1222297453760826 1.172930204070439 1.838032674136778 1.772868057372802 1.5986065119058583 1.6620248428685815 1.5153594616960866 1.2692838063131249 2.5469108279427157 1.246587441671537
0.9914351450452592 1.1472943594254472 1.008005444938011 1.2428927313460232 -0.21594903499803833 0.20142535457669358 0.535691031204403 1.0732614597626706 0.3490098100839899 1.6041910640040826 1.1557999527715759 1.3810079968423545 1.522699280088728 0.9511779794654017 1.8197352524055186 1.7300731585576004 1.1683085203647507 1.612119621462384 1.7108819466326923 1.0073095954048985 19.935452442572394 0.9595666595985535
0.9904034802233661 0.9464948083637064 0.9997581449622659 0.7567230840425385 -0.23969485039387284 0.140564464929949 0.3552849226462833 1.0230178668181737 1.918829741249249 1.4012393404967611 0.7593700750394017 1.8859288438402644 1.8732379105019181 1.283706174382447 1.765096158071052 2.524287231755383 1.4328911128694983 1.726966625055842 0.8976853100793807 0.7418114829897369 2.7914290575060567 0.8244680504227597
1.0054241035780587 0.8534656449768803 0.9932548642523295 0.9212884745647856 0.2100298520571799 -0.23283324814834422 0.7715829358544939 0.8081432411281725 1.1846728778178222 1.524051104412257 1.1589477061484967 0.39595217594405213 1.4230124443543613 1.1264023017724827 2.0438185451474506 2.3436233613929693 1.7809662535764739 1.5116715482276568 1.3040184435469782 0.9559380461678016 13.096993205132296 0.7427190390379921
0.9989827311206052 1.0157432044413168 1.0031365681146982 1.2453002534239908 0.15950240170498214 0.2263292230154585 0.40324443996130616 0.8313168647392711 0.18936417886880574 1.40472062975094 0.8613389823703265 1.2226589478601595 1.4598456556988166 1.3278812452859943 1.9192210817191255 2.0062628749677924 1.4956403211358966 1.6475151641863677 1.6022732690442252 1.2828853514144765 12.188637334562664 0.9685616372121042
1.0037468600322559 1.180514894155501 0.9948246883311799 0.8139773336738143 0.2242938890792478 0.20867589748727416 0.31397395380586757 0.9977793558101169 0.5624012207426395 1.5677117080339082 1.0835787876807148 0.8234430419913078 1.5164917959267772 1.357712160954648 1.7637806779357208 1.898323168968369 1.1499914535620637 1.6750824381704608 1.8615496729498529 1.0756193635149283 20.42820714047204 1.7277502762119894
1.0029092352364697 0.8823092264878746 0.9941375800726497 0.7633707376975272 0.014671355726440016 0.24335712137434123 0.47838742440193943 0.9252397325469085 0.909478774907533 1.5976228459760935 1.030550709897914 0.6684941809685349 1.5015651027021775 0.9653099044445621 1.7530602614295647 1.5448369885642834 1.4114982393812747 1.5801202394892722 1.1849980889483211 0.8265968658320578 14.786712490155992 1.8017870433697811
0.9971264424737789 0.9260320891796776 0.9906398420302022 1.0958034929932525 -0.10856554237261337 0.2913792217473516 0.5116165353608643 1.0018155343784498 0.973321392976863 1.5840459597198855 0.956185006286862 1.8990579712985702 1.162080696774905 1.1752880396141951 2.0616740061878525 2.288089246164235 1.3119726075588418 1.6233178489526767 1.4089386672470967 1.0195704658492852 9.464097272426926 1.481919116005321
1.003978607130442 1.0096534800003891 0.9998697714412588 0.8677160669157069 0.03172056688766106 0.22013246411994464 0.9600441068122482 1.023492569821403 2.3321652271814557 1.460682275582001 0.7364755062447655 1.1045999952097365 1.5534083499499225 1.0151277458110555 1.9719244972707295 1.6347448226908854 1.2138029473586613 1.5496626849750714 1.4315467247443536 1.2867235300528845 18.503416639233404 1.7663586302177636
1.0003252291781746 0.9371992055199483 1.0044069954446873 0.9773203114399234 -0.03472444868995478 -0.012667172836127394 0.0019486960412634893 0.7844783696411669 0.1825998941121665 1.5059557868000901 0.9808693117138652 0.2685394544479991 1.5290672857863274 1.2353375237288577 1.7960221306441515 1.4565476549822591 1.5091772283550051 1.646289592971635 0.8340447851781407 1.3242190814857313 6.140029320398348 0.8425408433513565
1.0083186408041018 0.9423911120777537 1.0046374766888304 1.12678569494184 0.1475274363951311 -0.13337186491999653 0.4027931204366402 1.0048406376547727 2.1790738417210216 1.3567369091557033 0.9474356883652428 0.04620031815571836 1.71346074676983 1.3365855478198356 1.7868152463016187 1.7456639204372393 1.213015718155227 1.727444361432385 1.8076138578095413 0.9442001738196132 18.86744348137793 1.5562107830411436
0.993769949935499 1.0060291022887393 1.0061379859041737 1.1748948223083948 0.04187308379372445 -0.03742829404920772 0.5014701836148446 1.0685752752009379 0.4184162015525011 1.3492098492329632 0.7556613577644179 1.531593903443787 1.5720370032705377 1.2713614698399847 1.8913633957883833 2.499914889134746 1.1061210700570543 1.55868728919543 0.8544972828289876 0.7320508111622509 5.718728437144926 1.518723796171811
0.9980253272658484 1.147694028906717 1.0009244748446307 0.7765599836687652 -0.1550900345624504 0.24240687874270334 0.630986734618042 0.8950663477428007 0.5678900603896114 1.2999887682227285 0.8008347649003873 0.4332369356493169 1.9199193025987942 1.247755075802543 2.0529714602672104 1.4346232287275504 1.512897468956031 1.7803127697988363 1.7967793207842075 1.0625431180495921 21.033871677297995 1.2939156036066948
1.005818419953489 1.1037162777919252 0.9932051104286133 0.8460010593857854 -0.02461906988567064 -0.10735413004623018 0.4727722720420218 0.7942247718886496 0.3625255969372984 1.5716667270320357 1.1613553274528936 0.5893295723066944 1.7057166722330916 0.9160266991970916 2.0535396436282385 1.815059480587831 1.4199296108904762 1.436205676396987 1.7599193994565103 1.1074911373476497 22.888257013181832 1.4387634870415638
1.0002820586489527 1.1353628074801534 0.9993994993858423 0.8793099400496572 0.11291356840529393 0.25239294654797556 0.9924414128410786 1.1216517367048695 2.0948558556000005 1.4272856428565177 1.0672094213290249 2.1020921849907372 1.7559441269438043 1.0748114371466262 1.7450935465006714 1.4718064934454018 1.6203120162521254 1.4477802686417764 1.3664558672734564 1.3422429714195898 11.928984065774891 1.0510904920890063
1.0065826673565959 1.126988865042425 0.9922819612446248 1.1860894497515349 -0.21156945828189927 -0.12926604769259342 0.15486743240310055 0.8843250756400313 0.9377428685758974 1.3229425991819168 1.0461054043825584 0.803767808887604 1.583249022050833 1.0033680369295748 2.015679521230824 1.34293371785849 1.4750063412381205 1.6723824911529876 1.0643909645306406 1.238251547930688 12.963418241758962 0.9005088195328531
0.9908574659293395 1.1400503000051354 0.9940464027003074 0.8896718441221598 0.02299369546483615 0.13038882178768552 0.28120294935780565 0.9686226473688937 0.49924093668727554 1.7144531965573555 0.8846836901943967 0.26327695910228605 2.0038719746995186 1.182405200092812 1.7875858527199395 1.4317773220787169 1.0143583088882346 1.5130330680687436 1.5820073554370429 1.216517221438575 3.4017228874283125 0.9893526585334951
0.9940057457195782 1.1581277274953243 0.996891708817426 1.0667626147663067 0.08695696035831174 0.2338823903621729 0.9118250477113983 0.8156967475028046 0.03771250622754814 1.4789843545761465 0.8827200251511669 1.4907424886033531 1.9048778228030865 1.160404965984414 2.0623876410258757 2.5026299889117265 1.7405812884238665 1.6862977193290836 1.6270173331651365 1.0232841606214729 8.427262966755851 1.0948739719591405
0.9900850307871507 0.9011867541554254 1.0087330211229055 0.9521136948797213 -0.1998201126157213 -0.22366233758812232 0.7935802085887707 0.950412373126386 0.1953693277442989 1.4611265754448077 0.7548008077580726 1.4344436578039794 1.6815839895412812 1.1525422915723307 1.7009928012977544 1.235324298982091 1.4894297153388218 1.6175219748143719 1.2312317086143674 1.3260816452307722 18.820940272404542 1.7108901712592206
0.9983535074048694 0.946557868861901 1.0038035001502021 0.9861416808199381 -0.0870443625483886 0.18228956115839523 0.6980502544989656 0.9697716914847679 2.2843209808035585 1.637908204409689 1.1268887426213294 0.41662244632201684 1.6983186589271502 0.9639365054548859 1.8010895258353632 2.266078561085842 1.3856359837031849 1.6965974837199889 1.4856684273760772 1.3315099202128646 7.050884488287079 1.2909148218340185
0.993878563836353 0.9865098023194642 1.0044690727628844 1.2114714434349045 0.16195748588853082 -0.1202889382133801 0.2221353928044051 0.8206515260170015 0.48369342273979715 1.3899379960414684 0.923693115667806 0.9369670761986592 1.629738171638585 1.300988279200263 1.8091087190255388 1.8426951526090791 1.780552797607574 1.7847875063441954 1.9206890258075495 0.8256220490049737 22.73688341774743 1.3138584123229449
0.991709089612803 0.8668405146728486 1.008990648125764 1.047415162624124 0.022382184372641556 0.2567906702625558 0.4405813380403324 1.1177942642117036 1.620002069055435 1.5147818561001305 0.7402817448062367 0.5847149239370902 1.7616123360425067 0.9522500990578056 1.8488957820462488 2.5668021032685635 1.249413624498916 1.7503833984939625 1.9337509061143108 0.9911609857558203 20.387956934045327 0.7784864664620914
0.9902807626037751 1.1898905674490716 0.9964491554304831 1.006627094282495 -0.05579896050074418 -0.15390193108331376 0.8781933875121973 1.0119055615375552 0.5893728746654964 1.3245761469930686 0.7786648320255625 0.6063254049695975 1.7385647114382057 1.3508843370500694 1.9939058272996961 1.7108713933112227 1.0892609194029028 1.618336152776266 1.7947374298476904 1.0694317392027197 6.3819701600592085 1.7245250955009985
1.0037027423760574 1.1590708296104277 0.9923649690469796 0.9461163086981934 -0.10370706814094116 -0.20385121316259586 0.5661891937450754 1.0412689461107012 1.4307368065765789 1.4228720316145318 0.9885982001119706 2.312608197839621 1.592195753089539 1.367241162194094 2.0260549792040443 2.503906722049705 1.209436232953529 1.5536837902636633 1.9067864813877826 1.2472942183938325 22.195142007592292 0.711935695291331
0.9932840570026586 1.0449399235631596 0.9996781465725312 0.8033547226777225 0.18661024463680126 -0.27634764302296255 0.05393881310520697 0.8524815023324686 0.23172191869449243 1.308554940206497 1.1768934925096266 0.16006054502948736 1.2649959484021842 1.0673742680644398 1.9624160867588392 1.5358801295901434 1.7019406055552762 1.5690442399870403 1.9044000258127545 0.9261991172142156 12.66066525396026 1.2052718419934603
1.006488479490244 0.8425582292313025 0.997575967920269 0.9282752431621852 0.07320531045387457 0.17488774222336878 0.6886025970569933 1.0310316347218522 1.7383326775079628 1.3299878287345783 0.8941882341398958 1.5715238934335878 1.7570974421195658 0.948372734251042 1.942387569385079 1.228480296933534 1.4372315987430584 1.4729520871530133 1.2502541120872506 0.9832110928361427 18.21977249954414 1.0167893636539702
1.0001087204828885 0.7859958176520995 1.0030571012498783 0.9758395285355839 -0.19201404268576128 0.24182379381208802 0.42797791882572966 0.7948398349259636 2.0075996921284704 1.3928365614851403 1.0397391412489516 2.0291946317570098 1.4621655559620117 0.9075479269793656 1.7716878914981513 1.5793106417131282 1.0780502249604327 1.603750256873115 0.9479059303250315 0.8160150027690654 7.758992075798492 1.8197026369297973
1.0067105166467702 0.7788969838614302 1.0092979880151653 0.9084047192030017 -0.09589320420067848 -0.07617308419874735 0.8155701722536881 0.9616937322218305 1.9799751769261122 1.4924608587153552 1.136363459926803 1.4190790395367385 1.336298047630751 1.2731570499091207 2.006527588491386 1.8241851053760134 1.4788942200592512 1.4953130980777953 1.9694813897013799 0.8585400738201776 12.527259825575378 1.68956774534431
0.9907548705752661 1.1688361616413208 1.0018342287926976 1.2196221389591038 0.1404291521789564 -0.010682033596905671 0.7860737266198231 1.015187559520877 1.1559408775013955 1.71398012030591 0.9896752882725782 1.0612319148798899 1.3750826362516233 1.0019174967224977 1.8575437477244758 2.076777917406286 1.669439766326188 1.734713461875425 1.0409217329099913 0.8439347966293296 19.926876267949677 1.78545583876765
1.0082723620836807 0.9935729017471236 0.9945544437264578 1.167979070028303 -0.030153535129863407 -0.2592796304066016 0.7781476533854949 1.0992755644737193 0.3404842489479631 1.438414010540555 1.0048348547397052 0.8094825131710555 1.907459887071881 1.2035832711435495 1.800571553902348 1.524409654279154 1.2201046698502327 1.6836699887111493 0.9889585443620741 0.7307966564544176 7.920676819160801 1.6437509931728256
0.9924828924715782 0.8358022092664846 0.9960764288017602 1.1527259567879073 -0.17951828542095938 0.19605660658391 0.9337323498056862 0.8492684850158584 1.5603471319146514 1.5075636746016814 0.8368122620591729 0.8597042453887692 1.3486683880634933 1.216152727387422 1.889568420429709 2.1858907030665202 1.6796263631384307 1.4557816630029978 1.326368217167289 1.1601752968705958 18.756127643118116 1.627160753255922
1.0098288127552175 1.0032361212597696 1.0020495370952018 1.2337518224105848 0.10187006560127904 0.2357787409300564 0.11929735321564097 0.8472497294084521 1.7542693896503105 1.590668433775477 1.0019074299617658 1.8740642545839143 1.9365715434201194 1.363065723626927 1.7652582268843982 1.3204067566069049 1.0461611051723134 1.5261999424877255 1.3387632561438183 1.3455983833805698 20.316799612954284 1.243116968067557
1.0058446549289677 0.8281848044528562 0.9998969618793664 0.8128992221994384 0.06804159940866683 -0.18970258948019156 0.3570027548844974 1.0408549491927452 0.7595520106841591 1.6377918103211342 0.719654496489228 0.42015207791357684 1.6118874391785551 1.2579307086093425 2.055473700737746 2.440746796111255 1.6841561813468207 1.7491178145746455 1.696785872397664 1.1488691391873693 21.242048339766058 1.4198851510201185
1.0021233469265969 0.9558033338668005 1.0064828655896334 1.2332974476980887 -0.010936611196368462 0.004124629000715363 0.5219501840773552 0.7839955999644772 1.863026761565518 1.494215750332068 0.9841659951686579 0.749305599026739 1.472353261319102 1.3566683398996582 1.8814753131681634 1.3173895513336065 1.2435236375969905 1.578342640206431 1.6756147641971766 1.1517714105396188 6.345299247640869 1.5527367279401394
0.9970291895138885 1.1678667878868374 1.0023930772430847 0.7736610894202343 -0.08947253440739489 0.11189349303828289 0.492221227584422 0.9208192224664293 2.221514009828343 1.5409104550870145 1.1092329626210922 1.8432789016574407 1.4093926526881217 1.2982428324291382 1.744434407646986 1.327878847825353 1.0380616073579323 1.4671508737729742 1.1753992990686835 1.2700288066520429 20.521174134422708 0.8058770914407337
1.0002730609721868 0.7711449534565203 0.9925850289338044 1.2434622177115822 0.190265104703707 0.17376885065219716 0.07259401896341271 1.1141422704153352 2.0503346012667105 1.462807475574214 0.6942704785658198 0.21137593268878258 1.8681463908314782 0.9767548093852687 1.922431793319506 2.445421708690794 1.2014729760491818 1.5926582836560772 1.533667563228896 1.027723878248122 19.026315131558288 1.3184609935387344
1.006822350941096 0.820565969860921 1.0053007013126287 1.2320694962214338 -0.298924983913427 0.20956595977062714 0.11541969895504872 1.062573046357476 0.22491163237090384 1.374602174189754 0.9399256854615274 1.5917970232038687 1.4215312447203536 1.2541132398268786 2.0448721343887013 1.9759858603510891 1.0864809318333466 1.5260635630868462 1.4801941574564492 1.1901035504425972 22.38169749490927 1.6254842890553878
0.999325249490014 1.1395609285582873 1.0068368197952169 0.8980308086854234 -0.24893522333090023 -0.02330037657526962 0.8959262166939868 1.0647281409451084 1.6082131596181084 1.3103579952774247 0.7941617012317291 2.395843301785582 1.1314885090745102 1.2100609233708786 1.8807061610807752 2.04358301366077 1.5673102341929268 1.556575390060939 0.9444701507627226 1.2143800656913057 5.883919090218385 1.168367910028043
1.0091050688267516 1.117398847404232 0.9995448220151962 0.8445112414536766 0.2161775186482287 0.16315680971993057 0.4166729204306937 0.8701688939630712 0.42153060578272217 1.7155023350563297 0.7613096915190833 0.9925786201704322 1.6903867179331393 1.358834152439175 1.9148050680247992 1.4326116541974594 1.3469462245751986 1.4284532355751554 1.2731877292046732 0.87354257040545 2.1004753298611223 0.7505173495221023
1.0013698531786663 1.1005917897682893 0.992823334610043 1.2188568562388735 0.2684132545189441 0.1362132039283347 0.7388530937930504 0.8987283119699244 0.6971103834352327 1.7168409069113997 1.037989191845045 1.4733963276476196 1.6758703360114562 1.0192308801658903 2.0486988236922543 1.7484683120362936 1.5167971432046232 1.5848990769676516 1.62742842249195 0.9839899778155974 17.440112249199903 1.2600261490128384
1.0028936228186247 1.1122971105922412 1.0036011802672686 1.001477218133843 0.17794016450231054 0.2650982201375964 0.005866302470424007 0.8545587660301514 0.815051518704807 1.567165918992409 0.7954427842588044 0.33723431531119635 1.9639457475840782 0.9987807014993486 1.9071973711492445 1.2721515475093526 1.4049141284259905 1.7246040698515253 1.2097268841362738 0.7846583035568214 3.168056405473544 0.99849724132188
1.005102578335802 0.900956077723821 0.9982032432817032 1.2097158632674732 -0.27842370329898636 0.159843351054344 0.12088263295246125 0.8567387830694622 1.073445214827686 1.500022907639305 0.6979493395075366 0.558593437741942 1.434540714018946 0.900601248905712 1.8833594518600545 2.266674499747704 1.1890763009818917 1.6372551107695423 1.3076790704208947 1.0257792780705959 3.6150005351130794 0.9364618876206723
1.009069585044355 0.8156574642452519 1.0015053590409433 1.026910147910728 -0.2589468524529537 -0.28980490315694357 0.46571616931524423 1.1095098120918987 0.019289914075611633 1.325216627201596 0.8214300882351145 1.537656523244541 1.9528245307232233 1.0330510286043781 2.0418701660488154 1.8448027372559983 1.064760738918397 1.5802181062253151 1.115358105793325 1.0566455291930825 23.164985859838097 1.830382233950202
0.9956079975031829 0.8674022891093034 1.0083538593579737 1.1886798164834453 0.14874331829007031 0.1221621255629225 0.039747809761539715 0.8174845098281538 0.3455617784676287 1.710142722267378 0.8906439893885544 0.5251549129420277 1.3398541117265168 1.1873831917132152 1.9000861574079837 1.1196204055787193 1.6498679834978134 1.7695916665464697 0.8054150612737169 0.8062341498189474 8.129369458292564 1.3287371534530381
1.0060790036939697 1.060925533602227 1.0086975157176923 1.050413842968513 -0.19183803588039589 0.198362654114337 0.10084632831135786 0.811880895079615 0.8087163980558542 1.3393036394971691 0.9095198066259159 1.0381773689128435 1.7148550679940366 1.2993169169483236 1.7113215679641987 1.4709069122286262 1.768049174813037 1.685370977400282 1.4992890823174425 0.9245229841306184 11.488264793095176 1.6440557252105559
0.9969277864068513 0.7542027625850547 0.9923429243169218 0.9671603733792449 -0.2673473056622304 -0.07412910178036056 0.6828342951377996 0.9814111892104107 1.7276747350751938 1.385519251818304 0.7131666961310658 1.6057348260359219 1.402616551262685 1.352239885420927 1.8921827386596544 2.3765798209112097 1.0226428021453735 1.5226112245931274 1.385391555122371 1.3650813141767886 15.898996199914084 1.2632880932179347
0.9940477920553269 1.162905557184473 0.9999623058733406 1.0986733846108774 0.2359282385661971 -0.007557905580862834 0.7363738756448243 0.836247477990512 1.4008383955351233 1.5210606420679096 0.7853278494894874 1.8755658631419585 1.8753445269923792 1.162670062298918 1.721734731054373 2.546028377344327 1.6639668167408783 1.637150357601576 1.3229078066037898 0.7211374990814383 5.544578609322047 0.8530818285131837
0.9933258308967438 1.1829272846021153 1.0041759460585136 0.8019923534416711 0.13728887503137027 0.24156239694672016 0.6323869077717672 0.8731983117316829 1.8483935617686198 1.4980470255092089 1.100138058771671 0.30940898736871475 1.9677178204111523 1.1770267745582645 2.0015185039700603 1.3513794664481642 1.6951498881583487 1.6603045203553306 1.3258124016016368 1.1211415951722583 8.158447164230987 1.0271547130945302
0.9974710361846527 0.8058558440896897 1.0077233049557723 0.9203131490449492 0.24441037033248975 -0.2507327456368904 0.5581093093892378 0.9053369556813817 2.182174741607531 1.3175294239708035 1.1577757644080957 2.02003552483722 1.610238425089839 1.2084026896746434 1.8149165682948956 1.9878577113105664 1.6670497522482075 1.6992222530632646 1.5569082845278728 1.218336726907058 12.681017819827314 1.1044491951581121
0.9921704576112523 0.9060381112714178 0.9904001042300536 1.0277920836866812 0.1643525823313684 -0.11276387979862168 0.8432396295463175 0.8170101568944934 1.5416993267460122 1.301804708027596 0.7876636892906471 1.7262728260347753 1.9847628783345892 1.0084935224236888 1.8936800088068972 2.120341821684865 1.3268984948992137 1.4956723073649467 1.8170235366882785 0.7112984890962734 4.615030946342989 1.3326103416556152
1.00898492052172 1.1767100985365146 0.9975201740116891 1.0458896768958434 0.284262093208175 -0.09111736806288107 0.9721318327126459 0.8384570872066182 2.210913724767857 1.4873038077591647 0.860820838720071 0.22089051223122888 1.6640736596081676 0.9012154813686387 1.916740704674529 2.5746755304467346 1.4735028211709165 1.4229140398838889 0.8960582318143245 1.3717942083664378 17.35193466426601 1.7093731354373314
0.9953279982796824 1.185196531464771 1.0013582498756837 0.9949646805209941 -0.19476372696391406 -0.026612621571173833 0.33447678587433705 0.9471499569054768 2.2449130617309403 1.573269341641626 1.1931223831034943 0.020501232008531337 1.9345983474714692 0.9784503067766013 1.8822085387353824 1.3317354142499562 1.2988866984119443 1.744077894282796 1.6558606385491905 1.1758573994203063 3.3889093110713295 1.8051112708803014
0.9949774320346971 0.7895253686791297 1.003252565431714 1.0188502511365796 -0.21396385611388155 0.2080110927060121 0.8873404048136624 1.0077932348234557 1.7694151191383325 1.6444922299704778 1.0638980207597026 2.202943538840973 1.128819831374293 0.9841915241040365 1.8909692119076231 1.5078293728639023 1.6811693355280668 1.6227525924859785 1.2757780594210282 1.021624579893927 17.976998542453426 1.1714003617568927
1.0017315692529958 1.0402804978512195 0.9993632773342812 0.8940191199168442 -0.27113291647344123 -0.16423732604769234 0.2719995221551527 0.965815382526878 0.7850718447543513 1.6694010056132582 1.1304516317809297 0.016595025094159624 1.6272271975988972 0.9946408762525016 1.9541259651242915 1.7049392502615128 1.6664078165567184 1.7753050000021973 1.1257206148539394 1.3427803145813182 3.7487865271178213 1.3818157752539444
0.9949494563495069 1.050082568803583 0.9978348611090613 0.8881996378068637 -0.1515362922355152 -0.11378536323043312 0.1280526412068299 0.9130934291167494 2.3125329394159495 1.6900654500483037 1.080028517554206 0.5807199497359511 1.763299526298351 0.90484995495056 1.7101199420142938 2.3189828729923496 1.1028178171542387 1.7220341685943419 1.2271498412800006 0.7523270228684379 21.84900115253945 1.8149373944894989
1.0075145668433636 0.9397879498903529 0.9970089132882687 1.0661708663184275 -0.20394127341118595 0.22098904049300078 0.5838657677928717 1.0584492591577253 1.0336545378706599 1.554840865790427 0.7958163959729747 2.3578620434804756 1.6167267426103127 1.1762110188706492 1.877401648202859 2.095507430655907 1.1524782785480303 1.5413830222610634 1.869833388925374 1.3254428247230048 9.257913703527871 1.6601781788404075
0.9961598364640762 0.9102400008518035 0.9918210367980714 1.0041443691574268 -0.22994734583383086 0.1696966700138583 0.2699977310076245 0.940249890303628 0.09598598015004142 1.542230281310131 0.7636758029757972 1.5872307941224497 1.181909531885326 1.0787406422607673 1.8136711677180704 1.8272560310644472 1.7274646890251595 1.6674423903934856 1.8689842538787829 1.2885177975442086 19.287055557321356 1.8088036856871244
0.9904510121590158 1.0914254777931134 0.9911152255805736 0.8938263368805779 0.2492456602163829 0.22744072345220162 0.7079222589023478 0.9690541827783429 1.9992742918468542 1.416889413225315 0.7865528807143136 0.9594870589527627 1.8076500892929759 1.291696317646954 1.8668718900142023 2.3795084679897665 1.599945064902137 1.7890933210577915 1.3160673651316852 0.7904948519848217 7.523690038904636 1.7540539147491396
0.9985293473943648 0.9478065043759022 0.9949362086489122 1.155325606824965 0.10353296227178421 0.281565889928226 0.17488761723634197 0.7799188296240405 0.13913585708683635 1.6625839810334704 0.9572956328300325 0.9961803347495417 1.7436753522908066 1.1482031867116225 1.879745801137539 1.4383013818804287 1.375459893766158 1.634515117736837 1.8892634935451251 1.1031215615030692 6.921989007807743 1.088873195339636
0.9917523352988916 0.8691050926337893 0.9934521801440095 0.8832149093077357 -6.066567210873397E-4 0.25976006382302314 0.08772003172433492 0.7764802627439685 2.192691938383325 1.5063134588853753 1.1115036022895002 2.30139600679709 1.1668095120738768 1.276943326345326 1.7391296042443565 1.5431456960317864 1.4138552796948318 1.483648126289269 1.3356906986920662 0.8816330872385787 20.602438950797477 1.753346719296267
1.0017415125726326 0.8591409242608027 0.9911512898684237 0.9216825902230958 -0.29117567518062637 0.1642784790051463 0.0917974878599536 1.0245609669714466 0.009131716916692756 1.7171495497851952 0.7037325368484595 2.316621953648026 1.39887457473395 1.049420287180919 1.7858052744465842 1.1246830502060727 1.1711559598838612 1.6310652956694738 1.3887287531612913 1.1782614623411098 9.8720299454376 0.9648471047598574
0.9929642023243962 1.2009911412237413 1.0059014233248507 0.8481193820384714 -0.19298350274110065 0.25581681874201506 0.587834094251069 0.8235235329715684 0.352922505522784 1.591027058714272 0.7704576128570112 2.06424067088614 1.2605512356977997 1.3345277284130406 2.0452380316671017 2.0789623647397386 1.0342483848872073 1.5292380568999924 1.625527571728149 1.2445154325614687 14.348930352870273 0.7695733327465746
1.0070586835738435 0.7814315845098857 0.9911753825865611 1.1492848000775617 0.14439909064719264 0.20581978779985427 0.5147345797915555 1.0632109677585682 1.5993689037350318 1.6428764337407373 1.178503528837949 0.004186159041244418 1.427475372324429 1.0465426414871637 1.842861115171465 2.4626609638418175 1.5603066311632547 1.725229539774079 1.7925395314017174 1.26405585726681 7.302943534489136 0.911074547781239
0.9954861711600972 0.8114085181204003 1.0042680587574757 1.1272149382390373 -0.28787372805097866 -0.09417311867619307 0.7180564762584181 1.0131558926495436 2.3098881657419357 1.4313846975971178 0.8758414849785949 1.9984377680765664 1.6245252320921668 1.113603842869133 1.7150344877786161 1.6956238636267829 1.5337801208743669 1.462001476309129 1.1374965860228305 1.086469671510597 16.767629452790093 1.044616441128642
0.9971098001323275 0.841202431060642 1.0049919006368497 0.9116408224775966 0.14649147694010428 -0.11579704413560171 0.5716724172012053 1.0185760282530116 0.39693978307008615 1.350889166806382 0.9522773296314672 1.5833587054293505 1.612465533016143 1.2677299789134555 2.0319930654474643 2.4804186458896265 1.435833978335542 1.511967025109738 1.7832553705736494 0.7326391899692359 9.044520956360884 1.2767750585320332
0.9931363248243974 0.9629451858293332 1.0097258098136892 0.9452845560305627 -0.06673895716783793 -0.1846996368126355 0.3307393546567833 0.9376289792126311 1.0511888204644007 1.5298405437846334 1.1688007570405692 1.9851449269946964 1.3890393186687113 1.1471504643789108 1.7528109403561454 1.311653669151425 1.5473362487165627 1.590392988893484 0.9490161695897901 0.7332472504459893 13.585472671946626 1.4100194975856066
0.9977256445744807 1.1836283722010306 0.9988317874492093 0.7823963275729878 0.09350188974848977 -0.1997349244366609 0.4092973930699903 0.8411382534027142 0.9685139301896647 1.6975104462062078 1.0570051189576806 0.46027072898569105 1.9878247001627354 1.3291982312910056 2.028462283940034 2.3259220347034106 1.5994365306775955 1.4210288370510544 1.584570727280663 0.7458762512394203 5.943555485091226 1.0573492380114962
0.9948501564254673 1.0872422382424949 0.994530934528492 0.8536956740722226 -0.0037892847072641955 0.09496062200108668 0.9988823612452757 1.0998842497990815 0.607450243120078 1.4449654353632913 0.8800849315264999 2.0940629153447654 1.3153789601831307 1.230820622854591 1.9149815191293984 2.575316701797265 1.7414664409942449 1.6502459351571508 1.2574103181768101 1.022690878929415 11.379598570359882 1.30724427696821
1.0070803550088003 0.8457027270902915 1.0022331260049948 0.8207582656289479 -0.2320186293409982 0.12562715804626012 0.226825275119222 0.8435767773173809 0.603245731559009 1.4328557134576152 1.131303691029998 1.6326128257306902 1.6861353085262518 0.9202611720445627 1.952269578162736 1.1903243341126752 1.5966791130878346 1.4734790833808478 1.849630896179338 0.8824228438890116 6.746317023343293 1.7612476393598402
1.0063012897132761 0.9757243233207522 0.9993198047853226 0.7683178629656255 -0.04416883457546272 0.058934171676848446 0.33130836638798866 1.1279887489211051 1.099932029479807 1.5226278496668306 0.9166665817255844 1.3968488934059566 1.6437366201221466 1.091614872046915 1.8057225192038329 2.329937618345199 1.7760454372394319 1.7379494531984228 1.4611461935275523 1.2654303889621334 15.938689201674237 0.8046358486413461
0.9990722879887209 0.9501086471647942 0.9955894314759236 0.8020974865437444 0.04104491498221957 -0.03465738121799239 0.9568756073753856 0.8285283968038077 0.3748758322226083 1.369042839784771 1.1796616324520377 1.0046478210988246 1.1615451388760285 1.118194319615711 1.8507918952004967 1.1537124133079284 1.1255349265236767 1.6678978487563954 1.855825936686549 1.1285579180091987 8.600970847297608 1.524883038262118
0.9979538441483805 0.8756343741217298 1.0034051107235915 0.9242103113148772 0.0016560114068460696 -0.09474365922120676 0.7526876544828764 0.9641811989763235 2.1520654879041907 1.535688938930856 1.0434176567625824 1.4455143517865983 1.19520450989165 1.3530313909814127 1.9348229295786772 2.4599118561647892 1.7480064321423887 1.5622235628204049 0.9665681256076825 1.0056462736800078 7.639033150884323 1.220831545122938
1.0062402321035424 0.9920000493490064 1.0023051263448755 1.2441982458896343 0.2214284685867634 -0.1799964306838489 0.5826482764497846 0.928792659038785 0.7055955546739326 1.4333968463134141 0.8703053273549312 2.2652967821935923 1.4774641227185685 1.0398971670091126 1.7493788046866137 1.2257513664369424 1.0330705184339781 1.43066156593067 1.916008182709538 0.7621524957258806 5.141950931814312 1.425655547412736
1.008439298369806 0.9426783862971938 0.993427849503694 0.8626829722811441 0.05331385532814298 -0.089307028857087 0.637066415027269 0.9661140681299437 1.0160003810016731 1.6143850831975373 0.8075216669171613 0.7561381259139422 1.3494475528520633 1.1101239575657234 1.9331017540174238 2.2961996297308955 1.1191365426802362 1.4684502153009238 1.7252091338422053 1.3348767214652133 19.54400333360899 1.654487509470822
0.9900186047968028 1.0536646820798152 1.0072975294537048 0.8441715302303903 -0.07412451141533896 0.21096652699040025 0.27317159367577293 1.1010303162222586 1.9973516044603712 1.4897296156014377 1.1273384699223372 1.7347496095767025 1.382660583604663 1.1420317953224168 1.9086653353610106 1.2153388926283744 1.7073076021753204 1.6402254993416718 1.822688664747379 1.2618710402575122 22.794876084836254 1.606607315476941
1.002154630594902 0.8991519763764336 1.0025398454067573 0.8321425548964394 -0.16022609189913403 0.2535355960500341 0.3290744364895754 0.8869351081574391 0.8566401440189698 1.6219134907502823 0.9621659641009798 1.6496016599024343 1.1540858577182815 1.2825806026090514 1.8295323368411294 1.8117370516404807 1.6935846706536912 1.469278534029217 1.4535305751185161 1.3038863874669908 9.337352135695674 1.6785541522129122
0.9988074608241172 0.8608646491951005 1.0072611333160517 0.7850637538943078 0.061744989593140565 -0.2273580299010659 0.2282032075169339 0.8984534016028037 1.5158409068151733 1.587186022852555 1.11984266565573 0.18405992126557613 1.9358375147290645 1.1064208201091945 1.9431096372335572 1.976622530475226 1.5687580329152144 1.5410991906675695 0.9798657383669179 1.329769849418216 19.412129078284973 1.813842108506649
1.0044763470473328 1.218392166654286 1.0007244467208807 1.0894020830379287 0.2725857749364921 0.020595082203886284 0.5371425210360677 1.1227311523979746 0.07264856081159098 1.3399611205569286 0.7563560572136422 1.554023038481352 1.1399908437728765 1.132690639747188 1.928058742961722 1.4615054217488115 1.2556487188918604 1.7630229578220098 1.4450871725273613 1.2605955365097234 2.717932499161758 1.6868532003812822
1.0081742437928851 0.8536953620123537 1.0034756732110848 0.7651608429598524 -0.1633126516406003 0.1176385205320874 0.8891816281282914 0.9033815171978918 1.6454836649451452 1.543360357077334 0.8326761335899244 0.8864413971441397 1.7013775069659105 1.3670264546726258 2.021914101449956 1.5676137177088063 1.677408304430051 1.6075231293045997 1.09694539548983 0.8853639290361807 2.962223421840945 0.7805176842791454
1.0042546736955924 0.9766880665701181 0.9908406640701908 0.9429105530969356 0.20241428514508591 -0.17907547737006402 0.4682379491086059 0.9322473820087861 1.984908233183803 1.3961011443251707 0.8278014481190127 1.6598713696160812 1.2227314360709698 1.1250198097535309 1.92571282012059 1.4830075530811573 1.2499014094831267 1.7086985745231633 0.9651891507892812 1.028100718175482 7.993626975923825 1.1656732437508974
1.0050669435875879 0.7644243568425135 0.9979125866368198 0.8518060618501064 0.01610402907728381 0.1287600615839971 0.33950311608521194 0.9513861975617075 1.7218563098813273 1.554178765443306 0.7068166845025063 1.4153149626363397 1.7240302563066217 1.1055080605514953 2.007679891812594 2.051712366829796 1.4502321857319342 1.7591717164166822 1.2091559196224284 0.8422306515589593 22.302512592672567 1.2358075238562498
0.9980596555568392 1.0195027257826397 1.0083630625675948 1.0723750442450843 0.05781165869823912 0.18661261999538253 0.4719286415109966 0.9685267921185161 0.02374167518644206 1.6758539154028225 0.7331177324287832 2.2377725460820126 1.2852753338866194 1.1165631895452808 1.800756268733337 1.2527813790083195 1.344643603851234 1.5964939501563267 1.111324492655585 0.9514140531082576 15.544166220671457 1.527051539217191
0.9973948164892085 0.935377901294629 0.990230307556816 0.7501434526899474 -0.006191215914507886 -0.16566810935212417 0.08194856982365407 0.9678297873955829 0.5161655358864937 1.7113488369974488 0.847853770715122 2.1159933880330093 1.8922659886577 1.3418515776033477 1.9435352372584629 1.5174108142268083 1.639456930878964 1.4756896845377903 1.3066292231655199 0.7017909438061746 8.632927521565751 1.1738008381915273
0.9961332136531459 1.0766024689952263 1.0003232664669872 0.9988085175121754 0.07275206098945308 0.032836996503937566 0.8838663673161525 1.1224418187772438 1.3582452449536941 1.4308386821918964 0.774594048761612 0.7825069703764984 1.7081492157310683 1.075731667649938 1.7351100033377724 1.8048116578112194 1.7000628440177594 1.7729004314761236 1.5415633684926342 1.229554478753498 7.429784198676676 0.7269789304728488
0.9991403302430097 1.0101014032956266 1.007230730707723 0.8590685465323248 0.16010837766155184 0.056399295952151485 0.08874800861318376 0.9159302509005995 1.1409583900674027 1.6742004081970387 1.1076388935355688 0.7243462463153681 1.2496940636758487 1.1765261076207667 1.7704333387912758 2.200571627929148 1.0654818679200064 1.4611975060361957 1.856584623184117 1.293133263513911 3.8860840930110467 1.5878611643427527
1.008444946607028 1.150234415131244 0.9971732341685456 0.9042634684520627 0.1538428564659265 -0.27414980183843 0.6190918047199878 1.1122967690022891 1.3598081556332555 1.4420235554840721 1.1882721931190603 2.1788671933999466 1.424590587047817 1.3260783418389015 1.850195593274393 2.167158399090056 1.4312365889126553 1.5887301475535807 1.7146356036281714 1.1187819782778319 1.929745121802975 1.5024808007068433
1.008529170001631 0.8240783282678535 1.0075308964233465 0.9585842650295682 0.26312637691615676 -0.032138195701468864 0.966857100393078 1.0722728953625416 2.270057958162369 1.6654704626709131 1.087069921277675 1.4640299063902202 1.6579820716601674 1.2005890521869231 1.7977554697175209 1.798397655952951 1.3154793321268425 1.723188337674884 1.5524648896178017 1.2145819691285686 22.132786702286726 1.408655451964702
0.9928121121541631 1.211873758371543 1.0066042201762602 1.1097189702465247 0.2093645855591985 -0.030790841053817353 0.45947629725997585 0.9010667376331316 2.070063684911746 1.5649880824686326 0.9695535587608957 0.41960363226684066 1.763777886596211 1.1925285761145914 1.7422038961076225 1.1922099618224993 1.4218888215315064 1.6090710401369166 1.259449579679023 0.7791423721751692 20.64905384216786 1.3689429922941831
1.0006756284566607 1.1222416583242543 1.0074702841200724 1.134904902813089 -0.03224991225186796 -0.17683163952126243 0.4045224359149382 0.7626824158727552 1.3945649072502948 1.542693417370966 0.8379536814157142 0.36605356461729477 1.4875356772049606 1.3444769665335405 1.9454955988793112 2.1208091570000622 1.6331244895627322 1.6655910128171225 1.1390823915715398 0.9289096081727399 23.424967702275726 0.8722639691565203
1.0020475342476525 0.7947171880105628 0.9926012357352633 0.8807755902621881 -0.11468941313650263 0.236349860381519 0.9953204821972298 0.8034605491836839 1.2042788636053088 1.471845333349576 1.1848617282159055 0.09254729202146388 1.6004854785302693 0.9526503786263801 1.7295917270644932 2.5441082496059275 1.043644551629703 1.709405376502127 1.8597610334014976 0.8327907943107675 14.402881852029502 1.2116708459903502
1.0009403945094073 1.2474159193537724 0.9912355532791658 1.1614386718761907 0.1321762257129015 0.20541803656881802 0.29471861062437565 0.8865885475783154 0.16373153448061115 1.7048564833962643 0.7804448111295298 2.031544896357713 1.6257239126780365 1.0698938844942707 1.8374958620657886 1.4651258612719533 1.349824897594127 1.6061112156603448 1.6011454399285574 0.7916554262719163 15.657149295146063 0.896891516790481
1.002994936577376 1.2107188466334704 0.9958313190567359 0.7542599122159213 0.21918256776013584 0.15939810187146736 0.20609269266944721 1.138779887941845 0.996071126507676 1.5689626794986915 0.8233687356460736 1.2371882761217596 1.5849212616450845 1.294259989364346 1.8687283924631437 1.6606104391747276 1.133307454580021 1.457897652110148 1.6814013541975301 0.7880010495922487 5.236251282387965 1.428459684115638
1.008952067495011 0.9841470384591406 0.9913819457441716 0.9709179730516784 -0.09006726843904295 0.0019575414949867254 0.06063271971210108 1.1348523787513156 1.605596456595154 1.3355380677661641 0.855247552605751 1.5804163022088626 1.9564719250583085 1.115988836663381 1.7417328917054598 2.1134343012130015 1.4643402305828461 1.5267716152910225 1.7921251454367044 1.0019691298968458 19.48031642752691 1.069688067804383
0.9933022984132012 1.0392114772765522 1.0007785488807086 0.8096955757793989 -0.1957041758102328 0.11927247829183246 0.6593592539779054 0.8788612767977636 2.0247230222593697 1.4750650885891214 0.8432156152807633 1.2637905282130313 1.311825279667828 1.0112352208155653 2.0410291473005517 1.3546961181160486 1.703975650943462 1.4971667334974563 1.4254766004185873 0.9778841189686546 13.968690389137894 1.778313223539954
0.9926996413549396 1.0673525064934504 1.0073577005747594 0.8542750734050086 -0.14592196615318923 -0.20740480513678017 0.36713679027222473 0.9993683250166481 2.1769147375057547 1.4930592921427464 1.0087131663599396 2.365721306788705 1.575669077725097 1.0024223799446204 2.0150732893812826 2.323201972935672 1.024489127345365 1.6088445519748924 1.673959527675099 0.8595581390779543 19.167667995616142 1.225532308612327
1.008785051300807 0.7962011824707906 0.991911439925455 0.8865408196407871 0.18215828072322304 0.07404251580452409 0.24991837712171694 0.8569313242452802 0.8639885376174873 1.6017727938335713 1.018374422781712 1.4836245920097124 1.4768691198422141 1.0287656859146264 1.725422768362932 1.1024629386274067 1.3102060925938628 1.5554473383729492 0.8564147736571601 0.7990449735587563 7.499003867901011 1.6815689175755943
0.9919317270895744 0.984934564204127 0.9962414706657314 0.9926853808942715 -0.08513636518925857 0.21502313181263494 0.6578528805170302 0.8227869418061409 0.9966428291047031 1.6925902436751343 1.196314545504949 1.8311965530740562 1.8501540392376326 1.0578252897951907 1.8075092499176346 2.2220222415191992 1.7716577724062317 1.601956103430987 1.543400126933899 0.8067305220201072 20.478199599024947 1.354816608595852
0.990733537202764 1.120461529369796 1.00132208129929 0.7929534977096377 -0.16906681763799414 -0.23745022914479785 0.5436724573641064 1.071469601957429 0.1771423163008374 1.4193369740228066 0.8932333760102984 0.3814905581718812 1.1268189849490913 1.1880038828764568 2.0002046653158567 2.134771256339522 1.785416169706425 1.4505156805865764 1.129623870746867 0.9769100598875592 3.800986437132669 1.1875985280925745
0.999166959903527 1.1178843125782862 1.0090022308461248 1.0781640626287425 -0.2464347335485701 -0.12823246647410005 0.10507372800007798 0.9074641622633923 1.28294451353088 1.5597220764021205 0.8615563463745449 0.720105970009588 1.8635385419459922 1.1789143841909617 1.951565597892342 1.2647577455181607 1.0433762211481326 1.6712839554764132 1.9612189127391981 1.287379121379724 6.976269305062727 1.1100011165939703
1.0033991452898847 0.8154590309923249 0.9942288310472818 0.7668470226837183 -0.2780326243339353 -0.033552739093733686 0.8842518390986225 0.9127092420128182 0.24520534806839833 1.3262780412276154 0.9369473090586677 2.1930088103069303 1.2748458493933634 0.9178615173127159 1.9708544734505995 2.30840416139323 1.6516231689243974 1.7097918328073964 1.8992668586171038 1.3216301884628394 17.390067104970388 0.947443347502534
0.9939970453834635 1.1145098906535065 0.991041611042251 1.0032041723950713 -0.2902004059407555 0.10754151300313225 0.22743451194607373 0.928649572559177 0.47681612029614606 1.5343553632430478 0.7116595012573667 2.1753914846009192 1.7369271242164697 1.1092394073689584 2.037076638202879 2.4926666281458347 1.0988429061568423 1.6482422108218282 0.9314322770146453 1.3791902346896197 12.605286491391876 0.8085483364780298
1.0073324947152635 1.197728720847501 1.009161495478392 1.093157753639678 0.011360817520256028 -0.07025870352797056 0.5672331645201347 0.9809803724002082 1.8740660356101542 1.4327187631764213 1.1021083076538911 1.8179941978827217 1.1694058975017547 0.956719580715814 2.007400054755172 1.181278644349307 1.383575278492196 1.6356844986506176 1.1101246985943047 1.266433226574779 15.15401470676829 0.8459711158643726
1.0005921145265217 0.8262124957723634 0.9936334806581868 1.0224019231344892 -0.12466937062378444 -0.2705672704888311 0.4796967725504993 1.0011191628835443 0.31885082641245116 1.611461657873937 1.0945416745509526 0.45261376641981466 1.1557198149234496 1.0355428516800798 1.7634477354115172 1.8381726533946063 1.3410080970990932 1.7810596032516526 1.3300507369490608 1.2086781817782388 13.342159030224458 1.6610991828959079
1.0013509488243197 1.1759783119809883 0.9951780946762115 1.0788358006215268 -0.15457180347573624 -0.2169053726590786 0.6542033568042931 0.9363378445079833 0.6711432920582904 1.6323940538125072 0.7069535014942807 0.8930726603736306 1.7243292343325798 1.297231361715534 2.011079733831234 2.0573344661230486 1.3950605115623682 1.7183437160900508 1.913431304236739 1.248448384620036 6.651567056119022 0.7653614390803389
1.0061535836609377 0.9448924587255141 1.00172827470613 0.9059937882821337 0.1556525069997976 0.1576984902198888 0.14463665493303862 0.9825388292435318 1.208420869992931 1.4322807612599104 0.7521450602499613 1.0168358410269387 1.4088935289523752 1.1540952527829558 1.9844787515461264 1.9830567450288479 1.713717387160059 1.7136042709929 1.5236425960011435 1.353972700615512 9.636533590039505 1.8230379879087086
1.0055919678208152 0.9642530049087039 0.9976353240405966 1.0714123720236854 -0.2891217414421501 0.20279552768208403 0.636310495903463 1.0481853256171392 0.29599966538943345 1.3224214614926542 1.0211491199383933 0.5644907822283515 1.1276946487779445 1.0413221943541147 2.004938586870509 1.9414733148704628 1.3553013713770536 1.6800946327588107 1.1440521803155879 1.1674752473173324 8.341137436791433 1.2578693891123365
0.9904962864204042 1.1129842452202154 1.0063972754355777 0.7675645914859129 -0.017751453731835676 0.21859217540371395 0.20163172366510926 0.9421932167945694 0.7514774641634314 1.5902203761890972 0.7891596971303697 1.329705638712013 1.700848358238444 1.308356348641713 1.7945921546617234 1.5467650366412027 1.0739024885210504 1.4752988104233367 1.6146120127917647 0.780074369068741 16.902860707765893 1.7293162014764307
0.9953054757511041 1.2141306333197701 0.9985267370677129 0.9899265636016724 -0.1430176110048547 -0.004868382792580006 0.8235124268947311 0.9037451043153828 0.15708011130592034 1.6647225202677134 0.8035873604349681 1.1342023447909304 1.1979695890104716 1.2834111651182618 2.017152817902424 1.59474894858141 1.5754302380492913 1.6162159231559583 1.2926386354149957 0.8269841364665037 2.286487027939173 1.2950841179415602
0.9916784047797932 1.1694580248057989 0.9968748967582873 1.2243514274047926 0.16462535121882843 0.035457816821752086 0.24195767872457408 1.1313997441996337 2.2947439364323374 1.3763016722875943 1.0097890242671506 1.9375198670680818 1.2269186293418708 1.174064594736644 1.8859311328045143 1.249571444090378 1.1913008418866426 1.467964084490648 0.8613713303593755 1.1576670701663736 12.13803427357147 1.0643131047168506
1.0033246189800895 1.1609061563136178 0.9969911651076497 1.0427025314626874 0.2132360725814076 -0.21860464369681254 0.3080532382489459 0.7931608532671626 1.3134874691450218 1.5229198690382155 0.7378606411180454 1.1268634665460804 1.6607739545378086 1.0870815783234136 1.9911268895361882 2.5172050271990747 1.3140909441563735 1.7637010100734907 1.1571193459725573 1.2673325540726943 12.767078593107549 1.3000445191855197
0.999416082715545 0.9208280638233031 1.0070113094225137 1.0534192021129534 0.2777840344284292 0.2962219955784769 0.7035190449598466 1.090594245537389 1.3171771891494686 1.369520507948985 0.7426436420677193 0.05243459615866331 1.3612486456329915 1.2889679608304578 1.7023197679900162 1.3630547802685988 1.5244610961335818 1.7229781826029353 1.1998301897078543 0.789209113931323 18.1788852239468 1.8107671869136852
1.0090807171618648 1.193955617625032 1.009991085321451 0.8660754778687263 -0.29769517376161414 0.23736897883454938 0.5035845742509085 1.1042899036288745 0.8351618221456574 1.693699234200148 1.150038894871498 2.2802330301882625 1.642889151126279 1.1410218169968085 1.7273941033371902 1.496154897135717 1.015742977665126 1.5427515848124138 1.9180102679599211 1.2529130205409404 23.49793321295207 1.3711675836319808
0.9903671343738676 1.2371674937421502 0.9904321408494943 0.9357338083432619 0.011897949755876769 -0.13715231478135023 0.5003073412438278 0.7904960064680042 0.4310530817895438 1.6283485629579624 1.0873014625110615 1.2758725376267812 1.8319237118029872 0.9500870461587099 1.9104222428226003 1.6786942039768231 1.4311863962805602 1.6960856931153532 1.034685678439987 1.0498944310326155 18.281189410214832 1.131652501960887
1.005396095706013 0.7979764920284863 0.9997010760547806 1.0581153234889682 -0.2953377501347893 0.29470986409710115 0.5620503678231076 0.9020973892398862 1.9516802280064052 1.4353345360202847 0.9526833092716163 2.3790987019683296 1.3870335241944454 1.3075151392255742 1.706630212515363 2.1491705762767066 1.511550664117734 1.7479886613610631 0.8302774087514299 1.12697118662751 8.3957909099858 1.4771602020988865
1.0031658208777299 0.8863656756834052 1.0063498745122175 1.145710345876064 -0.22420711840669053 -0.22237898908987597 0.5958159759057775 1.098738395136045 0.6286261627550983 1.5285529288100468 0.8482663044324131 1.6216029144156652 1.8985548983416445 1.1256430826885728 1.808441883133662 1.2406369578240561 1.7114000929911324 1.6379462991029121 1.365585327329509 0.7720811912278036 7.94830271230246 0.8655284668638269
1.0094745473697557 1.0515449892928388 0.9978855208749811 1.2089800030901356 0.17381204035293496 0.07233774166792939 0.15978482238488761 1.117262142733913 0.6185975221635206 1.5216947479061778 0.8254753403685199 0.9535652808401229 1.2768088143497662 0.9213251988967127 1.834317563330466 1.6731035613166778 1.6044783420153195 1.553163104754436 1.7890396794510472 0.9021803452368091 14.33688757807068 1.6198539232713092
1.0090393610342219 0.7597644004291176 1.0020065246105094 0.7526392594065092 0.13064018468919536 0.21404641923636897 0.9372740137853856 1.093559815950295 1.658140097249654 1.6011230085617605 0.8632032428549434 0.2917522043916096 1.645459613396508 1.3154449548019196 1.9873364765644936 2.0167250869099123 1.0917890194482607 1.7017806612949555 0.9457818450260063 1.2754072393318658 13.368677506862621 0.8788650424569839
1.00420562017802 1.0784383809681177 0.9988684263635645 1.1288272294300754 0.020465744862907975 0.22439802667149328 0.6333607870601057 1.1213614824668792 0.04480528404177404 1.6199465939502677 1.183289497166641 1.9713500575820837 1.2383306555555313 0.9607417963129041 1.7974246395190836 2.287433871843943 1.4521104225664458 1.7222965313104808 0.9875448735332477 1.0089112526626132 21.818896238350884 1.1935158902293768
0.9997240690776666 1.2220195585558 1.0005941305847057 0.8075616890917344 -0.2086941308986944 0.10165326958667886 0.4019694447419575 0.8720580610456746 1.4375416016256966 1.6951088671024046 1.1970138452936574 0.6164515231247193 1.2701073242188416 1.1089053885192246 1.9216607316666892 2.3752399758133076 1.2650128504758822 1.6896610441171962 1.0376832936739862 1.1690701375748236 22.663029265349646 0.9829290760107161
0.9961821671055138 1.0041351679204749 0.9952117936362128 0.9693619901216121 0.16901558991822307 0.05150189321419968 0.6437396314828657 0.9333384761263812 1.0424568894992756 1.3499982974595386 1.1403920044641422 2.2902131507434826 1.901518717777805 1.051334223294403 1.766748316873954 2.065698424931117 1.2790190628856049 1.453266854672966 1.0485574577912813 1.2252659067030287 4.851984940553926 1.2485403621903426
0.9911846263750917 1.1572811837718533 1.0015455110613876 1.0438314319085615 0.20562136039503637 0.08165965986809864 0.24695929444689443 0.8010116610887767 0.06264584901664272 1.4460794615199244 1.087913031794702 1.2353860528024607 1.5986201883491864 1.3322250976841046 1.7984982282282655 2.0244166822605187 1.5907183740453088 1.7645123454634903 1.9649270125887062 1.0563758884078545 5.265953519647617 0.9731718679654194
0.997215414032939 0.7650364915935923 1.0009524379235422 1.2287294747968112 0.16367985876574714 -0.05114240809034726 0.49962863736782354 0.8437359358320685 2.0919570330303676 1.594809657115925 1.0757858431396832 0.9014922098499336 1.6718083028879653 1.3275629245483167 1.7697192044095764 1.557413081976246 1.021055499778261 1.6341507943876374 0.9675864783819873 1.232282000897269 18.5545998227055 1.7397151421824528
1.0036364897277272 0.8627677404398051 0.9995325710095608 1.0868437670920588 0.17563571682283313 0.11256605537271985 0.44189286368455233 0.7614916520863972 0.5867342019565045 1.5640627656728434 0.9138969573967948 0.29962096466510507 1.3417410032735668 0.961266515759901 1.9897792068171856 1.1439856693228971 1.2226591634091517 1.4687162355040675 1.4570265251294054 1.2789337514363965 6.527349657804846 1.7522193169193478
1.00724283139144 1.1965921150869767 1.0094041392595081 1.1685802436633177 -0.13336078098405146 -0.054576575012782735 0.43944621166883274 0.9314223477864737 1.1576155498430176 1.472033927260635 1.1790328158652374 1.8694277081002353 1.4016083097053968 1.2626755731597181 1.9465105261798428 1.796500227870677 1.3579196382839376 1.712588614260825 1.1471719255543447 1.2336618702595041 23.38602084535078 1.748238188933851
1.0022743580274527 1.037776793617956 1.0050675944812208 1.1444286566059327 -0.09211022861531815 0.024628822094207192 0.33364897062460563 0.9000028061902764 0.7837567731565511 1.3524232652632109 0.7214525103545208 0.4047199061070498 1.7494080482940628 1.0381106219595706 2.0599441668354554 1.1333170285299856 1.1826784046635113 1.626851885494813 1.8150151483418622 1.317087883323759 23.329082188777278 1.8171519983094386
0.9970703946312992 0.9378613170760972 1.0026168195577172 0.9049457458463224 -0.25414088012806413 -0.13987527694818602 0.5814388963082956 0.8849669221584942 0.2088625366202539 1.398454840618956 1.09672283669015 0.3441930824390464 1.2395041688114696 0.9909063798324406 2.047666634997583 1.3129032213943208 1.7569863529475462 1.604289601736394 1.9512041860636853 0.813369112726148 20.43645445880322 0.9449138417698902
1.0011737767317657 0.8983886330660374 0.9967375841003866 1.0214059361318326 -0.09495372086915285 -0.02218977803613198 0.8336562703524873 1.0959203944631168 2.1672187428338314 1.3426707955430084 1.0068109656877529 0.5511613988247747 1.7101798881195287 1.2244747626602939 1.9821814308122234 1.1698386497210966 1.6381936514127289 1.6284510905488827 1.1133668673699422 0.7540854302241958 6.426458493913757 1.6520955525118595
0.9921386493143418 0.8577672485454667 0.997197192692408 0.7796510285465261 0.15324806430442767 0.05536317709649252 0.5369346738325269 1.025394922777929 0.13207705279024373 1.4303914679573464 1.0488754647117489 0.22720041508750877 1.986722287534585 0.9458249276748226 2.0602005129882355 1.553325371714679 1.6226022661284327 1.7001921915291835 1.774149381110528 1.2016956949365567 10.452147424102336 0.7694123533847264
1.0017611825451063 1.1087839514013358 0.993570372957792 0.9137547480096846 -0.20220788443333249 0.08950659277573103 0.7814986170170992 0.8233553739497785 1.29449753013785 1.3699862734326673 1.1396153159296096 2.33792649976897 1.7353302982383365 1.1686561493362757 1.7792032380194145 1.4402830771922235 1.0777209351243546 1.4470686034807612 1.0533656407314824 0.9448401127027954 19.347279186558787 0.90638877965785
0.9962812387701375 0.7941035635346432 1.0097460483612546 0.9813584308228014 -0.10630823472016779 0.2760594653623181 0.5406072789489577 0.7875842869181522 2.1862314894771107 1.3454432892898478 1.1383540965085124 0.49982586245194865 1.502009644438753 1.0885633379957729 1.9563120858612066 1.5478489155406026 1.01710607630715 1.5374608684234101 1.2465700291621375 1.2419841681112889 11.572009359913423 1.802418527350421
1.0027624759168594 1.047835320917973 1.0000152553376036 0.7974059721126086 -0.22667963027435636 -0.13112904368600214 0.9614703816938496 1.0489613347840718 0.8603301524768496 1.3287264702346766 0.9917739163478947 2.1826060550044653 1.2797978555364373 1.0956865157729836 1.7752859080784715 1.6636110393849846 1.3047051286210436 1.5551162913342647 1.6594664100013112 0.8004502326777658 2.3544033478618127 0.8893106822984342
1.0060411223230965 0.8804252064160405 0.9946310258465145 1.1758747683576756 -0.24997797196219382 0.1389347625301398 0.572135887273301 0.8738737782754713 1.0277517271931809 1.7107156849686782 1.0447927233382375 0.3630491617051919 1.9302223974783406 0.9733963315897883 1.964668878344864 2.447064672349021 1.167046187470042 1.788845950899513 1.8853354775854976 1.3271937463296712 22.785363703066874 0.7240623100035404
0.9920619524905032 0.7600433125192088 1.0035638207970559 1.0613081505502762 -0.15380865832014295 0.029213578898166004 0.23029326025240476 0.7817316683966601 2.043513077562852 1.4803143342140366 0.7102007473203158 1.3519573243122072 1.1648874704497956 1.182714365044817 1.825724404548615 1.9959668628702523 1.3771083858975364 1.7382421914311992 1.5475799210569188 0.7616595790570799 4.016709623245082 1.4346209287761371
1.0098841778241145 0.7929145571585954 0.9977681497026192 0.9839581878660102 -0.043250107155275164 -0.27587368938289697 0.6279128124856963 0.986961349657137 2.102414045115118 1.5875867493769498 0.760872594011448 1.7764895201326387 1.3712006542010238 0.9605379949054995 1.8519082628389034 2.553358887159309 1.6975176199127673 1.4467391840610428 1.866502663291404 1.1311301292321958 3.6120862849787985 1.4577041666733526
0.9951491437548793 1.1532663720999488 0.9916188854490524 1.2153278805487586 -0.12504003064757302 -0.17101698595477471 0.4076941408917222 1.1260001495243488 0.48420929020608355 1.6985473975251522 1.1753597135802247 1.1604724488743523 1.5667344206632454 1.138633112108212 1.7927915215203412 2.231397876034276 1.7582584357925686 1.5933204924018334 1.2809740807008 1.0271351930840389 23.145243288343167 1.7420645060254534
1.0070281077306493 1.1377728730128989 1.0062539615825343 1.2016342594786185 -0.2987551485581022 -0.18212892923896323 0.17838737758787795 0.7961547195980448 0.598369120570152 1.2916144199225847 0.7300131286334017 1.4278236618573732 1.6525218794693517 1.1778575149691188 1.8121149644022798 2.402774950012729 1.29484888913683 1.6744353857255965 1.0622612696668219 1.3608827151308411 7.712390598608789 1.4634908238835713
0.9974271344502218 0.8568023029087688 1.0085169355729524 1.2277028630575915 0.24124437556024908 -0.2570580270909226 0.11241632292132796 1.0776574681564532 0.23414968599209554 1.3455443916920395 0.7210157334211903 0.15486638002597822 1.5425838033308152 0.994319129633437 1.7193174455544749 1.9540506120259238 1.5459730716541678 1.4817945270582895 1.592758192974068 1.1296635719411152 9.689379302551636 1.4831924162499555
1.0082552090126422 1.2211707362705542 0.9905601884034778 1.1644899982788648 0.07389112911028017 -0.08547257868431865 0.2371895457975765 0.9480401839686736 1.0311922523872268 1.5924791648964634 0.9480839958643833 1.2404982802989117 1.8102867557662556 0.9454725436922292 1.9079960983801643 1.4544672672459509 1.4027513805053686 1.7496487589634913 1.8809132384807479 0.7397083455869684 13.199704233919633 1.4494450878952245
0.9992758060659751 1.1338388696819584 0.9906078471602606 1.074807872717459 -0.10428668232406829 0.10222459786437649 0.5188966185916085 0.9482548953000033 1.5617250295516494 1.3713514076055242 0.9467799263207625 1.1715744941946935 1.215906356609694 0.9186854240086635 1.8422217806853527 1.4507640776639428 1.7296426871558386 1.5785804094941887 1.2557891580751757 1.3267737335460528 6.259505074068003 0.7849338044900548
1.0020159788058578 0.8927942415602235 1.0039320097245845 0.9777934564863718 0.10551606621810766 0.06481330757975157 0.07410238343170522 1.105364018714894 1.0214199474697785 1.53901394229079 0.8972233462736292 0.9033899536012711 1.9077456192193094 1.091796664197089 1.9713610924588578 1.4270299195368346 1.3666784548945325 1.446149583144157 1.1218547761391422 0.7952067005034672 18.394239290511727 1.4135944064162453
1.0000988319677242 0.8327806667858432 1.0004342317123218 0.7524154489778593 -0.17706419582585392 -0.23837315151447422 0.33892244318000064 0.8025245974581267 2.0567878576686107 1.4758308103240116 0.8068243274106456 1.3063094878653543 1.9227756550139412 1.079213791098157 1.7934526701994011 1.6816011430970592 1.0758362534550479 1.7265478617819996 1.6030172145761599 1.1107308570778471 13.767401660303118 1.0014706088847876
0.9918089258781815 0.8371042761971212 0.9992665972087523 0.9563868422063786 0.15768268136906677 -0.24775808533452184 0.42520747214013255 0.8591348417177668 0.22666155322217077 1.398160227184431 0.7990104989519284 1.8148690881962555 1.5678081267698523 1.1043251601851103 1.7025930003520204 1.141295139934742 1.44757992736066 1.736841992420853 1.6117112727305218 0.704660812471605 11.262508421293436 1.2756174759366363
1.0028459218868542 0.7767581605378109 1.0034413774486541 0.7723512504372849 -0.2656641158823753 -0.2929928370276497 0.4691795544779072 0.798247615729952 1.4847483782999213 1.6839652462976253 0.9412785411338714 0.8828814048741266 1.9804671659416977 1.0983172888297383 1.7046722386191577 1.9383408786356642 1.592740494400432 1.778784121348426 1.1009115448631464 1.048624895875905 2.779135071392891 0.9972885502332066
1.0045690014942141 1.067932485006472 1.002540023409218 1.2269104936433772 0.07615064539936828 -0.23482708053855675 0.5562173992705228 0.8378706034280968 1.9286759995770673 1.6016199692403863 0.9052680988921182 1.3454198081576878 1.2077350111779668 1.026564808407152 1.9784861501144697 2.222726088864004 1.5776267770923065 1.5483801974859577 0.934754926462469 1.3640979624614684 2.2206330577809403 1.218232055301761
0.9968613882843275 0.8324850241313391 0.9953837041933672 0.8490935572999615 0.04396335790142819 -0.045687086712492386 0.20767691760796525 0.8714373239895822 0.9425632581010389 1.4614643343794032 0.8770636100588776 1.6311996661771346 1.620049748251651 1.1349826807759424 1.9536942709509053 1.4925531330408734 1.7669453780037596 1.596158634467325 0.8739727759518721 1.0681389264835954 19.677875752315913 1.4508405486045384
1.000638093432545 1.0630799906775972 1.0055387166506589 1.1024829825650957 0.24644682579198757 0.14755635332719086 0.3503988883671794 0.916892440353329 0.9573954161285791 1.477131024319092 0.7587730495857778 0.48697553856284903 1.3289867837500031 0.9373427390448964 1.9629459751238003 1.7598396770836322 1.4854255706639063 1.7008319452590368 1.2180641042862463 0.8936916384729316 23.238085286485394 0.7018175861269753
0.9943865558344199 1.1682441887609771 0.9984005304085335 0.7981624071492112 0.019322446653885772 -0.25592479634942245 0.3838134671051179 0.9023584703875074 0.8015828622589185 1.4926085488583236 0.9002015909444011 2.012129349487582 1.4936026457213516 1.343463588736392 2.0640233260392846 1.2977332225761051 1.1240977133294954 1.6250961157016888 1.3698461398901944 0.8367807023916862 4.897022422143312 1.7638953373803712
0.9999664150254802 1.0004388055781965 0.9973855909119532 1.1585172772670478 -0.06177754251180345 -0.059543021189361195 0.7792739339180529 1.0846387028108802 0.97065158693193 1.3793987912162584 0.9859979349814569 2.3420659771612424 2.0070845624890437 1.1171539849873744 1.712193325096792 1.6528699755378788 1.1357130264343724 1.6070595078506646 0.9775836577316661 0.7545915528773891 20.844020676264982 1.735586700791745
0.9943411494047288 0.8948994341822725 1.0023467387154874 0.7580849278313131 -0.2712009008028771 0.24666074096162954 0.790292745466756 0.9850243968915182 1.131130376180843 1.7115199935490422 0.9754145289934872 0.8303931137826605 1.950619160060087 1.0879854551124366 1.9607526394926216 2.355112463008906 1.6447350719910663 1.45102903590896 1.6920695594511828 0.757793858025473 7.818383750578482 1.8322683453554753
0.9973325106645636 0.8043091392176629 0.9974385340122602 0.8412407809134316 -0.2554485608921989 0.04788742986324701 0.4497548283673835 0.8753070803430443 1.3711563543740828 1.6486276010678096 1.1079262416970463 1.5791585179723209 1.2028478062827415 1.1996802579922377 1.8439832436591803 2.5219011315270086 1.1222350730203625 1.5287740030300285 1.9422808830827516 1.079914717773258 8.07159325341257 1.6642821186527543
1.006902586664344 0.8597036100111989 1.0059688423414315 0.7858411744249827 -0.1646973556867449 0.07446064587405232 0.8261029380134816 0.8044644586004531 1.280480175326489 1.3199505257810245 1.0315135134247766 0.909202109454698 1.4698059309566514 1.3324785486000668 1.7519548081652807 1.5846132319058406 1.2385891993067994 1.4232159333224061 0.8585416867347632 0.8665671605299009 16.347665487222045 1.0143836511905313
0.990114158193772 0.9265375731975631 0.9987515747647475 0.9438226084741408 0.11805566295145054 0.04905409189764337 0.3635308946762634 1.0757826442219578 1.8384226743078764 1.313905901702841 0.9214495063175598 1.4238402792691687 1.603681729110011 1.3123074415076832 1.8277184701138967 2.1534688121990504 1.4185311395249622 1.4625417622363919 0.8062694539277179 0.9425330729865271 6.317264889250536 0.8791043350301435
1.0092559912771077 0.872351470015621 0.9925164050298085 1.2307432948306123 0.19888850832084948 0.0481263467355566 0.9152970493600849 0.8647275352544542 0.9549793084744546 1.501520898588619 0.854922332093951 2.2683578254444927 1.4160846730943044 1.2494788824561502 1.9835650026405984 2.5565172160521223 1.4254935101876294 1.723941880688436 1.201051797734746 1.0492626767480806 16.967126383411056 0.7915431823317605
1.0022370628652806 1.2175894018757243 0.9900289004285266 1.1697192766600184 0.1201455625053447 0.17114328871856738 0.588197187703616 1.128728328548073 1.3680210880310542 1.5087288020193814 0.898805746823283 0.827657877207335 1.6402414356193025 1.1910796189690773 2.0138167115909944 1.6770419031275738 1.2841373111105248 1.4338552804010891 0.9700396862073122 0.9091620589373443 5.702512474077368 1.3309308328764
0.9913923223890458 1.1051471707538392 1.0080875071664106 0.8027854535648217 -0.21526653689639874 -0.161786119017268 0.9102733239662482 0.9524395062605672 1.3194757071592367 1.712206881407545 0.8003720987881819 1.0126394114754036 1.542768139496604 0.9950144406431952 1.82904159699079 1.1618932653504677 1.070345711575425 1.753839950535993 1.819790103175089 1.248064777125889 22.59284663884719 1.116291023911458
0.9935778931506437 1.2462864820024602 1.0092743268285902 0.7963191992366394 0.20975389861310473 0.0857943359913107 0.12919241578720014 1.105448797761455 1.455764383405867 1.459021209312194 0.9712287338752807 0.18844558904678854 1.7444900322981334 1.0321599668769867 2.0047276767381392 1.9937740846673861 1.4546097871962127 1.595590819691156 1.7071617714960927 0.7279516681113447 6.1716013569048185 1.677460149333476
1.0069233522759222 1.099235940262535 0.9969276013929711 0.9014656186439843 -0.072389875539346 -0.0894186198410887 0.7375026987016563 0.9297259461549855 1.906977521349083 1.321262350879415 0.7845154128689364 1.0857868371919726 1.7536182953175832 1.0894377560961257 1.916016489035959 1.3823070153844443 1.0713821480380121 1.7757919163954665 1.2894025763011518 0.8764784795304141 14.98175083426733 1.1469830543277668
1.0010243861410015 0.7675927048726152 1.0090864813994413 0.9290403933501001 0.035567209507277764 -0.26023998327897 0.9949818469340046 0.972508014087795 0.0849488548266847 1.5784805400655957 1.0902097042222416 2.3302968841354055 1.248519753548483 1.026058622243284 1.7072923636299306 1.8704852819510422 1.6650078490195623 1.5778852212146286 1.6575840455316246 0.9080270638064448 17.663355674648397 1.5883054656780833
0.9991067497598007 0.897886788281609 1.0081503907309857 1.1919254835953805 -0.11049060894914534 -0.09723624505272807 0.25298535897253077 0.9786608118364322 1.475229134528532 1.6687438621552584 0.8296336909066273 0.2603617351102025 1.589219717960271 1.0156876134774195 2.018989285010123 1.6103106725063236 1.7214284720845878 1.5880541734243554 1.0638857058961042 0.9433008331976874 9.218475179992158 1.271321028457801
1.0015359584763956 1.0816205787744557 0.9930042004836557 1.1164011138812957 0.241138725076611 0.18455641836294928 0.870809830482991 0.9919755591133088 1.0112890585769045 1.6304837159108896 0.8107481816339385 0.061940398616780426 1.6302788536059865 1.1547345766933246 2.033757659513282 2.1255348220772454 1.7228152030170882 1.4913296567273333 1.660915222927522 1.0112666598038274 16.365281234239124 1.5011064664497809
0.998630324936966 1.2030209802232408 1.0005065814100809 0.8965126976955978 -0.17149301193020022 0.20918870416118945 0.08000460325114972 0.8677287341821078 0.021879665127946566 1.5964659115088373 0.766968230002152 0.4565123961673644 1.1823905479880394 0.9654774492846714 1.7749943097832481 2.514760022025092 1.154456758598676 1.7436565653745144 1.9532496186210846 0.7816573857964731 18.368010581811962 0.8626902253580654
0.9918490007464927 1.0899504442800874 0.9913188728976675 0.8247038649684854 0.20104686944429112 -0.1433266965865481 0.4439265345857135 0.9138731876261452 1.5188229197463414 1.3642395647132735 1.0614494180715077 1.0069038184050658 1.7762611725174577 1.1253640363206818 1.8884080401983756 1.998606644171604 1.2006056969522112 1.7386794416566451 0.893156386317325 0.6906941053724484 12.821360435701905 1.563715734855022
0.9993662663688729 0.7862543877105695 1.0035339069078308 0.8167924313706791 0.29018162787060214 -0.22037928100975535 0.41587923617889144 1.004219662730846 0.6353804925312161 1.4477789606886082 0.8399376484419403 0.39165115646637216 1.1424765538436554 1.1107388762082437 1.8625528144238361 2.234042965519408 1.1944229758275524 1.773927710701699 1.2302024288669746 0.8091156229860904 14.849099857876144 1.0536646542536148
1.0051840170386446 1.1410210722481051 0.9911358930363141 1.0547036139208052 -0.206656893904819 -0.25884618832750333 0.19046089359988858 0.8272875353316991 2.132785029065474 1.3243654259187232 1.1249752587399358 1.8944978709407791 1.7288709947545273 1.1522133975108564 1.8880585611977356 1.3726504200954261 1.7511380196215625 1.5583051568749875 1.0399630440357728 0.9270205005272145 7.105610347339193 0.7389425925252971
0.999607174696334 1.220831775295005 1.0012415643403487 0.84698733737979 0.21797579894618763 -0.20476660350237585 0.6062497692996172 1.1205633982718606 1.2518355678616506 1.4082858706010584 0.9300564766023287 2.2097805253919556 1.6818754821693993 1.2570481274075238 2.0297852842006914 1.199143963201391 1.3394735845881534 1.6956512101114773 1.3573691418270615 0.7553065750050101 15.697651278211364 1.659538493761323
0.9999597595854597 1.1154793204368856 1.000254912742301 0.9825991606319477 0.2950411105337413 0.21433235986893945 0.5483083069990434 1.1233685768437438 1.7238107747442644 1.6134205120317064 1.1318982001747104 0.1995245156990565 1.347269426672915 1.2538151257043966 2.0550313837678154 1.753944270048683 1.412314193650268 1.4404991112473966 1.6851826657639901 0.9599540376104575 12.864621753636268 0.9699984534379132
1.0020779007737175 0.9826550124707631 1.0078621247298418 1.2372140861043923 0.051598523248859274 0.27778399566054207 0.667475083988009 0.9831184734671419 2.1167333216456456 1.4211502871631738 1.1805385547551577 0.10147051385105059 1.4792333625790615 1.0814261678536001 1.982336724962835 1.740180687108722 1.5417546499281056 1.4484486569528594 1.016897742386716 0.9489254459788121 11.51190395075675 1.0615881336459352
0.9947421703792112 0.8616969986072613 1.0099334099844945 1.1560469466148753 -0.28835622669266464 0.0801264142477568 0.6700927408720835 1.0342123109910584 2.341504084964166 1.6566210029435338 0.9081226875835972 1.5656918614638158 1.3759643220847646 1.0428958928219338 1.970441342904118 2.4206260826557617 1.3741208319268194 1.7850953121231208 1.2073172292749557 1.2324515345983513 16.185332368922317 1.537918961251998
1.0046576141334904 0.83183732355019 1.0027225711791201 0.895152545165725 -0.24905200294044388 -0.23947612041559946 0.8792968498384874 0.9855274493588202 0.6205641654031713 1.6274296832917639 1.0229263807454843 1.4183600601727007 1.9435124967752802 1.2102653046291072 1.8590270647380303 1.7551949174171764 1.3327508628953315 1.6579453669177366 1.286756217684109 1.2978765153143221 21.60439740129129 1.3652544248624374
0.9978687584899273 0.8680549623932907 1.0057516240404698 1.2100182839609377 0.010158002437303082 -0.18957557593878643 0.37326196001630657 0.7810480587484795 0.16074542298416858 1.3617997590191522 1.198907113984625 2.3620267780517556 1.9309770477524677 1.1456018694727066 2.00788293416219 1.0916824181946367 1.1402129673075019 1.601373893975444 1.1813027702852201 1.1117910151413288 18.196213531052557 1.2841472348974783
0.9918364083268808 1.194165778187557 0.9952384595909455 1.0900368213843157 0.03492425204747607 0.25513473204344633 0.34877745748735395 1.0700885042185635 0.6273215015059563 1.3933547039604142 0.7648641218718163 0.6924304343766979 1.926526115700257 1.3432039230075221 2.049808553077727 1.9839681737557486 1.0512991720921512 1.7053813302684475 1.094915901118088 1.3324246895131333 16.677453025649974 0.9133896024612722
0.9914588262856988 0.9996602054446917 1.0028595575428634 1.0639306574432608 -0.2623765359018915 -0.07534644564309542 0.2199903093927298 1.0652605999256117 2.0289907653572694 1.6852694884563832 0.7688813600891041 1.529848350494183 1.421851500514967 0.9619338964103021 2.0349809989341123 2.0634869057500067 1.1291106093509917 1.6920253011203998 0.9200938878419554 0.8620049767415696 11.413910668252509 1.1619421871659852
1.000536015109641 1.0045577785685547 1.0075688594163628 1.1718112639821907 0.18655008364577752 0.2717344886995913 0.9703997738325698 0.9244602898133709 0.8487031971790701 1.4508026779387786 0.897838603846842 0.975226371326924 1.8604625341502052 1.2149451788465808 1.8758619183898202 2.1818229845464017 1.352885687040419 1.6053827300608792 1.6685488437565081 1.0680672794968384 22.265657950880488 1.1840436073855432
0.993903022485757 0.9217515898081237 1.0091047565636742 1.1868018296705998 0.2437903228839839 0.07751790406907805 0.8910871779173137 1.1393340136280286 1.2454423523795424 1.651897837653221 0.7110326818232593 2.2284169519159938 1.3173797789562463 1.0125781377431466 1.9350026324471266 2.5258384642330096 1.1961413777625667 1.5941289190388344 1.0094768005971662 1.1279032005818714 4.2733457837606394 1.6859754565715548
0.9915620956405843 0.9130746480129273 0.9937971073237228 0.9976554465660251 -0.0977818441227565 -0.058870772302244134 0.9543732239375609 1.1322544137369888 1.5455888822068349 1.4140412780430842 1.1510562889549962 1.2714976227983505 1.152015093387032 1.1271286860312575 1.7721410859472766 2.513490816380846 1.4393844246773981 1.6695572119490685 1.859532781944445 0.913893711750078 8.387082187989323 1.1825178405411296
1.009309230893291 1.1913896308131555 1.0003980623775643 0.9255110123887549 0.2792036804659335 0.08797380241107117 0.050692811589721276 1.089537532046135 1.161212593260353 1.4166757168033777 1.1426364560655589 1.9951118130651677 1.8812601693456148 1.00450393216046 1.8476943896826465 1.7868559192365385 1.5387780564624332 1.7416656854589574 1.3126491435983736 1.1723147729322265 16.07821422841544 0.9987304749413659
0.9910795618405666 0.805056577500205 1.0095105507912896 1.1558544582340478 -0.06958106160519356 0.0239529564710963 0.9887137029452231 0.9909515898769523 1.218958816417789 1.2905342781063152 0.7684279751986374 0.8578130696838249 1.1774719177852344 1.0142045952569934 1.9758159691716684 1.2936733650289294 1.7243420627436725 1.7574232680457398 1.2480734718502984 1.3780560420708068 16.750841869421176 1.4641856823878379
0.9923065658683582 0.8213877460182828 0.9998553234617021 0.9024296049311218 -0.1769874100386609 0.2323785643299509 0.7081853954988596 0.8880567845786602 1.070822770440585 1.527190367698454 1.0522546292660178 1.7037674890868746 1.575847525303931 1.0162645660669327 1.8770598971012462 1.1263663289092172 1.486307070178968 1.7058215651594115 1.12820950428804 1.3092396484607258 5.015491367024451 1.3371344340410545
0.9914926428768075 1.1046847300441467 1.0024023308242638 1.1937924641351616 -0.21629304205098787 0.08289773896108837 0.8993038873039818 1.0665023484426626 1.9173268180401493 1.344616321593503 0.7320597593619493 2.1292122591531966 1.2913408681492033 1.3219691254639612 1.8308854383806712 2.4086156700406507 1.3332339428136915 1.7496959900462237 0.8695993574435943 1.0317347646292097 10.684838086831917 1.6145371075949329
1.009719515887782 1.1104797071524328 1.0018884250218256 0.7916573188970708 -0.013105584568760764 0.22465676688666908 0.6910304592048153 1.0795715306973084 0.9148284846195305 1.6549141895198438 0.9147121912365178 1.761247711433646 1.797511268050973 1.028970078684771 1.9662601255853596 1.6056437752894497 1.6400610959370918 1.6399325163253746 1.7782006935060513 0.8237509456840051 17.29594978730259 1.3221511033368702
0.9939461325851525 1.2255391882039641 1.0030241848655574 0.7828438740179686 -0.12204257925461895 0.2639784227876188 0.4338450370746124 1.1061988227662942 2.0677394064997605 1.5853409599333914 1.0466557092936766 1.210220958908657 1.7540890291355833 1.007649647909208 2.0199994198236437 1.3347788543385484 1.781818685522161 1.5764657371443243 1.5859803095783982 0.8028710747740985 19.95164210476027 1.4435824533288824
1.0088900614393446 1.1380773103233521 1.006269277231109 1.197268763012349 0.23887056997444694 0.18523799361529092 0.9286487842156336 1.0756859276353044 1.4186505114460444 1.5867054513816197 1.0867409708999753 1.0765244875480078 1.3081444297363125 0.9859339909203422 2.052336668867633 2.0582979133069603 1.1654389078766432 1.6116583601347843 0.9006986364763481 1.199329483275865 9.783737280649856 0.8714636700967799
0.9922636796014158 1.2491137352387525 1.0016045018874695 0.9556214262561438 0.028898298385084398 -0.13573787200263715 0.8694625611158904 0.9915276304107092 2.2927127699195338 1.5931304963564947 0.9912751231663083 2.034251203326165 1.2292006122927936 0.9851336216741164 1.8531813410398323 2.172534584842652 1.5490704087496505 1.7625197600102782 1.5376572094847174 0.9824652224514483 20.747938810799912 1.2015758694337244
0.9915381097145005 1.1867622428883304 1.0076109215329818 0.9490247241128175 0.17929908993253846 -0.22751200089075968 0.8145519021366183 0.8125622492825902 1.1096098903832399 1.4713725205312211 0.7755235694998012 2.0164470568484503 1.876990249905608 0.9548830616375261 1.719753545443234 1.7149943848471296 1.4822039252675894 1.7032183044068123 0.9163081534952964 0.9616954653698097 22.543859648096042 0.9706769025720375
0.9957535954760951 0.8163079424074805 0.9960592831011572 0.7506605355318386 0.28159204973729396 -0.1321988306659391 0.41162506052617803 1.014309534539227 0.8977889708201299 1.4238623272994706 1.1582350931534122 0.9497360928640831 1.7111256031941116 1.1600818416702645 1.8714147467888826 1.6140076229828089 1.7236206267066883 1.5241351079568328 1.687641275654777 0.9391296878338868 19.51323223967277 1.0567951966986477
1.0038276110918298 1.174067705032998 1.0018542568656092 1.0553050300041011 -0.15293823828792413 -0.14855743721001546 0.7062937359898273 1.1120705342347585 2.080760253060624 1.3232870591787795 1.0454665983514861 0.6040336484883612 1.5589275382980012 1.2784000141641187 1.7964415238496443 1.7175131435451374 1.4156696094630312 1.675819227678217 1.4019705810905019 1.3419581880807834 3.928580952941622 1.745257334059454
1.0011809843373356 0.874602346260335 0.9970563479171456 0.8286201309601082 -0.2105470299248356 0.29659380427945664 0.1564227308187195 1.1283835733144594 0.15489397588492776 1.5118752701636944 0.7992443237447252 2.3539591527489314 1.35988892323663 1.1038775835538872 1.7122979640705012 1.5372612838659667 1.1018680443687425 1.5937423820263936 0.8592076456795829 0.7516829349386462 16.71086371064457 1.1002230046911583
1.0038725207373222 0.8437178661385152 1.0082376110078166 1.167178067805857 0.06545308842129555 0.2730258817842937 0.5389045662831358 0.9304096697396516 1.8437508525139568 1.6330534996715804 1.137452119098706 0.4915553739828514 1.9431494045328601 0.9149363157015825 2.006027880617378 1.702222204502962 1.1924708723229192 1.768885366189121 1.8533130797340118 0.7189136167463082 19.588754368171713 1.3724055339164072
1.0079102210608715 0.971499432352709 0.9982502994232907 0.9711068322373243 0.019945224930096872 0.004848068220138779 0.6462996313506999 1.0006934030135943 0.09140146561249014 1.4558226534192804 1.15082266246077 1.0877013147569272 1.8798301868298237 1.2113035957885043 1.7646029615082874 1.5561060285959851 1.257160078703268 1.4270821315422193 1.5578500194172866 0.8975935285423825 21.715875909737875 1.393191995020676
1.0061136148937373 0.7673506519506366 1.0043800459930574 1.1082566912293854 0.09593190915503508 0.19441038097223506 0.3022948746390522 0.9970251053855337 2.126624541558438 1.3214862039307043 0.9248220601135576 0.676736046313533 1.3723549542297717 0.9129979130917896 1.8019753620839107 2.5088624051216653 1.170331383657403 1.6220366907708108 0.8458834136598791 1.1706379691069826 22.814002416647185 1.6655026657839427
0.9931622020441951 0.980052131183683 0.990689261191378 0.958025942189533 0.27056554003808103 -0.23146380284557855 0.1822649893930122 1.0620856503484541 1.286375470669227 1.2948668767543485 1.042643536988445 0.42895777985540473 1.858845472069517 1.2289138055569753 1.9928993305017397 1.2166606761840477 1.094053272287443 1.5870755449610199 1.3286473536751782 1.3750970623373613 21.17673698043895 0.9532999026535407
1.0029291760100023 1.0022033317136425 0.9976794516210874 0.9982516783477304 0.2958038953485181 0.2478471591001808 0.7741542408648963 0.9457726477054974 0.7412006309848431 1.6170974112081282 1.017620133899996 1.6389980453283466 1.5298721613052284 1.3536160402403286 1.9504422815455658 1.6746600131331921 1.5055272075497443 1.6970119061589886 1.5121097590118247 0.8723037403887414 13.851659136139823 1.2039068418350272
1.0086178044679777 0.8472967310873346 0.9980059641706767 0.8781823366024023 -0.12296875031195428 0.0415005463280359 0.6143952434825437 0.8019117491785482 1.265484873745256 1.4430522686399296 0.9775722391234596 1.6989424357920995 1.9395281019480795 1.2680726550116261 1.7087843748601463 1.8092198572162466 1.1531933946750725 1.5211234288963507 1.3147072261795405 0.9573325965163001 9.964281859499547 0.9283747499802627
1.0016935465725627 0.9057823517917394 0.9915996755341354 0.8084827677307732 -0.09992844947239926 -0.11450515391813587 0.4296539687345306 0.9891428455745692 1.7259896694219727 1.696484477122172 1.1526506178375118 1.773271295934721 1.188748460841539 1.2077042877256923 1.8053363375063403 2.5984850120724285 1.2611137051330734 1.7174465339809746 1.9499575410488965 0.8697025952018753 2.6628121817146564 1.0831738896157792
0.9976268831349391 1.2082435620696876 1.0033941643951725 0.8878873765418549 0.1418099863769905 0.12936802448241635 0.661746955700503 1.0861822232931604 0.4117151781616014 1.3605284061550336 1.0539888601191345 0.929759594450732 1.368700860568771 0.9881036488829483 2.0088219595362995 1.867368862273274 1.603934556937561 1.5085702677955048 1.7549908067460869 1.193119684744961 23.374386267538537 0.8678034420729014
0.9955093904092727 1.166156214660247 0.995468583791271 0.8529638597554888 -0.12059950706232056 0.14378053241502697 0.4426908355168351 0.7908059802069304 0.40553298808860144 1.5999853413601977 0.8275578486903088 0.5050886570509472 1.2859066422771068 1.0796822700545146 1.825343792890518 2.1609659282128115 1.2360305279010986 1.530636105381601 0.8920387325184458 1.2716643007904533 5.508629182824912 1.0356778454897022
1.009499021442984 0.9453707297300881 1.0036225336829236 0.8914019563725002 -0.2697632585539107 -0.06416033470080357 0.41834913371514926 1.0816888833285003 2.329651929756146 1.2935038235008776 1.054459939453071 2.257607720249163 1.400616037767994 1.1570983452711099 1.883027023085206 1.632583593915788 1.624116518878257 1.662992935663551 1.4115803931803321 1.0298115128022136 8.183404369086869 0.7626888481997696
0.9975670470608651 1.0880052114831615 0.9910239242667519 0.8193446100180896 0.2420285184453747 0.08867627889985596 0.019100837409904082 1.0726647816231405 2.0271577604180955 1.307589335875137 0.9232128729103145 1.0363419367860203 1.9873685382123274 1.3558394740569333 1.9223390074257767 2.189158652066209 1.2616223272923932 1.5464611594022286 1.4046542479607556 1.1880103985542234 11.839036971961558 0.7358204357147449
1.0019056922937306 0.9256343149202623 1.001146148334462 0.8229002778921821 -0.044922295644175825 0.029724441380292344 0.8888001878730224 0.9828783544966841 0.0704165413477745 1.4279728161022003 1.0677656819071066 2.3557532677717172 1.6104686304268214 1.2559619436856102 2.0532583872821926 2.600903163644753 1.2459467870972276 1.7487161669589375 0.9245900608117852 1.1684759099548359 21.641397631974538 1.3350618578306594
0.9936776236899035 0.9097918153255432 1.0069940828903556 0.9704413215638591 -0.09660067205883913 0.23283092803056443 0.9869988971125416 1.048441325474399 0.5494737953661962 1.372508362253004 0.9134268470151665 1.8258470417250727 1.8559045184297327 0.9409178427388434 1.9566126932320558 2.422690856741056 1.0720145270179382 1.4879516180774832 1.482461403779078 0.988007423085343 15.968858769162477 1.4863401194872874
1.0075566509600178 1.029137114556907 0.9901581268418804 0.7539665905610424 -0.19790237887139805 0.25784427029378226 0.29096817789914453 1.0632835844533295 0.8288666811844118 1.4825721729243946 0.8796024258979627 0.8179420475337495 1.2575299124136712 0.9532355083003565 1.8024660272461794 2.436702200261505 1.6197519223863224 1.6553321536672831 1.1433389495299706 0.7228659105972199 4.735994087799201 1.4383856283172005
0.9964213403847644 1.05544968136959 0.9948916340343337 0.9566893388346357 0.10245931294746696 0.15780792085641637 0.7509069288421092 1.0336761445206264 0.5507988177358146 1.4528773145195384 0.8762987304045227 0.7030056426882029 1.3195345766220425 1.0597779751045335 1.7898923573374255 2.0523954070529067 1.4723398902847982 1.7466259924009406 1.4198276534908734 0.8962789811406258 16.111190332755612 1.3298866290684739
0.9945492168362349 1.1989235204649604 1.0096813448723219 1.1173461169357306 0.12903823661581176 -0.27916926566719547 0.11025940241340475 1.083168451242284 0.4507338286338506 1.5195457398973822 1.0697395645901824 0.7181540023331906 1.8414689636510122 0.931747878987426 2.0143779915847486 2.358796755881602 1.067487682599799 1.641668323623359 1.851897282648949 0.9605045242740915 18.1203809404048 1.0339780666678162
0.9917828663280013 0.9044340070611294 1.0043476726142233 1.1890536132166116 -0.05145673235351661 0.10076924785986185 0.46055003744931583 0.7669505236037281 0.26608774307215555 1.3414672701731902 0.9016016356135896 0.26629363093134084 1.6017881946331194 0.9972331163268479 1.9995799341641802 1.3187289794187786 1.1732528214238813 1.5638641778374112 0.9915383677578928 1.2244475009380111 11.735957501909564 1.0549241281804556
1.002350511810127 1.2137849362094575 0.9937161165368147 1.0382019911394318 -0.26403719362028394 -0.0842375227370318 0.05786584884799238 1.127799854376165 1.0576131321285116 1.482903774134201 0.7765104297549593 2.0425868181656606 1.3905039186367243 1.133458127206517 2.000568462412266 2.37082150214605 1.2000287064261914 1.746270447398968 1.9778231664701047 1.0929159972528713 17.768490277783208 1.115462481562724
1.0063589725017683 0.8813850362415474 1.0080471628622025 1.125048910892673 -0.2819009402531383 -0.06236192631679763 0.19701551383304064 1.102067965008217 1.0555429648368213 1.5057891524438989 1.193595612033244 1.2548231707676174 1.2281670732626542 1.2997196443447692 2.009885002753198 1.1150012148151258 1.1628371432134048 1.474599019104198 1.2747761317870123 0.9399072555728853 11.702376891703459 0.8217898781161626
0.9970558578821307 1.1328218005963326 1.005809085612298 1.001743792061566 -0.0716830256255237 0.09427009419937615 0.6473246888206591 0.8770303675058018 1.8713694711049496 1.2942630155065162 0.7171004788583876 2.0873674381300455 1.6076213463623572 1.067316966008486 1.9452213665372793 1.9349989248342023 1.1000982581741363 1.7660586102515956 1.5748025290093004 0.8752597628660839 11.247922993998138 1.5312845005425764
1.0089745737724112 0.8452607919517592 1.007952867488224 1.1434831005731707 0.050043569338581895 -0.06704484761564583 0.028152622278138445 0.9635700161771921 0.27393444915331905 1.3731060674249864 0.9847413654043202 1.3097360111696936 1.9790706655317298 1.3656254222152544 2.0656539352108103 1.2309055669761788 1.4716202921273245 1.4416639817665475 1.5251992601163065 1.2075470091398453 20.645824354474204 1.7310287333933356
1.0050083676193375 0.9108592041671623 0.9945804608679397 0.9594178591359924 -0.2959919945082766 -0.19570028780732235 0.3061583914022226 1.0435949553451989 1.8420591027975444 1.5767597265529947 0.7581814376367777 0.16274873996388542 1.8322759855288089 1.3495711870681741 1.7699370005809056 2.423710365616212 1.6879428851005283 1.6366529592466819 1.9210673921955739 0.8288437273853664 21.89266246626611 1.0122772821670887
0.9946569557862033 1.2239853707281982 1.003882922050313 0.9420670126747988 0.16226316125275436 0.09172622048772283 0.3694880187899356 0.8666570766138958 1.5269130849425805 1.4740184526063984 1.1421147932817062 1.6736136306346532 1.2502829541514968 1.3042620914363061 2.0148098475163403 2.101438124211138 1.3491637933098193 1.5074027757321684 1.8023548955735775 1.3172202162604134 8.533339705303337 0.8166114686244275
0.9978236515657275 1.2498701485641714 0.997258882946818 1.1627029274230534 -0.09142890073506971 -0.1773542441888108 0.7112106599656987 0.7704405658568084 1.9728425402358856 1.458756227512638 0.9339385632465139 1.7160433327754363 1.180322365357044 0.9033837378196629 1.775809848030609 2.2542393463462846 1.7428336130654132 1.5354142837567502 0.8308633106539733 1.2236509140691063 23.06380493855679 1.3402564730087634
0.9953894093134489 0.7837648125181923 1.0014525634898666 1.2082740188788632 0.028325155674760683 0.2164473724719042 0.904580155261679 1.0884706896900562 1.3251054356520424 1.3190307905779972 0.856482015482542 1.9631322900515005 1.6799817408005264 1.037665043290263 1.7206155165852706 2.3123908891192797 1.575633027977166 1.4881494437986895 1.8434853748905669 1.0775460150622695 20.058034325629716 0.7072480006058802
1.0093599099263382 1.1226315271614427 1.0086291845945485 1.0415654077946457 -0.23937789165349677 -0.11658641338059095 0.8314046693838484 0.9956994692506044 1.8681489529979332 1.709267322042734 1.1127079323683229 1.5357916180590425 1.8214660182893545 1.1170220628890943 1.7601385532736067 1.624846694513359 1.0698743609132113 1.7332681250881692 0.8795469339541102 1.3529921112808507 12.345638977864656 1.1087389575486286
0.9971621098543119 1.0758886955270242 1.0066876434744276 1.163135932576288 0.1962358649480086 0.15648744576243473 0.8203955536532966 0.7630778524904815 2.1242429408439647 1.453568962707914 0.8132977382597588 2.0971544568375466 1.5395856114770048 0.9541123557718535 1.8446312151764794 1.5008573190921388 1.113716143535848 1.659949989904451 1.5546234415362639 1.1544582733421092 18.00852000185246 1.637510050273035
0.996353491981099 0.8884898146831011 0.9988494888775401 1.0395542046033388 0.03274382898086975 -0.15734054674909292 0.9255564338698025 0.9044992448763435 0.45259601008370404 1.6401864364999297 0.7832536983208415 0.7704991771924917 1.2237497368786494 0.9658146786400424 1.8954943153872574 1.6250402540953721 1.219575782477617 1.7751370241837816 1.5902055064716343 1.178674063506263 20.817864231035568 0.9016777859476268
1.0089376778426686 0.9807998021626795 1.0006061789685348 1.201377282938307 -0.17279832169478107 -0.2264555058941413 0.19350921592283096 0.8796350676783764 1.1604484878157935 1.5995738455253679 0.8717166194012781 2.1365343031684825 1.8162661946305336 1.3612454444715862 1.8425113651534424 1.6555132603322806 1.1637180854626494 1.5928495821972606 1.8961873874124906 1.249494722172198 13.233287023915022 1.6692081608642066
0.9955992929699184 1.0986424828325938 0.990586528250557 1.0132370556561183 0.12099857229379207 -0.12284361022626597 0.541933617625585 0.9451312300635819 1.0459331821563385 1.5565355121739355 1.1921147630024094 0.17260088763965611 1.566804844668393 1.1970867642473015 1.7525238090064599 2.5880184992532653 1.5204486886496347 1.5901568712033842 1.8884756064072332 0.8121469617475989 20.191493991070583 1.8285094645630129
0.9987336447600731 0.8623346908915732 0.9992471641815347 0.8887915992720747 0.2230634566386161 -0.06628163114546937 0.9749469953067461 0.9182033114152953 1.1894609306692205 1.694729387452354 0.8959482646396543 2.3326133950374293 1.7666633837089663 1.17939751798597 1.9169771500607264 2.5265556922212307 1.766131758045392 1.6936674672562264 1.3119570947961394 0.977139359119688 11.187743232662278 1.1054858793401607
1.0009942359947708 1.2028849610480967 1.0099706783743942 1.0141071822380971 0.21105316717963168 -0.07191199342989962 0.015727445457013326 0.8425251981979824 0.8952683304371282 1.294425939384782 0.8962665685697218 1.5227438403927105 1.9977586748985736 1.121741836312725 2.0426209906898185 2.249454182658318 1.3371702489496968 1.5648569046310479 1.0016105203934318 1.3685520163723144 23.00817375193265 1.6624014050201286
1.004111087671105 1.195616142946941 0.9928525476578632 1.2282575127552189 0.2836678649020609 -0.06129851592807342 0.9436355955560806 0.8332147373228407 0.5442524523017191 1.3048384837292513 0.8160331209540884 0.8191188000105674 1.5141307236973607 1.2043960735054848 1.801670375709704 1.2578396807596652 1.2735302346540618 1.5591056759078175 1.750038040166101 0.816732464720085 5.662824760505643 0.8397665492998158
0.9934665286504302 1.2049063313873516 0.9968314003219743 1.2221732892388095 0.26680843669166837 0.2305454316250019 0.6765531462158195 0.8379948948907912 1.1340641592077476 1.557032276234009 1.1133903172267654 0.41027744095993385 1.4820269911548931 1.3478817864692842 1.718195589555655 1.7613362738977107 1.7748723438614162 1.582083963494197 1.4661274608563435 0.7651296269381029 17.093173151340842 0.8577263696866867
1.0006117234782403 1.175046981822036 0.9973321428177174 0.9675974718135777 0.01506457691392532 -0.25134874783746103 0.203322585009595 0.9925340296725544 0.7076360512069216 1.5829109767725802 1.100985163064596 1.101203968130467 1.442515804547318 0.9471672061670638 2.035229164075186 1.398002300463122 1.5878664592921266 1.7892938046491316 1.1665257829969624 1.255897081718041 13.54337061226715 1.4927077923806127
1.001935035794301 0.8375853123645353 1.0020981016662938 0.8394026930838548 -0.2041262033949738 -0.07804032505305117 0.5694269327394478 0.7803672001934565 2.037687277294392 1.6001800675746087 1.0658057775920775 1.901811046189982 1.4652381848284601 1.1961591761552424 2.0633280052905194 1.1593748078878379 1.2985480860875738 1.573956582116063 1.8738602242796831 0.8701079394827678 4.490059066617247 1.5471907344283804
1.009939809182167 1.1453232693352409 0.99837473625483 0.8114344414498691 0.18721178400380584 0.09789633653836738 0.821234499164913 1.0110035658333154 0.9825928191390899 1.7059429226108633 0.8471597382904501 1.942347826821093 1.9731799614583676 1.3689004437069794 1.7849701329782512 1.3729546174516531 1.3786102590099838 1.5896080540708897 1.9290951675367392 0.9305703689971143 4.990797347747776 1.280092149146631
0.9956308432671833 0.7707450075018054 0.9918978155290439 0.7753249418323386 0.19284429281556698 -0.15450413793713572 0.8938198052819164 1.0966263487170058 0.4971407955619225 1.6308272111059043 0.7491061684953102 0.6844226223480602 1.496363737605263 1.0200087688729271 1.978120592481134 2.036998478378525 1.042113170553858 1.6329983251779057 1.4054811024013156 0.8021952929687817 12.55577423163533 0.8200089360584627
1.0010973703325663 1.0251772949820999 1.0021711398616617 1.1165155037287748 -0.10044143894806107 -0.23768815325580026 0.01835974826474611 0.8586223640366311 1.1741795734866955 1.5323623399499986 1.0257479450360014 1.9330827465678413 1.5385875159416083 1.3353026558486905 1.8928318260212547 1.1116870447996448 1.490486781243475 1.7291660004211176 1.7365712880879824 0.8145502354031725 16.260551321671294 1.3432271024757645
1.001894605131147 1.2480142577424818 0.9964035184255627 0.8929929749196793 -0.0990608184807252 0.2737750766199077 0.48496367635156284 0.9765895080923399 1.9206966979059907 1.4105423161030737 0.7139050437865869 0.6280705673039779 1.4507598724615507 0.9174988344657378 1.9949282981489351 2.1774801656655427 1.7785156949734229 1.4456194345161109 1.6204640766280152 0.9578780596098838 8.883893638518636 1.5691285762350167
0.9930671037221052 0.7505368443568607 0.9983222083042488 1.1637722745948929 -0.12808452913772586 0.09867366158938068 0.016846615867494683 0.9951655575009725 1.0145555162296096 1.4411690135442077 0.915195722304831 1.728281022099986 1.2690539059960126 1.198329039973899 2.0654943732456124 2.6095018748753684 1.0948490918920606 1.7870347736648768 0.826424188794371 0.8182927329537031 21.438185836587063 1.3449836339580925
1.0015616604847866 1.1428177373368553 1.0001228372121969 0.8665123722266188 -0.020878119115268545 0.29951360334212646 0.9526813196853741 0.8151667839701613 1.2012697480731231 1.5922192357086273 1.0472388840961595 1.5960342709730473 1.2976664528524882 1.2368294707055498 2.028825227925636 1.7227737017693765 1.5299607940818891 1.7355162995555744 1.571647563439579 1.1199161049851734 17.64134604806356 1.4848744969905416
1.000004114833912 1.1647870065665737 1.004647201732485 1.2122334667570918 0.27079258726963035 -0.13068309773702186 0.023116419965162546 0.8002996043983256 0.8592498948067192 1.6091393484713785 0.7088824099110475 1.5021557186330223 1.1674115434943932 1.0543302097775036 2.0015590956495926 1.6417130245930234 1.6907471417959403 1.7833625091275247 1.514729790558604 0.8992050843586809 2.613437232472042 1.779881460247792
0.9988609820330958 0.8660988703560935 1.0085271745021946 0.7554270116387964 -0.1792519784584426 -0.0361758842543235 0.3168397263977752 1.1200433644068264 0.9671071147892 1.3342901895910029 0.7433571732846 1.3589658906620339 1.4630059272615419 1.2157073463364734 1.9600774125493283 1.4465293773844037 1.6411903687117806 1.7287864418843384 1.0294156612198448 1.2705577080385286 3.4296383069181684 0.8421214940483883
0.9990543096238229 1.129208838776089 0.9941893729389143 0.948450855345705 0.15468623523812602 -0.023618212446692377 0.9447420887829844 1.0557819929316177 1.307900744875701 1.335056373134272 1.0146553617040306 1.1825280330975003 1.5266986572905832 1.284061995517931 1.890390185981461 1.981501063801689 1.679091995742676 1.6169344807317034 1.832398069963229 0.8805232852963044 11.023032921206326 0.8227529304169907
1.0039207805284596 0.8134483898829561 1.0076948922563473 1.1150123599945752 0.10307081252133071 -0.0555599451298619 0.45624653986271324 0.8373920630176725 1.2403850436329873 1.6982085799464839 0.9035149469217137 2.2034282179494653 1.171604162643671 1.0867063936695271 1.913523366120125 2.2701840126514385 1.7897845386552556 1.436776020304204 1.4421970833153137 0.8384462086144424 2.9501455929470115 1.5918300350791437
1.0078570838883554 1.0867639971354555 0.9953235728920118 1.1013013930244397 0.0234469530817476 0.10739271928071076 0.6899199439224908 0.9278893406724461 1.1529444114428733 1.4546966220991093 0.9020701344674672 1.6542117132229313 1.3123840649848517 1.3245940874451585 1.7371166574977093 2.0020677174163426 1.3604000003185193 1.629415923010476 1.4073589365606356 1.2302070584077271 15.732562114430795 0.9195212465935371
1.0068500285176785 1.146971448767995 0.9986842670416067 1.1109479521650352 -0.1046766522020742 -0.05746044967482655 0.5498563092215876 0.8628673986723993 1.5030466595512666 1.3920718568687556 1.0027228003088844 1.4216183550600687 1.3497032397927626 1.0999126787489335 1.7133728180747518 1.8906454851282386 1.206961922185388 1.4720049131528616 1.3434773038382977 0.7034796771905913 8.456021026729411 0.8105531323966005
1.0032614088813654 0.7514107270364935 0.9952671391501342 0.8471283990217622 0.16301897281200178 0.25267570502980713 0.006240297304537444 0.7727433009590141 1.341608459093458 1.672987219358285 0.7734902553087184 2.2327081035632745 1.8790892501001473 1.0682843819325316 1.8612198895519652 1.6177785899445698 1.5694917935737116 1.5508097285384024 1.9689195363317935 0.8803092809771788 19.067485520364965 1.1251576423716618
0.9968419330546824 1.125302121737756 1.0071121531604175 1.0239774826617174 0.26744466304102704 -0.20819633534964066 0.6694886070132132 0.8092329978530378 1.7849399282537484 1.6641080645037505 1.147974326536652 1.3434833524030694 1.2708606564758178 1.293326800149048 1.815204034618021 1.5217090045044253 1.1609258760499637 1.5072074079127984 0.9951331280666267 1.2070480347594112 22.261925471411285 1.7325430385435967
1.006453956982895 1.1324967646351016 1.0073070577000143 1.1666768128295133 0.0401875676489169 -0.17093668846446666 0.8035031443648024 0.7796184215761132 1.6345699202071347 1.5524025690179837 1.021738329303263 2.3774870512932 1.3914366288310802 1.0237857169337476 1.982735140761308 2.3385218897847015 1.0167458851153999 1.465225129227244 0.9403175640711272 1.1374500972651778 19.23505585422775 1.244224866970756
1.0039164649056762 0.7758795671254124 0.9937537358906952 1.0937986177999777 0.1881969091159496 0.04334479554145271 0.4730741800280064 1.1189604148233991 1.1804451079678109 1.6335190360826992 1.0046529423007153 1.6707124455736182 1.1479122421767012 1.1209188852369627 2.064692303091738 1.7273467563710478 1.133031383326726 1.4918011685929797 1.7861907239572112 1.134326783049247 9.189128119002323 0.8776552197058891
0.9919015254348466 0.8194037621320515 0.9987758600579734 1.1829215084662472 -0.2592844106961399 -0.018081127701668254 0.9189897128006953 0.8552883951189689 1.596960262373751 1.386870360261452 0.8045355819508786 1.1748836332903818 1.2958164088925495 1.336672612034039 1.9208509915793464 2.362040452234099 1.1873556302464585 1.432495167509793 1.561576395908264 0.8311602267137027 8.001450654976551 1.5213550009922372
0.9957309710853794 0.8932596208598786 0.9982351741467166 0.8268812857518892 0.039016756467220526 -0.04196732849654383 0.32123865537269153 0.8538463753699767 0.7353575700612207 1.3559050400480315 1.1019864950662157 1.311548448481813 1.978674182728053 1.3487082431659958 1.7738801345906097 2.0968281843023298 1.4153343546502195 1.7201112624457482 0.9695451749233173 1.3407542609773313 19.515818290885047 1.2138902893170802
1.0053493624768182 0.7664595316124329 1.0089443122156792 0.7674675194079623 -0.07812717551916057 -0.24191848105464803 0.7759792690848271 0.9517502569666125 0.45617482547431415 1.6250925135383985 1.1294003764626754 0.42556533379677486 1.1681512710467703 1.2468913956686611 1.8869051881730219 1.9004727648701802 1.40899631215869 1.5884574530020967 1.0387651336503858 1.300976523937068 10.346852443417202 0.835814557288338
0.9980838078019318 0.9412649790600927 0.9940884795493187 0.8520808075364332 -0.0290819143941482 -0.10266099484582969 0.196830504611669 0.7973387223679387 1.8110605559698947 1.4393063441702063 0.945832112676462 1.1491214496595872 1.6164848024743592 1.0365283773852196 1.8550203180340843 2.235013579019598 1.138438591242967 1.6665697582066037 1.195716289872707 0.8472884436653529 18.66069396181948 1.6000719346901215
1.0010194590167958 1.2112174206653714 1.0044433622192008 1.2493127064972587 0.04677869238758314 -0.002940183234282745 0.7392090789881787 0.962011576164778 1.8914219673220127 1.5405868748605895 1.0266489221518917 1.54599180424007 1.7917575763452172 1.3609664700289619 2.068608255896751 2.54230529684434 1.443826466621666 1.5002558509338704 1.446801487556943 1.223074787469982 15.924587551941485 0.7415835993968889
1.0049991454447358 0.949135774175002 0.9981590570185258 0.9077181982760727 0.0692763538285785 -0.16095506707055987 0.5732415090070365 1.0596351588604302 2.048028975220576 1.4185781032170799 1.074148055108819 1.8576003908844378 1.6381435243984626 0.9275214439581063 1.8853418559621222 1.244945495153167 1.3321295413075824 1.4801357523219558 0.9839510165712404 0.9412112228011074 18.264609354437436 1.031231559295803
0.9966251768243231 1.0708344004499997 0.9939745469770452 1.221137378284627 -0.04863413940342198 -0.2768014076746611 0.804035466817943 1.0420859644919163 1.9140693937177689 1.4809505003968262 1.164238463771336 0.8627394736913018 1.842718514281517 1.260067879272785 1.9488450358419467 1.6358580265168452 1.3011288433492971 1.580827106257274 1.7181313532709988 1.1097048153283042 2.8938117235339282 1.155689653319322
1.0023208078774206 0.8135640103092928 1.0077488921042532 0.9465047769470949 0.25375826644046445 -0.27834392767941685 0.01238165052970041 0.9491594991112953 0.6751003542453314 1.5364648578384525 1.1357303003983923 0.08280085943341634 1.6667120509948774 0.9462139014960318 1.803928479062157 1.9276776794395978 1.2720773600037196 1.6909724856717354 1.0773022993205057 1.212682013244046 7.594114732802512 0.7138938384628545
1.0092685944677855 0.8712144327792468 1.0012236202544065 0.87240916743811 0.04227209008827154 0.07925830700742609 0.4269259799734324 0.9232451621911236 2.3228983034889747 1.4406683977044497 0.8286159997843202 1.7187513863353232 1.314131708382118 1.03077307018527 1.8685058342965961 1.3013384516969109 1.0514210632646928 1.6141397444002201 1.7202132987052412 1.1838539578043898 23.098819657169912 0.8957369881301516
0.9962303613683081 0.9719644057088559 1.0008896344232205 1.002015133250877 -0.16262523466041864 0.12688757461499872 0.18885774480578518 0.8573314932536314 2.2777682414906626 1.6362427442280958 0.8156040090026453 1.0751760613830041 1.5352629297235323 1.2425982568330476 1.8126433039917955 1.7031226390467387 1.4730634700759881 1.5632808052118046 1.4900699872303262 1.04421918234504 5.04639965072828 0.7174409064125299
1.0023064831895871 0.7548218488947941 1.0042041040657546 0.9308896261998457 0.29294622526580477 -0.21450224128997966 0.8123474533988859 0.8596853886090918 1.8015413262281808 1.4860270994577358 0.8238707002055814 0.2310417225074995 1.5097315445146857 1.03916008117505 1.7797508473886918 2.5210430342605137 1.469619106580835 1.6832943267950693 1.4558909083119942 0.7138441901012114 1.9840552001237033 0.9061723736183762
0.9972361649737749 0.8098814452244116 1.0008344262522368 1.0851192224518376 -0.07878594641280937 0.17561515314275933 0.9421602651090141 0.8256042148376019 1.7807696250737048 1.3666275451022392 0.6995657503825751 1.1030354235164135 1.44966181110224 1.0312561615578253 2.0629296949244744 1.9370845550395437 1.6931089876678596 1.4638035812052026 0.8872728024913203 1.073606669755363 4.081998408090728 0.8475274652231704
1.0003191492231922 1.2001729447190062 0.9909463312557347 1.1180880938505162 -0.2072353829638482 -0.022520649888846223 0.8409659085767263 0.8067698413089461 0.8538854648307718 1.40036730118626 1.1413542148496014 1.1839446997197502 1.3863700040344749 1.1151457748869804 1.7233574182642817 1.8370006052642083 1.10499673805348 1.7715864614548504 1.3759611634821607 0.8052583785629075 23.11564819561332 1.0124656517757453
0.9985672034945342 0.89551446163275 0.9954073206504909 1.1752226438091384 -0.2547482321879888 0.04399585054114563 0.34453343765409883 0.8894162680064924 1.6933297243744607 1.450356375535288 1.1707163716761553 2.3350365886254045 1.4978044152327539 1.31326242999457 1.8045438983292965 1.8317925080910973 1.776983130694929 1.7469577768056785 1.2453500616397197 0.9377906966379783 23.559972524449574 1.4564428491358234
1.0073164262485763 1.038251028023177 0.9963408786320144 1.0364016849011712 0.012912132657465214 0.0806797754511222 0.08444145912849359 0.97826474224585 0.3786907908999378 1.3592387984729029 0.6969717083985612 2.1264532304054704 1.781191266713482 1.212553128721761 2.06616983703006 1.3442558618288332 1.5883063726634885 1.4536334875816905 1.4330715288715412 0.6957551942933434 8.568287082810688 0.8125422911312901
0.9945750798625088 0.7538022129849691 0.9993230762326453 0.9362770735288877 0.008342113970744247 0.05818790145892472 0.8227069408515744 1.0813635464380664 0.8774900252576571 1.3326715102091933 1.1227417100262602 1.5723104885921033 1.697601213574639 1.04814241066628 1.7539693646862826 1.8003906912288676 1.568238747865944 1.6209284669513175 1.0547074835223411 1.1465695700346021 9.94077619691559 1.0377038524112399
1.0000654659543868 0.9238458629417603 0.99472111150798 1.0656759654665244 0.07998806503927253 0.2397409628156218 0.7012221492327031 0.8165655820434334 2.2997683124949915 1.5514544459027282 0.7178246712519297 1.110187786733634 1.1851405377976916 1.0936131938159364 1.9388471827997706 1.8021112358615727 1.4068130658488056 1.4453816990076123 1.0507048743362253 1.1290958166080693 3.268339682758116 1.7985557885989618
0.9966534232772589 0.9560804941609292 0.9912976399439379 0.9973485238854602 -0.22906777866461925 0.14626355564321636 0.9479043106389771 1.0315873360623884 1.039911006270923 1.6667482542782281 0.9782397577327001 0.07251593871208598 1.6139994675217926 1.3623866028823923 1.9053676960610526 1.105786736880795 1.2573472931647773 1.4844528760994347 1.3224675929990515 0.7145820323248818 7.964141707015632 1.1907185745712818
1.0050561248761172 1.0520169247410611 1.0090597386150917 1.1578826517773189 0.2170388861015064 -0.18265201303737644 0.28750285353890453 1.0416602801235988 1.4098237428426168 1.6857326339295393 0.8900456109743552 0.14008021686277589 1.8717752725497236 1.2619574378660974 1.959351692355194 1.619693186449643 1.545661196543455 1.6010608264215427 1.5226306761701558 0.9226177650748747 4.677734425814657 1.3128473133599061
0.9949926488038513 1.0511577674116412 0.9905002208125292 0.9121141124320938 0.09959315657339907 -0.2459273867271221 0.2923593514266017 0.765752459444383 0.993484580358718 1.6716741987112353 0.7560255912833986 1.6353214334216992 1.3441785636419477 1.3331021917630999 2.0278201866049783 2.4587013819967556 1.1483019687127134 1.6997956143921849 0.8132087850821222 1.047368409640649 21.362643387882425 0.8671966811505326
0.9971437018354674 0.8699976386627234 1.0016238069945376 0.7895925679188568 -0.22315024833872596 0.016141944558823174 0.9006673795429574 0.8833666758221561 1.2553289221362258 1.5255784069086153 1.1836907328563617 2.345672785885202 1.8365064201271468 1.1224403666260963 1.897647239860957 2.0470941939802954 1.225915604156647 1.6619741544351585 1.639797581467595 0.9657633991059241 5.602152803051473 1.3011000375203752
1.0007357508767643 1.2162014242916404 0.9948081666092498 1.0839012905416745 -0.2906359699347114 -0.2680106010891993 0.9826627449067441 0.8959202289096406 0.48987344139875444 1.3439514263085075 0.8913707239778466 1.3189091699518787 1.2082821590290818 1.1957288731086668 1.8730639529950404 2.2377003583988078 1.6745543766199236 1.6308524773410198 1.1535508886192458 0.9713921304053929 19.80217878204017 1.7032174459862344
1.0087599058648418 1.1644178368509228 1.007488484656211 0.7557812799806745 0.12863855469842872 0.24653014043305815 0.15297711996858052 0.7825764698177878 2.23747146987593 1.3936784749850017 1.0096236929994338 1.7838088686084808 1.2145916455966783 0.9960280811003075 1.7126535459007026 2.5059836092034993 1.01494454047585 1.5149422923696432 1.3794350783148075 0.762882417066363 12.58232508885919 1.5336166503545385
0.9958646687465289 1.1780373118452352 0.993538555800146 0.8238330706715254 0.0996265685215722 -0.29903988699871614 0.645057642059104 1.0949111022519136 1.1059841953379188 1.41535389466297 0.8679913990795048 1.442753187791328 1.9574175920880723 1.0130650225232367 1.9601480083570757 1.8413738872440493 1.4429110223698474 1.6559007085123674 1.572781917986854 0.9808887263269039 6.390683297094758 0.7757820381314185
0.9915834613378534 0.951664637974253 0.9966799161187663 0.795511835057911 0.26408047295525167 -0.10189172273834018 0.6738355729624373 1.1108709031803583 1.9612003786591816 1.623927133349866 0.8969324668172194 0.9199806838397877 1.2095141592338539 1.2122723673425302 1.7812248199467025 1.6913571271704524 1.6283132952202124 1.5606892110448725 1.013380663200221 0.7867116984477744 17.54476167867983 1.48802409983807
0.9938549173700322 0.8878182395276394 1.0016887421973253 0.8501134177540033 0.19579915120067942 -0.23435797104958983 0.16557188800990436 1.1026731697243506 0.09971881214293243 1.5613870784358226 0.7252354569096452 1.5487402973403799 1.8355375441614084 1.0473682852817827 1.8469266943713907 1.5803523476866619 1.3357115882390156 1.684245922981766 1.0308249575641666 1.0356323101910316 13.158968553501843 0.8303627778747553
0.9944836662806774 0.7613099915929922 1.0065821202605083 0.7942193466202564 0.0607509640723124 -0.18489861376582664 0.2215209528584838 1.052932319039403 1.2132945600520988 1.3152417259462827 0.7410012676702405 1.5751395427520496 1.4196912265149149 0.9063752186369424 1.8302824411662426 1.28144594735649 1.3623882996662455 1.7613343316868888 1.8034759409746932 0.8000036869597091 9.130389860954189 1.1581452685686593
0.993497844941943 0.9221521058099467 1.0091928748742116 1.034483607435694 -0.13228139712257664 -0.2949769132852525 0.7004940974111012 0.8186035064700605 0.34366583628570047 1.4729888817337262 1.0555060290551188 2.2532792016946717 1.80356703369076 0.909990845341453 1.7939570700754626 1.1949821186963632 1.259006535819713 1.7284313114282308 1.8338946644315555 1.2096618172267104 17.20925721764218 1.7488525054819861
0.9999067547670456 0.7517039908741807 1.007781064272301 1.0670208570620523 0.1550744962944 -0.13969339665447877 0.4528355136998832 1.1197463430901247 0.5184271476914836 1.4934052661662314 0.8500640046122361 0.8048629195720607 1.2187586240206605 1.3385361136636944 1.7296368787050649 2.1286304653949975 1.4544501402731875 1.4595008333675206 1.2158589042907142 0.9115293594814935 22.412032548904108 1.2586940728389413
1.0001534215100287 0.9731172549490845 0.995303627179606 0.9331119333732281 -0.1610367127578468 -0.041047527557459884 0.08638626029196249 0.7864495096343623 0.444777934886422 1.6413405958878835 0.7169604717438788 2.359259046530208 1.7708921041634513 1.274505347414667 1.9658001715042854 1.416019890143839 1.29318884620831 1.7360692871375176 1.5128436673161059 0.7288467645739276 12.975123118295393 0.926324102175947
0.9981817982467925 1.1309613534408445 0.9903469725639686 1.1046707900746573 0.02217784187168964 -0.10993922287853394 0.6213396242056622 1.1343529074504939 0.7317903204887367 1.4096993628422254 0.7012513576531185 0.6906428105457698 1.3221375273330898 1.0168767297578118 1.7558925703699175 1.563413457711678 1.2545792790682146 1.767528489978942 1.6418341728468304 1.2821594670919891 6.465135114105294 0.8321032125783245
1.008099809214203 0.9839580963532925 0.9963001198992606 1.2466720819734372 -0.0025581307686161625 -0.01685218965217028 0.5750597545242061 0.9463290304269023 2.339191899022183 1.3609837605409734 0.9358586668565064 0.03249057908991127 1.4519121806013942 1.164493559982776 1.9317080816199352 1.7783770523010771 1.3588977241580305 1.5338001777566221 1.7718899075407935 0.9742565043899656 10.79325702319477 1.1801249826574436
0.9976625723028135 0.8031637319625631 1.0014721147688272 1.1513707444687933 0.17102757834412613 0.04736271884293758 0.03425827080375369 1.070511093242991 1.3005749530626782 1.4024705077219906 0.9750341919756458 0.3054619211557946 1.5236929424513042 1.1677767755750246 2.003366100828142 1.689452878620789 1.050474726979826 1.6490407421621545 1.1751596874762424 1.3120501621858986 8.767673546931883 1.2676721847503398
0.9944092134929606 1.0557865907554271 0.9902708346602405 1.089749347246371 -0.1670673930231251 -0.04932638936697975 0.9634079612161169 0.9460823297928587 0.14227879591091783 1.362304501226197 1.0749422542477622 0.3184352335178688 1.3351063365770026 1.293690008880684 1.7452974512019224 1.3306618883752273 1.7439927092284622 1.623526742242873 1.8008326719014796 0.9003374478706547 15.469324019396563 0.7726218234933786
0.9998471822380638 1.0161364844507395 0.9948566494900819 0.8435025174756055 -0.040816298853705024 0.12483763414549365 0.3852154060448032 0.9503134298534881 0.6986944824118579 1.5443170662946648 0.8347583006270957 2.0045118684934544 1.4843240187006583 0.9053687333911685 1.8577263405187425 1.793757184236174 1.3293766932140976 1.4331221442605488 1.3285398597539946 0.7843179305897839 19.137539412531332 0.7957813509302543
0.9963269451835148 1.039944410580869 1.0029487536272963 1.0699151484554075 -0.05787434222211457 0.06280824909942795 0.4831191840910231 1.0161141081444123 0.28356503046639664 1.3308120961220216 0.9170935740725288 0.6391270826483612 1.303352858245571 1.345620217048181 1.7152876305222666 2.0088638792459217 1.0634182766701412 1.5548489913523853 0.814773645476314 1.0467024628581783 18.356654785686626 0.7551921955357604
0.9921020660218131 0.7747077635857313 1.0080736623675626 0.8187117983416777 0.16991003853947023 -0.23577205918470967 0.6903159110296276 0.9716303881339422 1.7614238502797273 1.4629588590683675 0.8181729446040843 0.25082031028755764 1.2789127689805095 0.999234540618184 1.7039174640166619 2.46827087970708 1.2399784766619524 1.6005880827660792 1.7488570004349182 0.8897329704876574 11.552675030100634 1.7576760460492153
0.9967386394099776 0.9049124839654744 1.0059257661442844 1.146827830275602 0.07644662049580675 -1.8633011191304671E-4 0.8006831038247002 0.9218686577981077 1.61193881968868 1.6599448962642356 0.8061719063338566 1.5066535072836977 1.4928717739490514 1.1363207269556337 1.9473165953928941 1.794152843654736 1.13224592899152 1.7472508398464823 1.9406209936334622 0.9629465860233009 10.278026342302475 1.804084194904906
1.0065770261599527 1.1812782280769896 1.0032284704907937 1.1375188337370197 -0.23340869733960173 0.18640600967926219 0.21397504399530964 0.7679504510408035 2.009536374549498 1.5580702217999445 0.9348217562344242 0.6649911569727365 1.3793362349121505 1.2270959542915039 1.9154019011543668 1.5051390122874366 1.6924271857151632 1.7767431308833965 0.9146132738252803 1.280646922081492 19.260115901381656 1.7454789038319862
0.9902573083010395 1.0592220815333686 0.9938105915904769 0.7876512670243334 -0.08218734956456114 0.1468952538758933 0.30178284237686237 1.0772952338232065 1.8887824123975103 1.6054441959693273 1.1351376274647307 2.1251411635962723 1.8475304282441685 1.2342421557236238 1.909391420466442 2.357320175592627 1.421644519828551 1.7213534041917575 1.234937591501106 1.3074526246895486 8.709309508045497 0.9186690091348674
0.9928909492330479 0.8679642108067597 0.9997713347251461 0.7946341651319189 0.24492943043602738 0.14010575491063015 0.8366021435684882 0.8090105472296 1.9322060423793814 1.4756571558944325 1.1908106705926347 0.09719579181012235 1.6870957520158947 1.2800389745971892 1.7820479329815115 2.6001949636620596 1.079755481347787 1.4588394170078602 1.9233921770400115 1.0603131135962316 7.734512797389343 1.1172488162962309
0.9963827730873056 1.09784187309159 0.9907253066358918 1.0056183411044233 -0.18078274047719817 0.23141864964305764 0.4873149900651088 1.13992044429072 0.2761261024533472 1.4233586386543926 0.6909293861302428 1.8552222933430826 1.6488096761592241 1.3147332552014888 1.7225323038234917 2.272830770232355 1.38903665453607 1.4298563560710642 0.8183553072039312 0.7653842947462328 17.2553025539968 0.728274192093912
1.0044954761025968 0.8549431471869198 0.9980887876063473 0.8042530691691879 0.1758665528525004 -0.28376889903323677 0.3453457542382357 0.9848659852590955 1.019734106001938 1.6420108193008407 1.1732122278196575 1.9908941468807593 1.894398678957837 1.154806793502338 1.8986596049939317 1.4144326513955594 1.1990676142744299 1.6888323819250044 1.770721456444969 1.198220903618917 23.517703055843082 1.770561822967791
1.002477990889524 0.7592336117589258 0.9947759845953205 0.832533618412701 0.13884757806231457 0.18094981300925422 0.17127848590166747 1.046023614590951 2.053239142854867 1.3758333672680019 1.1435866649839692 1.8781046952812976 1.5586931941725304 1.232736429726311 1.7412892920785938 1.6042203326343052 1.0627342557710864 1.6189271429261696 0.8230498142369669 0.7732580970202574 16.011090499671358 0.8234319020338431
0.9994617231301944 1.0008812056144458 0.9957627797428842 0.8120719396286677 -0.0570975555681259 0.09549359585230721 0.4615597957148735 0.9293301728105892 1.977228432906935 1.7064780495541756 0.8417381424363786 2.2920677077076173 1.1352210393709055 1.3302961180990494 1.762777047812192 2.34704808961534 1.4414881107279025 1.5645884838585618 1.242985381999552 1.1813365433760532 19.781171202117527 1.6879746569817797
0.9936167446238827 1.0803822136412597 0.9922553496306029 0.774516550464913 0.051777604587718074 0.2218345624956703 0.28882587610555666 1.0871831768624465 0.03470181653597745 1.6026793575016742 1.1721894276196496 0.6446742669935889 1.7994207512628382 1.1099219867528747 1.8292580817886406 1.2370295611374746 1.1646737006395078 1.5998508437362051 1.010662808415961 1.1001971461186981 21.09809193616709 0.9451784112764994
1.0015524979305361 0.9026650556320215 0.999698559114457 1.0113528278116846 0.12492760851776846 -0.09791083877692158 0.5658680907845477 1.02025374040466 0.6825490205546612 1.4700054969783476 1.1865315040797597 0.18659579962181536 1.9381340852731817 1.31698407736746 1.7435730104035412 2.473316639625899 1.5955958581572711 1.7862616752950884 1.6800803999146852 1.210458586082929 6.638818298117707 1.6585179141285116
0.9946985304997319 1.2018807165626257 1.007970382514949 1.214439969714507 -0.2748480427466252 0.24114312957466627 0.6852514210437354 0.8184215888544688 2.1566765537714434 1.6959149437098966 0.8218348668858758 0.25766875868758504 1.6850983821488685 1.058999069804143 1.7758580155717425 2.0894400475797843 1.5542425915673252 1.5442319225803105 1.0522109263859258 1.356082629064627 22.930596927968526 1.7687253442141224
1.001478897198229 0.773777596963864 1.0032119213224129 1.2218152600343588 -0.008715577691893683 0.04619771964775643 0.5151445931226806 0.8083721299107047 0.03017850322885605 1.6524265836354932 1.0974776131111392 0.8487033428935938 1.8253159588064896 1.236497594056472 1.9937690092797786 2.3843024188815245 1.2097696892878063 1.538324814855725 1.553975456085298 0.8217114578051878 10.554194329198804 1.5982508262089667
0.9923846359270191 0.8023692054563643 1.0001855239442503 0.8757454364408949 0.11853142130469263 -0.047186449118150564 0.4106703346179145 0.8431421250432318 0.6496353969235128 1.707954359416426 0.8377891798749836 2.1484081547946254 1.4987450535317945 1.2856506734455748 1.839507980705618 1.8731837558212079 1.45915422006167 1.4303123747555544 1.495814031514986 1.3055723322454105 15.786772982481256 0.8761168075280612
1.0004300200820428 1.1547955152007132 0.9914161163655322 1.2407855855540026 0.2472799642514037 -0.21232676656511748 0.4636029767820253 0.9876400588369553 1.8127860029539684 1.5566949731988713 1.1054565151936395 0.1509672139086353 1.6546369269924943 0.9229425022094684 1.9269474968075333 1.3566635364918813 1.2044683848840203 1.7563089777915841 1.7298622576930072 1.3760678734804501 13.664790807935884 1.517739437198425
0.9973749335794531 1.1635416453306917 0.9937765072831739 1.1967931101580633 -0.2111758878315907 0.26113563689723657 0.6162077189882765 1.0308917429722242 1.6022188368223782 1.70032678270876 0.9222467657822226 1.934525747878521 1.4564720338847017 1.320830272578083 1.9407725326641496 2.174365779990724 1.2900477561953867 1.6706761925722389 1.045562155055177 1.3382781626575289 14.107702128429864 1.0842455951909173
0.9952969637587366 1.1303316729446191 0.9928086712398021 0.9735170923284754 -0.18542151325954806 0.20026373843484518 0.7354420817049978 0.8922008063648226 0.8449624541058842 1.4963306933755958 1.1060860936989123 0.7473467555818201 1.670869365402994 1.2399833557204296 1.7403241391872448 1.5642654186673992 1.220842231560576 1.4212397056363244 1.155645319178612 1.067148376267421 11.865284670137406 1.245670478683135
0.9930883764504881 0.8225615413289075 0.9998067411765929 1.0178557737130083 -0.09892713850564516 0.22858285493668035 0.41239441244967245 1.1389282763513524 2.2332416319124806 1.4119658459587308 1.0888264011620223 2.0406605358874685 1.5325143185436345 1.0729044613283085 1.817389540824895 2.3253534157830815 1.3695912672628634 1.650704660126126 1.6826918285525576 1.2202938072896656 2.1880486118495446 1.6059425185885683
0.9957155522004948 1.2409746734920015 1.0055860893226163 1.111991029796422 -0.0404103936923258 -0.22561692531140806 0.9418165966464687 1.1246785816257152 1.6377269938961911 1.3300522155413876 0.9356276479163566 1.4863562331958062 1.9117649397995513 1.1046660445112308 1.858357687819552 1.7897400503863994 1.2350506646820811 1.6468722777037124 1.666037432674393 1.3663211664112858 8.520507698025686 1.5641221566642218
1.0054022197013188 0.7920747884377382 0.9972366814700233 1.191011180603622 0.054810025404771034 -0.14587816242093704 0.25786041764863377 0.9639033254547699 0.8304851304182267 1.531377349845065 1.0155588341161197 2.210650666793131 1.3208150374128143 1.077536130147549 2.0633798775025465 1.1038374836270537 1.5440682279390403 1.4865682983947377 0.811757193851301 1.373765868603536 7.901781274712286 1.5730761776876276
1.0061276548785791 0.8339876235978356 0.9904425646250798 1.1147639900898187 -0.05622291479072919 -0.29605588124127113 0.18338436544210013 0.8166684103604358 0.25901724495281364 1.6753331107823026 0.787139723574391 1.1690463881790116 1.9040835661571789 1.3234043979161796 2.0068513318128227 1.535149852886399 1.2078266777300593 1.5144614614445517 1.6490140602951535 0.8626103515431454 21.3885565630876 1.829540852148644
0.9934533931274555 1.054852689688628 1.0000538607604221 0.8211516559985667 0.11601375660704671 0.18004762084100334 0.8411329585140465 0.7745961602035255 2.255705617552377 1.3285166997651063 0.8109769661380708 0.8788692049720462 1.2171196870248244 0.9397147627986755 1.711016184275 1.2778253669693684 1.6777874458942972 1.61176562117685 1.9674184614420174 0.7171132767581648 10.466929860182418 1.6571778984951988
1.0077366589747585 1.231771260166457 1.0097935962531 1.1051773257453885 -0.2092483775521765 -0.08624361075292983 0.17204323917674055 0.8030477061004335 1.9692935145020327 1.6772022163982299 0.7825636915459458 0.5275126783056451 1.3057523936422881 0.9015070200705653 1.8466227892179536 1.7326904453325553 1.7075601466101489 1.648955422770141 0.9963793285417442 0.9151981501898483 21.215575662489233 1.0045519050707383
0.9979234396765863 0.8564069658921872 1.000030447723379 1.1739098817397524 -0.056466247358380905 -0.16317374222174422 0.3242912436890703 0.8576834767057553 1.3506907871685059 1.5328332315676336 1.155324400287819 1.603358697518605 1.5765899018003129 1.0667112603767426 1.9668955993678274 2.557554113742195 1.0232887809558258 1.7458416497188858 1.7350889686900266 0.9646272949581984 15.683446199847996 1.5446982686990347
0.992657469621818 0.8719862639286485 1.0006340008370442 1.1363731166627873 -0.162499155790734 0.28246290283144665 0.32246049485724226 0.8467468648482994 8.02521247582105E-4 1.468263272801697 0.7163363785844058 0.15146297253722998 1.1375259773416955 0.923674829493032 1.7369791891521067 1.5597926363399814 1.5100908816959673 1.653671289204919 1.2785233863277732 0.9760488357168295 18.018050204157873 1.7553050466667772
0.9997815994043637 1.2065528533205554 1.0036624311466058 1.122691058235175 0.2610918515651614 0.2857148793211946 0.39984647241575194 0.7651280056872392 0.8806199498380373 1.5893766852266165 1.0515808007100866 0.877053500026379 1.3461793449037733 1.2381353815254825 1.8951784221383718 1.2332301927021108 1.2563561784109372 1.766448233186609 1.3189854712341316 1.1771913112902004 3.52822995622459 1.2231899920579425
0.9934290147655104 1.239880465392042 1.0013675365541543 0.9804627206004981 0.2270913405886132 -0.11830428321996472 0.04930485515933952 0.8049552023279152 2.03586279204293 1.561976931954067 0.8804768144809488 1.447650251688563 1.3049059574182198 1.0195745238334804 1.9099695857299273 1.7753760143230244 1.5161830151842959 1.4783807151544384 1.6319548031187998 1.3080290472189695 22.567824613729506 1.0659305402752617
1.0004458259874438 1.1346162182489405 1.004605147933372 0.9133155820673107 -0.16657086944289076 -0.15855883600864842 0.4206810586957125 0.9581402469287535 0.7945445751590512 1.310891427544277 0.6948626995661314 1.1621336071301507 1.9297063668730723 1.183572260197052 2.0059070626863877 2.3463744330946694 1.7322850142855597 1.5875207164270908 1.761954123946823 1.3031226371294293 21.66161057391284 1.676181567244268
0.992916914458496 0.8115927149638733 1.0098230979157505 1.0246251377399411 -0.1589680710956142 0.05854166531000543 0.40881758623630216 1.00600455906433 1.0063460726511966 1.5805283073459666 0.9597388219403724 0.8345255322948957 1.1455636440886707 1.0208412616468008 2.0430965447583853 1.1306460278486705 1.1542929413461676 1.6562479077379946 0.9295537501950444 0.9318461479076097 16.05526461155524 1.8241680746898155
0.9969746402587736 1.1498317934920863 0.9901762915937825 1.2038685290251427 0.2385467363400437 0.28394185230179475 0.20031168479644507 0.997138565808971 0.2363355644780731 1.3015004968408068 0.7838946541218826 0.12990975022965487 1.2664588063718443 1.1111256804813499 1.7264181189301109 1.9958658919829866 1.7125134910108266 1.4610343751807142 1.8649461346737586 0.7670877319252967 6.103120866216776 1.4353693560886795
0.9936342611675376 0.9886929020045172 0.9974714858475676 1.018170009520962 -0.15084266441244826 -0.18088136455200426 0.6348542821543545 0.7781586510798576 2.1966722308523314 1.588494931182027 0.8528431122603329 1.5109032540774512 1.1554625811188513 1.309528176246163 1.9804562337256577 1.7386306441261197 1.347290089193757 1.4968682624917118 1.5929834539522276 0.7275261415325414 19.82547902617702 1.621334113713008
1.005204946975944 1.233408551141827 0.9910942310329767 0.8244924255413162 -0.17076128096645596 -0.2197299853344979 0.20268572533683726 0.8513034717321065 1.969749292454925 1.537704199205119 1.0705747662741039 0.4421478012926692 1.6213055436163804 1.3086173822477831 1.9144706149594786 1.7643620253790704 1.3076305835457935 1.5170939381915127 1.3454043585822242 1.2006870469799102 4.35906883729036 1.4950559649066057
0.9995392653762776 0.8775774231296516 0.9967051657375747 1.1243658094476439 0.17183806241264626 0.19718766267871374 0.5333627097402451 1.0513067640499627 2.1897506752639586 1.6539744277419017 0.9905436319388228 1.1247615579720762 1.8152779158226875 1.1414997072593405 2.0424741973223455 2.4335964782824675 1.2372711853518545 1.599459059857006 1.7333602981816587 1.3566698142166973 10.952373206905044 1.0039403086661272
1.000745170627295 1.1363079194949433 0.9972668047674182 1.2293062173803073 0.18499831133091182 0.22976522464227883 0.7585770414158746 0.9985273296654442 0.8674139124604247 1.314527032981908 1.1992260768073288 1.3756215173560042 1.1497977987422718 1.1564195151012777 1.9188264574293497 2.5500752486087777 1.736900210420342 1.4981695057366713 1.3207691208813805 0.7232966020945968 18.48703922094567 0.9674440372207433
1.0018576515839395 1.0088576239201879 1.0016403325006449 1.025683249470906 -0.06441696467895622 0.012324154903523121 0.526310805776355 0.8704728565121914 0.584126015701511 1.5383701285685074 0.7009481281180453 0.5857281628483239 1.1361108499041568 1.290352658913214 1.8329701478909164 1.2315763472020484 1.5219751922226101 1.6711270541655165 1.7333940848444094 0.8745400642467713 20.701208663717786 0.9229126867378693
1.0095364199247168 1.2313190512019925 1.0059951395805775 1.1373892453277223 -0.01556749934716356 0.24977873353100039 0.017625932602570723 1.0674043438351408 1.836390788213019 1.311220443596349 1.125693393784775 1.9750542393226067 1.9144572014605712 0.9478035564111493 1.8406545367963734 2.3443281861166643 1.6142986896341958 1.765237073180881 1.9464414332629802 1.2057860082373433 16.401711012739508 1.6012605530969437
0.9910910190337346 1.1619230725983498 1.0068841716249537 1.1453867122543608 0.22086673816611996 0.19352322218450807 0.013464466120753759 0.8288805698787854 1.446197093502532 1.6737749595649254 1.1651408155577383 0.14250519944644485 1.24671029626284 1.1316055877243076 1.9448237642863233 2.229201046784852 1.2511188188435787 1.4215287783542208 1.4224150218592975 1.2917107724961974 17.58514627306889 1.5228992094790361
1.0037778516702074 0.7887050395209958 1.0082021647976396 0.9370819801596355 0.04265287952678204 0.2933651994018344 0.29189662693428436 0.7791380456796441 0.331659006644298 1.3699730494470483 0.9115205360882002 0.07997754063878573 1.9246339626037199 1.3048183533549578 1.9128035979067124 2.241796152309625 1.6942153175190844 1.5702883272421964 1.5482683096403342 1.1639590574329115 2.4478083869663028 1.0325068482189108
1.0040193415710186 1.0949942222161204 0.9909094386453468 0.9513760099276387 -0.00771223743773819 0.11037906780416107 0.3874173811668806 1.0798321090798169 1.5722844811204986 1.6126162675759326 1.0261439542631985 2.3694430507637336 1.5729477981428872 1.2036248766664515 1.8453610222958758 1.7763247144980452 1.6754540973709966 1.550360641825123 1.664566856080607 0.9638402103791515 5.51392929387273 0.818519302320636
1.006974783304469 0.8573384504802906 0.9904754442778005 0.8311758804096188 0.034109398365599786 -0.12452710613772391 0.8168063652627948 0.8601681662691293 0.6391648108576474 1.6799321984607896 1.0895935691343797 0.2771217325097027 1.941259624499522 1.0762348562467434 1.7740646932206192 2.483193508324425 1.4461990330223324 1.6930654415481265 1.81830878229116 1.3222331235240208 5.666035062458119 1.64003509666083
0.9989152006802956 0.898908390777698 1.0026736657180662 1.097543839422678 -0.032796369197191755 -0.007030194031593329 0.22389008237354924 1.042810432754894 1.5315763106161393 1.5341056042660715 1.1240349271271326 2.3436742859610775 1.7120076379164695 1.2455631818917197 1.744216775089669 2.0798061622385675 1.1035438452847828 1.673712945588141 1.744091776088732 1.3144142104186105 6.601266783337408 0.9391129595584355
0.9951750888487382 0.9369626514400586 1.0081612704142613 1.1645632317476382 0.2977897999633245 0.10962339337187554 0.2796252586470385 1.0273475338470188 1.472510411308881 1.6100116330667986 0.7284001629650723 2.308553873065119 1.954981277686875 0.9894771503673355 1.810022783423522 1.3641705290190433 1.440995680065825 1.6153303681746936 1.3506615152283388 0.8634065503588212 22.434928854647588 1.08574781591922
1.0084697102079687 1.1183356742235242 0.9930948573850703 1.0807516874051881 0.20429356564729256 -0.19375623975026351 0.15339418222678997 0.8906866907339663 0.6620997569326971 1.562290019225614 1.06355604921169 1.7135090475072146 1.8309535987639505 1.0092591936351474 1.7661393617162793 2.070314284877134 1.4037390182367542 1.5452534830109124 1.443153369393559 0.9144820034889152 16.811591020459122 1.8132151187136687
1.0064110175317555 0.7501635344779831 1.0048190458739363 0.9715239328598346 0.09761806003578988 -0.13503369014418043 0.2970424231735875 1.0473964945957308 1.4196976477578116 1.5631637647976038 0.7188793543001519 1.705077134566163 1.7525722200000922 1.3060406652003844 1.7914724258089945 1.479061788505716 1.4071132367252615 1.5236794929479747 1.9483997082104105 1.349290231048509 3.522580620364397 1.373730791007313
0.9912887933557514 0.8961004445577214 0.992741041511407 0.8561716650608936 -0.08788746485880602 0.119431935346274 0.8745865259612585 0.9003837294810872 1.2304222785038208 1.5695280764121744 0.9666379869067737 0.4302854668576438 1.7507680666157932 0.9717038978713595 1.8183847611179689 2.2774078934425335 1.398587693630744 1.5008235517288342 0.8985207908518352 1.245562530600142 14.953013339459087 1.1072024683958888
1.0034434549342184 1.1332303388707219 1.0010728795666417 0.8692881459040636 0.24850680977641754 -0.03577194222623692 0.3266908260304447 1.0839057167636628 1.2287558488093893 1.6680970503573846 0.746877334093492 2.174200830604244 1.2416008197378208 1.0305864117013195 1.952509639230831 2.1447357953113855 1.7400110998602853 1.5049795062191946 0.8568405281809802 0.9237555494996679 4.873676815054903 1.656125584775598
0.991616347948855 0.9687271465357766 0.9926754279000397 0.8643236311918053 0.03702407532555635 -0.21930210441559658 0.7838031616612838 0.9533899134814702 1.6558187049824338 1.4889135484298153 0.7924409691854866 1.7624195452003226 1.4137465595505943 1.1156416661858846 2.041450455676051 1.4861080413035874 1.250471034933851 1.42875193032004 1.347834192647611 1.0898514188588617 13.692935241916768 0.8834366642919349
1.003945299746277 0.9604216225333123 1.0044895190510572 0.9326426515995854 -0.23793960768870398 0.14287117265688676 0.31426726572229524 1.0824262792420623 0.524019864252782 1.666486776454048 1.140105956777801 1.564735553652147 1.7395580514870388 1.0292566995628738 1.9734448232384265 1.6016196146988406 1.3610053093578425 1.4929802957544602 1.2663144101129802 0.9588202229088127 10.311584876230906 1.3151565118934987
0.9989525570352619 0.8221772610948033 1.0050413363719568 1.1814117319822373 0.11729780313069865 -0.1865454505495518 0.9030590174887019 0.9623279354009636 1.964777198301025 1.6635156655595982 1.1760948387185066 2.1995530991829617 1.8051079257134308 1.1027353688858665 1.7020340079525775 1.2377690456418402 1.4806731871763321 1.7430362333372862 0.8097260460275222 0.7336549044911627 4.958965781664392 1.4720682209501432
0.9984875835554514 0.928808863677193 0.9941591512601858 1.1318324143882106 0.06975922002176982 0.24570176092611168 0.31879324073885384 0.9645520554973023 0.8834536355164831 1.3823906990091945 0.9492005593748538 2.0142634435631197 1.783356813171182 1.2876783521105646 1.74871712773025 2.1875779477661856 1.3996744380241473 1.4517175772853175 1.7010025326502436 1.0035919935189677 11.434307969343845 1.4400753346174722
1.0085747880180125 0.9313613976746057 0.9914494295786997 1.2046207566482157 0.2972652058734974 0.18782726207143424 0.8082875019944221 0.8978895777498576 0.13675770878896054 1.441463796792838 1.1213662897515397 0.8497096375380827 1.8543266171307538 0.9592176545968819 1.7090411345670513 1.65759170666384 1.0264322018492968 1.5655021515599172 1.7250617134558082 0.8138983478908292 5.3050176073528075 1.4919983753425416
1.0091509140492902 1.1488728879979082 1.0009043205206951 0.9917811452312872 -0.17442260458415024 -0.15600260859297985 0.6090812174614514 0.7756139646776868 0.8702896006502676 1.4837428313021972 1.0985463714466475 1.6425520862800504 1.4643533927604016 1.2144199760599617 2.0265162912635453 1.6546762614970159 1.3658818630781189 1.6524112652192673 1.908664301759108 0.9538309575634248 8.095084249640944 1.4025253906860167
0.9929482416253753 1.0297973407898922 1.0034220156695906 1.0738540728188855 -0.16562929602547385 -0.08744488073892903 0.39378055679797663 0.8509046452744007 1.6764073695297321 1.4255876322331886 0.7533968311725809 0.897222301364395 1.1388088499172673 1.3479825059742994 1.7397180929017984 2.5654040937133047 1.4741704161318308 1.5356309359266092 1.1792901552830535 1.1957553531544782 15.409995632370308 1.227623901312397
1.0079728978743099 1.0127449751321298 0.9916602006955215 1.153471031068777 -0.2204632269600429 0.2791042283571277 0.3978465955299648 0.8559457600367056 0.29961351303916656 1.6461462170638876 1.1219399800758356 0.5309810783770585 1.9460093280545703 1.043660072609117 1.8735940429784297 1.1729382381478697 1.4476898515372858 1.561092809546603 1.2400906411434223 1.1438703460269661 6.095096493335635 1.8267767368076764
0.9950246361596108 1.2341871923321786 1.007507897235464 0.8745457258614332 0.23706333203415214 -0.08796726186670831 0.4671967731843136 1.040569283005573 2.0161102272384848 1.485535481668655 0.8154122213774424 1.5585558647559579 1.5200508826285162 1.1351591174133744 1.776587960045294 1.5169342890730078 1.4676944916715273 1.5770263090609156 1.141135975263164 0.9299690972330793 14.431602633460415 1.7927284938692543
0.9943611315836092 0.7781165438095589 0.992213502971177 0.9497412789840098 0.26342069021012365 -0.24024243433345543 0.14688988775937334 1.0085710886156742 0.5545974185762708 1.4635994861507606 1.0333219138813505 2.3988126419520928 1.3458381982639018 1.2692689909202226 1.8203234088721292 2.3821201597685917 1.0644352406816393 1.707105404664345 1.2615579847229406 0.988126334626076 14.44141806282272 1.0184892420208351
1.0076990655942741 1.2159481514049957 1.00069582798474 0.841971923327176 0.09266575598196103 0.009885238765040494 0.7210017838075933 0.9119266774893047 1.3226320570503005 1.6077727297286084 1.1029462378714399 0.4682059797573715 1.6064472378436632 1.098594220549768 1.9249135889238151 1.698000384648315 1.227572515460901 1.704614301837747 1.4794030968866325 0.9983023869903898 10.374618311519118 1.4752943956265268
0.9930435452239593 0.9117512618211612 0.991333705340396 1.1547752534533196 -0.07717306546777913 0.24726315542093863 0.3599182965713211 0.8548989400323447 1.5862333779743851 1.4669405526694186 0.9327920189767747 2.053940575591586 1.6698151254368414 1.143227664016515 1.8649726799797737 2.429845674563257 1.5518283909482835 1.571451206640292 1.0725673778519758 1.1246118433769448 21.010875385715607 1.4988713336921011
1.0097649964910167 0.8706711710806047 1.0049516423592595 1.1110853501176619 -0.1835668193248114 -0.14476734228937735 0.6990633668962615 1.082939894959112 0.239936365466353 1.596075264136262 1.0815235547568272 1.8274053198880154 1.623371818896939 1.1283664035447447 1.8722481687935937 1.266575583377179 1.3264310217453017 1.636073137622946 1.5175015950373103 0.848957160608577 16.59190685616976 1.6140696546983202
0.9907130504862796 0.9724475528971086 0.9915310450430347 1.0075052249313223 0.017939916207876272 0.06642675688477351 0.9873016368878832 1.120774797864403 2.1735177184792707 1.5446338212755257 0.8168475542761469 2.1042791385022377 1.3426179719138671 1.239480943621909 2.0420699812602505 1.4249732576847745 1.6820238338964912 1.6589241493346911 1.2205332540829907 1.1015090737478714 9.877967665205183 1.1068178103538289
0.99671199924622 1.1115106857865966 1.0011659345613095 1.0828958673854672 -0.10992522576202737 0.1699406738617567 0.25913252410810533 1.0916520163067835 0.7922555025056092 1.367118803260362 0.7085791895456295 2.0217641119782797 1.7574343725359134 1.1062653052421623 1.836270946924977 1.725499096602734 1.4326942291131783 1.520601567017806 1.2416792242186034 1.0417045024306928 7.478479801131279 1.1918742144037768
1.003009067901851 1.0902219436303437 0.9911957397885848 0.9302970340577431 0.18987203951573112 -0.2841457683329977 0.44517814656920507 0.7731724377107765 1.923616064752697 1.4782324076204183 0.881576198551561 0.00511635451884773 1.785005332592959 1.3299557484940305 1.9775811395576783 2.428219624573237 1.0560457234946774 1.7531835850650042 1.008458509465267 1.2961687086775178 11.764744771403127 0.7470954648395275
0.9959679657968854 0.8965627355052449 1.0022603770706955 0.789122836588856 -0.025991383393084655 0.17942975128355448 0.011744635495523672 0.8278207681814757 0.6741727899805077 1.6724931622715098 0.9586182336280572 1.279946901715527 1.1467272156802786 1.2029015084100352 1.8744746839599942 1.9684707505781953 1.668052114161371 1.460627931954941 0.9437518589349173 0.8881782407599509 16.87996798221301 1.34976759693178
0.9909937806120707 0.9279024417943178 1.0095274978743922 0.8702586038270576 0.17483290684459607 0.15459145207086716 0.3108724660998463 1.0844779298140015 1.939886355324178 1.4299335184678141 0.6919842176069607 1.6811497093462673 1.5455102657528956 0.9492028244972237 1.8267488265322378 2.0449660638157017 1.2471244169763263 1.6815465198727062 1.4231969412144614 0.8251213722703512 20.358201027351047 1.5365315167138605
1.007983090284626 1.0529331869467975 0.9996077934549495 1.084897901120784 -0.14216320071399613 -0.18301805161327983 0.040826947234897874 0.9199160856902954 2.346632213720791 1.295246578570732 0.788853360339781 1.5686645303266578 1.8623845589981303 1.1374232473179038 1.9471254176348167 2.244354334357194 1.50946564934663 1.478967527258497 1.0559344040724539 1.3619143275117318 20.22975256203496 1.025882675812757
1.0086825690894128 0.7617845749150324 0.9943822969876376 0.9321664293628243 0.29344650013269497 0.272036547959216 0.709528587508668 0.889723968826228 1.6964593105119017 1.6060111144988896 0.7540148079956035 0.18965097727752642 1.358703173119292 1.149805409931741 1.921381768626099 1.4093234966882475 1.0569933182729752 1.4765281059026525 0.9176872377486165 0.738666050208819 3.083752839218601 1.5393778007918093
1.0054452672146412 1.2476328301615598 1.006322465453773 1.1617643859846738 0.1353608381819087 0.09975754571079021 0.8323772799477781 0.924618617171307 1.387888356210321 1.442484424624786 0.9245979645164133 1.7357990443680604 1.9670602825620755 1.2146389644916047 2.030116331858558 1.5131623579384959 1.4483700008455644 1.4268486776785907 1.1837150324904675 1.0001413963874208 17.174739789339515 1.1787440120518387
1.005946938328997 0.9226975525406755 0.9967682765886848 1.0400390953415548 0.29896980623560704 -0.0905774302747383 0.41735074028556196 0.8315554012823412 0.7622222864641377 1.653054866560531 0.8999623649829286 1.299687338277367 1.9576528064511993 1.061453526309612 1.8034136965547776 2.2394991476202737 1.5977992781118633 1.4861746456803768 0.8438072868759295 1.3387824278942808 20.187716035309148 1.4229359532481385
1.0002356162147188 0.9593341203588261 0.9949468069528828 0.8453594186399404 -0.17554616551663396 0.10662884533876438 0.10725792951094136 0.761044510454215 1.1289931100711312 1.6069918668654508 0.7472780144282976 2.190207149025619 1.3670879988538198 1.0068552567562616 1.8651186216395892 1.7342000928492833 1.0585591699843575 1.4794802634559625 1.0136947733568322 0.932193600770017 18.15130110594649 1.6513809441990548
0.9939272551290416 1.013528477357271 0.9945648412628956 0.8920457061318289 0.027137304489172343 -0.11121047700290398 0.5059606890654007 1.035999883845944 1.0039677679832726 1.6554700127026507 0.7346574564698034 0.5215071724768165 1.236217053774551 1.277925954698258 1.835685279914519 1.395652032110028 1.734413933649825 1.7547263864155285 1.140281609651041 1.3068349960507237 21.41158242671359 1.7790101070251774
0.9984453990141876 0.9976120329640352 1.002458681117839 1.1066149199689754 -0.12726666832404454 0.1519047604490273 0.8945242882597259 0.7789290056634546 1.1117791223869626 1.680255937981083 0.976554055036339 1.1433331630671186 1.5177186132465041 1.068806462407197 1.8617742425466153 2.0911561902816937 1.5061454812822985 1.4447185569792504 1.0699080289980523 0.9220386536488785 11.27039996872632 1.0755148711285878
0.9976890400381364 1.0178990101693892 1.0010543218550179 1.2137017437237847 -0.03770844332620321 -0.08367581563017637 0.03672653528698454 0.8191530648473133 0.06686836537433893 1.3682698866510667 1.1943975272936194 2.0814824245467918 1.4081458895390215 1.0060563246745733 1.8563821244070187 1.3010860805385893 1.123238844743857 1.6625400453215498 1.5996763596621095 0.910152137841282 14.765624938546413 1.8184187011696176
0.9920845609987533 1.0645637549842437 1.005104234577363 0.9401097044319922 0.2746216312476611 -0.21024517398496603 0.9718477322933249 1.061372754955106 1.0534512592809988 1.4109379883997868 0.9104873161361471 2.0795914533419384 1.3696721912237453 1.2297837541909376 1.7187535560037384 1.9208945053533282 1.3197573424452607 1.4575284512034798 1.839822989969993 1.0706500834862163 5.341270679780082 1.388120331841477
1.001666085448506 0.7727225910997872 0.9924090365365854 1.0292617131449902 -0.081376866839175 0.18263225185461923 0.8345391962908502 1.091081339242726 1.7644649126295575 1.705009563627198 0.7525979441855035 0.6304044885699955 1.5331510252293556 1.3188588451258876 1.9961966145500132 2.2573409987924533 1.291424624911197 1.569220683277165 1.0448970866660152 1.3152581122732274 7.358699834046109 1.3952287343737828
1.007888709209705 1.0698216196096282 0.9990498148927428 1.2456994169070197 -0.10940734435496316 0.13410901338713122 0.26842866437265706 0.76170450437619 0.7116546056221443 1.4203221432445936 0.853554194247095 1.6791379260695913 1.5189604137598336 1.1797445736523735 1.7950690911519005 1.2796694562426685 1.0477940533181684 1.6875988739485144 1.4169444704293785 0.8296754222466095 2.6015070109770666 1.3895212178385363
0.9979148991537699 1.2203075709522695 0.992326908782416 0.9231505511348786 0.1086026828795521 -0.29670711842056796 0.4444962701164229 0.8776474513539513 0.9332491952650921 1.450992900441855 0.8842747320315957 2.098650179904861 1.7863762761621862 0.9976091916532767 1.8511892983867118 2.6081520591509446 1.386094646873683 1.6739107894801355 1.9080171579299916 0.786244842376722 5.164970436462037 1.7825551845734282
1.00512475419299 0.7526948080723954 0.9985701477720341 1.1042866884895206 0.025854951656531344 -0.027932545758509897 0.9125979913896496 0.9440869081617084 1.375710303196969 1.595596811310394 0.9155733738631968 1.3746171914079677 1.9028911368999797 1.2253133918977184 1.7587249506600533 2.1001654346926895 1.5019003055959463 1.5056939717623237 1.617777643786213 0.9503455793865552 10.54335293137358 1.8360397839454143
1.0047478290616134 1.064009416491486 1.0062990257044675 1.012152228632957 0.12658171233984356 -0.00355511014249299 0.6536901377032166 1.133457146144272 1.0096951135781453 1.4268540314510012 0.8776918570587429 1.9240454658251331 1.4382790943624426 1.1830736354826872 2.0259031654147264 2.529065648058127 1.5354810172032567 1.4512904966583577 0.80892204103691 0.959100924512551 10.182793561419231 0.8917962612199439
1.0023736656574427 0.7934405969805579 1.0000884055229666 1.0862148219781307 -0.07071592045662406 0.15009683720891975 0.07602099192162805 0.7994368048816778 1.8066381855191482 1.613806530031729 0.9606060252204558 0.8446865167633907 1.8196097766624089 0.9154193277640824 2.0376975322348017 1.627244010546746 1.1720272427189216 1.5599387784637215 0.8705315178000412 0.948113902027556 4.463592402783701 1.3999884844031896
0.9968808891971324 1.036582814863414 1.0026253570369672 0.8181614537598041 -0.14405382886240944 -0.1699651133589581 0.8714643704990986 0.8388224474220604 1.2482166256022145 1.3534845900914414 0.7289914678491937 1.429967255853173 1.2128501743750797 1.1945758415034025 2.0245740437350745 2.5613195977055714 1.2900087228554733 1.5330390328686265 1.6057680821044493 1.0377461117120232 4.0960728739188585 1.03659764718652
1.0046674530790487 1.020744155300324 1.0017510482390657 0.8730324967494374 0.1268447040982419 0.1788688400214013 0.09763608350462225 0.8248802527703032 0.05708851972476707 1.5302948564235481 1.1360061635248087 1.2501035735874624 2.0092111967355857 1.2639445714379827 1.9288779120698663 1.1805415120153324 1.3899758873929655 1.7707850346672254 1.1766693519619131 0.9187905399451364 4.541098882619355 1.202145514113091
0.9948651046537357 1.232815747043305 1.0071289293181807 0.8404111594590089 -0.06501930025737429 0.20310777589805157 0.09985885089441698 1.054644324111989 0.17050631196119265 1.4910494286393672 0.9636286675263863 1.3624480874867748 1.2835383508997533 1.1931610327519961 1.9926520307160946 1.4669533987981145 1.1075180043743644 1.7425503120785724 1.4342272489313586 1.0026629724480074 14.875939942568312 0.7158574779320799
0.9954554185573301 0.8086861932109799 1.0061985904764448 0.9339111386951411 0.2663124924828227 -0.0010388240061032783 0.37987340453165425 0.9059856749404724 1.8261199152408858 1.4994992750699383 0.8597344056384711 0.8462785615753726 1.4441561254434374 1.2274489512726543 1.843834931940412 2.5176097643083164 1.3205926383413287 1.7831397421590134 0.941033370217241 1.2723489919847955 2.0273354044244165 0.9550383644091045
1.0090419951734217 0.8037799529176368 1.0063740462832005 1.0424326817492289 -0.19962389368556682 -0.2388769160610548 0.5535515941749993 1.0892791171271778 2.2710644000662183 1.6629090936183362 1.1493951750272078 2.3150593987334243 1.3799949848216697 1.3605770933069272 1.9634276612981345 1.6429504764399703 1.232056489015711 1.6643937389596182 0.8373718144015085 1.0761369995512116 16.214793511458847 1.807412336944646
1.0025740153234555 0.7908172751390224 0.9924555377930206 0.867265884994643 0.0965696804221241 0.08603594533598086 0.7269560242906161 1.0524416159645915 2.0877527230888684 1.4315515808648185 1.1448543037085224 1.7145835058432426 1.3807712332335735 0.9327376031001358 1.9442203520402912 1.7721537058805592 1.3066381212174765 1.5835327634468428 1.5409168989942126 0.9903987163178056 23.636576225403775 0.8843273816167985
1.00083970863107 0.7522751517115961 1.002750086970297 0.890549959744006 0.11428708031876061 0.21247979155409408 0.1415121718038887 0.988314187306851 2.3021954347173708 1.6837053761548413 1.028214113982489 1.1462043660810255 1.9532987068217067 0.9443002013628613 1.8622425534798146 1.494338070757989 1.5944511963574692 1.518793805664598 1.8801762086692335 1.1631714853183608 7.546658703165072 1.4471048373303796
1.0078085582253804 0.7910887472642757 1.0033029836475846 1.0006553053051617 -0.10128335026050062 -0.16003540421112689 0.5232094454469693 1.1218230464345447 2.059998466128137 1.3976308717941948 0.7078489013146114 2.347515755608541 1.9611696852774907 0.9029915059986316 2.0024777531047535 2.427345267657647 1.1253673757034328 1.5735742998647044 0.905724540432823 1.136377854803657 2.050770892188644 0.7584289457733154
1.008416882811298 0.9693432086620154 1.0033650953237836 1.0430920213903696 0.10085392840216983 -0.19736409176273484 0.4933846927167296 1.0051031866885056 1.3110264426245728 1.3940747958671902 1.145788283141819 1.0694108824037543 1.9898563836063081 1.3660670230618501 2.010614682598569 1.7694803557340264 1.5377283181733605 1.6584401428663715 1.025701127156275 0.8787113113330928 12.383564402823126 1.7753560618268045
1.004962628088202 0.9789623351107517 0.9971443525385355 1.1127404807510664 -0.2454061661174022 0.22879930370301899 0.08237595638046823 1.0354013240376927 2.3245180867414845 1.3036397617792792 0.7809179374997841 0.08660396708632877 1.410351751492414 1.0099624374906784 1.9554933754282398 1.5214320379107997 1.7279201615058484 1.6718988612367678 1.036234594081743 0.9925216565667632 3.579785181578961 1.101617003750336
1.0030212962406637 1.0182259924446384 1.0019584149565348 1.0880981477534801 0.1945445911893477 -0.24400061922048455 0.14777708525994615 0.9586880973942082 2.082406074881191 1.7196597997208463 0.8491577787685369 0.947959707427305 1.525440239133109 1.3014140521068436 1.7305342444523886 1.2141780937767235 1.6838287521403337 1.5629981305636271 1.206943838998609 1.231077697240674 15.454935449277833 1.5097779005463257
1.0027207966764706 0.8638219925297954 0.9999857952983308 0.9784981868890614 -0.29480899255387955 -0.02528871745040484 0.18191358913187267 1.0667111793337876 0.7391760469975723 1.6105512063671201 1.0293659167126923 0.7991145811523315 1.9496692435021483 0.9821558377692252 1.9115721395043535 2.032110792744435 1.5398167166350771 1.4896801957404755 1.4725299876676243 0.7742941787475274 21.755109041968527 1.8334048233109204
0.9992386808529662 1.184411314073246 0.9968420494867019 0.7832435991334347 -0.201135988151534 -0.06869699184884881 0.8758803214922508 0.8223493389210832 1.816593566863689 1.5818334278733595 1.0118457944483326 1.9310626617529076 1.2192812059501386 1.0831628784622538 2.066339471586247 1.573735736116922 1.0907504201821305 1.513365953566991 1.2838118232214533 0.7221533646359986 10.814968118511487 1.1960960461795853
1.0097938011408096 1.0934900329504353 1.0058461567723644 0.9650160105737549 0.275739985709516 0.23455255062934116 0.12288775968308271 1.1263757821843348 0.38482496766048024 1.6195942920119744 1.1107118979633008 0.6356176734773694 1.925772673625281 1.1889249965198898 1.9138608354351305 2.1024972033524723 1.1437988378716584 1.4447996113169617 1.237845192964944 1.0894519498483182 15.89063718983622 1.8349420139388264
0.9911122034059744 1.0735472384851008 1.0065692414838516 0.7730773293125586 0.12273426060051462 0.08409154331129948 0.33769677827786143 1.0808092133320792 1.571674717356848 1.3879781633867363 0.8123800330637007 0.7169882221186349 1.4965705601251587 1.3116836861405659 2.0478240320409493 2.570786326901057 1.2151219703855163 1.7141500325159214 1.8489668374219423 0.8978480750702889 11.828723724924238 1.088313892183346
0.9981742336113827 1.0050579798925352 0.9987884014783902 1.1386287258266719 -0.08873466573925806 -0.12636071324428852 0.3231860242540336 1.0208060560435892 1.3359129350328827 1.6705492681204972 0.6933032712047729 0.1820691705192289 1.608261747419348 1.2327890380212883 1.9362331345044725 2.030424324356806 1.2802728252994662 1.429149082339435 1.5213169435664886 0.8922984551434491 18.743429384645406 0.7039210864008184
1.0075343530317273 0.7701881382324254 1.0079103360368773 1.1842558546503419 -0.10758222720854713 -0.2361723841434651 0.09832048868306056 0.8886980321616058 0.005972566890438456 1.6185962421187956 1.1523418998676562 0.6777615233234033 1.8832483325149405 1.102413822701623 1.816611165390741 1.1774724853615113 1.5648299849365617 1.6691001827290834 1.0349762415484696 1.016217482802586 2.415307150839137 1.195898353525586
0.9926146747144491 1.095626703350841 0.9999439342636877 1.2184933632797712 -0.19632558939756592 -0.2555728690510384 0.25401501594647613 1.085767429381584 2.0020973644593765 1.7027067903838007 0.8561890604965043 0.7345547168888638 1.1639982757298053 1.187114611937856 1.8218575084882884 1.7795743539464268 1.5785526765606466 1.6003534927892007 1.3988002184682866 1.1054366595624212 4.248727964613602 1.4179503723947877
0.9992930802646246 1.1390537399159057 0.9917581239924376 0.9246090271739054 0.2692071021672519 -0.07884486546154482 0.45187445125421405 1.0196366008065634 0.8841806827895209 1.5653282758044378 0.7532105404375933 1.6136107876956287 1.1576408161960063 1.0661517339689963 1.7283119167699221 2.191780548219657 1.2639373820701627 1.4701659223059014 1.6362594966017756 0.8673389150006231 3.8572310908600187 0.770916127662832
0.9975110703550252 0.7588519592138172 1.0089666895447171 1.1803754014310681 0.1771446760435489 0.027729282107486708 0.12495547747677767 0.8098032085266818 0.6523961629689794 1.4491080654268491 0.7820665927424482 0.13585643575493817 1.9136890361224612 0.9441767590892184 1.9706678628478307 2.363414977439019 1.6588716322048724 1.7133306788834042 1.1186220769603832 1.3129609938516706 12.334635332874551 1.379928153526558
0.9956789733095012 1.0421517428077305 1.0045542105671712 0.8006027349301295 -0.15737389836614513 -0.015519129411979027 0.07324659708120161 0.7984821285801922 1.8194369104899517 1.4762959192610388 1.1620613223285472 0.03864907027082538 1.6916614596564143 1.286675709295174 1.865463464414362 2.572343227154651 1.7308289186208432 1.5195075166002385 1.0244871209265174 0.8033923886852856 17.32688047884762 1.3622212487277263
1.00422048676076 0.8330573095394018 0.9909958702242049 0.8283146393090934 0.25702553522479826 0.29003841957769655 0.3814789503297809 0.8605194984493293 2.1436389786026364 1.6924604688939662 1.0308096103533153 0.48782268077056046 1.719186529800593 1.322164512902432 2.019557229607925 1.1718379466854998 1.548608182546436 1.6314767429947754 1.296003905650029 1.3452890216681919 2.34795079704576 1.0067718984349792
1.002092704000472 1.2303497553040157 0.9992009248538036 0.770191884687927 -0.2997746983148656 -0.10085170897795406 0.9689122017338385 1.0982660875840768 0.18666824236475044 1.348207762624234 0.7544593567219917 0.2712263304958026 1.4938605674166336 1.1450262123019983 1.8224049478669828 1.540652473915383 1.6071735815917485 1.7419959981173954 1.7573843007842345 1.0739270568679058 18.776515492097573 1.3988082286965513
0.9968017619287632 0.7666413301827145 0.9984735680197431 0.9127013395517577 0.062263134925055086 -0.15078507247612086 0.7051003125805019 0.9522528800953491 0.6658948710594398 1.7100428016442437 0.7452174169250699 1.4707108418465469 1.3245435362367366 1.0619347107111439 1.7489755822837485 1.9862830713685697 1.4608631607778613 1.5278652685982124 1.4305753865546391 0.7556971899402961 5.636493866154829 0.9506894287323782
0.990817754326455 1.1032217743371393 1.0021166636388152 1.2386400920468585 -0.022526924205611143 -0.1316410664298499 0.9891714934524828 0.8673870228006568 0.644047677901237 1.2982902200567783 0.8287892663395184 2.180082790907879 1.633889134625829 1.3243007727125877 1.7657473316332335 1.7917712392510503 1.5305688335364118 1.534789053829905 1.8792586500643074 1.1322677148063691 11.7259210430841 1.4216749368073027
1.0083478116348692 1.245977535511661 1.0078939812584498 1.2260227916827953 0.2478710289070289 0.13699611496344405 0.6954686665213985 1.0694966090567521 0.5997339898111748 1.4533584320009534 0.7350900980025362 0.49664611328262176 1.6348108568230892 1.2587458831594367 1.747936475522728 1.3491207768068407 1.4058070067145578 1.5051635457654062 1.3000443093155787 1.3632750964997316 11.913145885763072 0.9163452904429064
1.0086623428282253 1.2352805223914163 0.9931487361567649 0.7866010423419656 -0.11564171369856649 0.29880737036992117 0.9369014179926277 0.9425215466460946 1.7753000598561268 1.5182011756798302 0.9063864800142957 0.20607607784037038 1.5413333609537723 1.097088850040562 1.8811501574202996 2.3605228893709125 1.6333660277728421 1.5032824173843735 0.817369016015948 1.1409346628044348 3.5566145155192297 1.0170095119636509
0.995819212959918 0.8835697544276888 0.9984473570024862 1.1930352286595252 0.01041224709546823 -0.24120255600374602 0.8510001638214485 1.0297125274695325 1.6739761060536866 1.6734681767516264 1.0200804808417097 0.5091945608485785 1.4797071277792322 1.2370074735476302 1.9986028666780937 2.2768204142918966 1.0682964992442439 1.6947140094931252 0.9033839855837 1.2439053917160021 14.678409848235905 1.837814166337231
1.0035564307406066 0.9909706256104616 0.9916438971364554 0.9597924434433106 0.04731922656649412 0.23826067230402298 0.5573161855977979 0.9995688355105411 0.9511778630887043 1.676481773836845 0.9652810189817695 1.4675286655844215 1.4297010112794388 1.204926863487175 1.9947142986968376 1.4427659397769332 1.7598610193585231 1.6277446033072018 1.7166236667609245 1.3367866848515542 10.125104185543268 1.118771305663277
0.9974488061971879 1.1445449924823474 0.991723039361579 1.1853777992046686 0.11978304559026903 0.12327906583504478 0.7125067091148057 1.0730911729081756 0.22895457399254213 1.2996250572200327 1.1390753596093544 0.8122222622360135 1.5376737429045542 1.1230240939644296 1.999083066161278 2.5587197517677525 1.5524957234572605 1.7007249631932297 1.6385245211403703 1.194428336828006 9.295552653560698 1.8000952991089079
0.990321624521777 1.227279609848353 0.998135209489152 1.246034415459045 0.0035107668043313778 -0.20128997553181083 0.16966997865167666 0.8292635059569806 1.7931806455037393 1.3124804418663987 1.120147311596313 1.1317623181534002 1.6751048178918115 1.2817510691578686 1.8841856370929781 1.2917930549305885 1.2035890717755122 1.617837066660891 1.5965788265608394 1.1048550396939356 3.6776390159961228 1.5169034568578565
1.0051534006814118 1.1091368100729337 0.9915493494198098 1.2375901631990796 -0.08089571193564057 0.2853796169459591 0.8554585183989369 1.0277181628653507 0.685598730938124 1.661710040408848 0.8678390560916606 1.400631239003842 1.5070463087056674 1.361939662019825 1.7983653044820327 1.3542808277162475 1.5027614560659524 1.4935970022158176 1.690260862082476 0.9790479034058451 6.58045815545949 1.2873701371957953
0.9959310044293549 1.2298569636204195 1.001185682790378 1.2178171946841017 0.28919369847553916 -0.26891982611143594 0.3924245903370897 0.7772174350774108 1.4926124106560834 1.5659458955922896 0.9294837327866577 1.754963225440461 1.9474075151916461 1.0857352360805526 1.8827433412375774 1.5692491905512131 1.0118626232843255 1.6983254095934865 0.9554825720970689 1.1681017053252043 2.540648401443094 1.0407257992604904
0.9909531899889716 0.7970477608924113 1.0060467320104995 1.005050315005286 0.1582178108404459 -0.28472338106925676 0.6798348383528356 0.8253378105978901 2.0178578140806867 1.495068892295361 0.9803963638926396 1.1206708665306597 1.3532757876615586 1.34242086090036 1.8719312658666305 2.4653314886849627 1.4375398314416483 1.496209330081959 1.4968741507066623 1.2572415677937685 12.784124540086662 1.6685968863174967
0.9965493202974136 1.0112163972587438 0.993341248146594 1.2157740932162895 0.1935261543019235 0.1903120203022992 0.39480968896413343 0.8423308726000919 0.1475259897392339 1.5539126233650005 1.1594389838922887 0.11551588699709685 1.4473684788132717 1.224189490661736 1.8225596607858388 1.6294847143115878 1.2120930756232229 1.5921068947581034 1.19484312956909 0.9039655822927172 16.546901152983278 1.2280262793674535
1.0059262463434122 0.9343432198863241 0.9956036317505506 0.9348014904738127 -0.266921061105275 0.03782850142831584 0.2340072585431349 0.8072904830978755 1.7073894598254657 1.4665717199591062 1.0139850950630294 0.7459291342699996 1.7787856406197453 1.03716210398196 1.8060197327085252 1.4006333421219612 1.3536126716768477 1.4374371976550262 0.939000507093208 0.7709542144707684 11.456246353855821 1.0633647921068268
0.994528082076172 0.9019577984785815 1.0008185842104382 1.0647553280574993 -0.29187474115520345 -0.16543099218396629 0.43424114083694626 0.7971294389976928 1.3466697760327322 1.4122038628647293 0.6954927789014317 1.9836033356421112 1.6012921487144596 0.9719909683406854 1.7280910085803969 1.5713876199009884 1.2664555036875897 1.542927035316545 0.863441726038633 0.8830020389349432 12.422773784753762 0.9751024326913047
1.0077598245218646 1.07032719856725 1.0001030104961548 0.8993865095354817 0.10999248865463063 -0.17598319917127286 0.7736226458654234 0.8149471806314906 1.3513797827422536 1.6359516317558334 1.161081962423928 0.048246366348041365 1.258481267298112 1.1847946372271905 1.8801672207663285 1.2504948469343198 1.7642744645602404 1.7791064568537276 1.670187162289749 0.7643935347039057 18.991907520165913 1.3692360968106039
1.001707815233358 0.8898635083331565 0.9988890366895615 1.169357333235129 0.05044037344310337 -0.25852197074473254 0.21830158942310476 0.9474160473176279 2.200381391941688 1.4089669463669807 0.9043257415519136 0.7871978621001224 1.4481409257266253 1.294790608140815 2.012837290699937 2.1248020401380123 1.7561398792089775 1.4648141937440013 1.3685567584342713 1.0849392732441858 13.89567543136576 1.6502082475541
0.9998224150707877 1.1849594011214624 1.0099121808322589 1.194298203000832 0.036578408970316445 0.010421974426861269 0.7489879821830595 1.0889789238470622 2.1216932306425953 1.3045309612594111 0.8065760613798263 0.7801635754100351 1.225186496214554 1.1494413677724975 1.9955772563234835 1.142256467456692 1.1561743683589558 1.678006788196581 1.1201187970748214 1.0325285981200256 12.492237963288645 0.7493194579757193
1.0028073998393483 1.246753490845042 0.9921249798346355 0.8379721001933818 0.1941515005919317 -0.26505023274820155 0.27425223540135935 0.9359056740110859 0.05004052709637357 1.3202979318117498 1.1138875953823542 0.5966281782808854 1.1839198517918168 1.216987075880957 1.860936919837602 1.6970933314720198 1.3818535447601468 1.524567464937665 1.6729204439465075 0.7376681318346475 15.554408721008453 1.4870294289653825
1.0032024937112693 0.933136117810227 1.0043013882042673 0.7694007231141008 0.05527650067198886 0.12029879639848784 0.2969358565710831 1.0262481012268212 1.164623682114373 1.683102488662817 0.9346712921437088 1.8407998970084067 1.80600272751935 1.2109298941836633 2.0160166186523405 2.14711940862966 1.2815272711647279 1.545595312378985 0.9570274697950607 1.0052186971535702 15.82784973837224 1.7917018929529172
0.9999230250450566 0.9187639619261638 1.0034865998108657 0.8514386254047442 0.2827756674830704 -0.06517052619462763 0.6391192973712216 1.0206008386271181 1.124862498493033 1.6621883947857452 0.8730995281682913 1.0135694804595232 1.632759388828052 1.2928870288182757 1.8258952354240532 1.894574143177537 1.490215631706757 1.4316689687397868 0.84930278282053 0.7090067857021609 10.042031011666023 1.4614559072410844
0.9937939208828387 0.9883552024194899 1.0010339612937431 1.0527349415894063 -0.26301264449755263 -0.1096016605544387 0.025542525805502977 0.9396814790413666 2.104782456512108 1.6675403832845404 0.9877030592756046 0.2401405453855999 1.8836640190768723 1.3305403253133117 1.7327576980663684 2.3914904866097104 1.7209069711520577 1.596880678829901 1.9013100114796848 1.1641419485002134 21.768401247785985 1.528765067664804
0.9961759659716454 0.9931530084749318 0.9964921059766136 0.7910727860840441 0.08140712768231212 -0.10771434877641803 0.06696332902074001 0.8416909322687791 1.9355268556122702 1.4346816562212337 0.7678902326307235 2.2363444531995076 1.7043209300072493 1.3024118109633254 1.7251006059579106 1.2041616183312829 1.7170790289460596 1.7581882660525376 1.4400073117569878 1.0459088355388713 23.397819345726994 1.5404359752792485
1.0091945669712772 0.8275537264248538 0.9926336398713987 1.0575672113429615 0.21882606395546972 0.10306950019335603 0.33279934891714424 0.8623086643429235 0.4256277928608182 1.715101590007074 1.1748621544598652 2.3020638483239115 1.1216270275106228 1.3461184672094122 1.7954122588129746 1.9064262840263555 1.5863602367270753 1.744201723412283 1.4494090657052203 0.7932877587884891 12.296943466257584 1.5585177065165803
1.0030414108917476 0.7629264465560647 1.0055083412637367 1.0797834551105612 -0.1266811428272081 0.12077779742362105 0.6811342243249041 1.1374453809764347 0.5366393784103465 1.5561044254464793 1.0063051294861085 2.1694051665495317 1.397884243687801 1.0582224105584501 1.9276487533915667 1.5188460178972205 1.5715315827495817 1.6542110393831633 1.6847742851818708 1.155813526283431 8.667491417811181 0.7737872720998605
1.007878146861982 1.2287955975337443 1.006502340690893 0.8816869682107931 -0.05928815790932512 -0.15578818523649088 0.1179734245979178 0.7709985195506008 1.753067462200347 1.5899367869092127 1.1573880448106764 1.2046781564296756 1.187970390248682 1.1671061872074397 1.8281641358292635 2.4348105510002007 1.6321067883311717 1.4253272738232596 1.16065920987125 0.9948907058891494 17.06617102056682 0.8603300548133259
0.9900343651451043 1.083121362591233 0.9955203992364483 0.8829181440349292 -0.08541552317959852 0.23001235625329836 0.8465292111631998 1.0376616832805063 2.2237028595767243 1.3432218783141483 0.8449944700555804 0.9444526473412824 1.302264552371714 1.19921445038573 1.7676350899556712 2.306817376201085 1.0746324639203753 1.4543458012070913 1.269259909378237 0.9198970081583342 9.078473133719243 0.8142118543429812
0.9935466286245631 0.9657121094247887 1.0060142400665606 1.0333839744292002 -0.194322270039317 -0.08329801035542525 0.7243933076845102 1.1192288817094511 1.08099523124385 1.3330905949877712 0.722520930840781 0.32978958267753067 1.82889209077864 1.129702003821749 1.7895231836765535 1.947895883860475 1.4931258431555614 1.7448855929590452 1.2441002551525604 0.7115671724545533 4.529461025071596 1.71637458135582
1.0057822995477552 1.0774789699100122 1.0060813442139185 0.836972873320928 0.26166021621434626 -0.05235912238245033 0.8275774609617278 1.0366688130573465 1.511121125747472 1.5746872435743706 0.9975281258736988 1.2458161819329165 1.4558405036674364 0.9145615616433612 1.8188371188339696 1.6869821282527564 1.540891945459783 1.5574430730765685 1.2022847163855066 0.8186956856626331 13.293804662080607 1.2334895232874632
0.9960598870152867 1.142429970758153 0.9917715015910347 1.0691042258377073 -0.035153592115749144 -0.22310109506552817 0.8445957476512956 1.092592507965285 0.44273157699125465 1.680682733620093 1.1600106906298033 0.03416101713795479 2.0031287336625425 0.9083371471331033 2.066675314715384 2.5377537889092707 1.4871769296454462 1.4887763401476302 1.51110575967222 0.7126708278556295 7.022438367833041 1.2976058967620574
1.0059753751525817 1.0753001046099424 1.008791455172812 1.0392169544659404 0.25639559854890187 -0.16634312085761455 0.813761091408392 1.0574394294127893 1.182249331329437 1.648199737202947 1.051717135069276 1.1959630110752753 1.3263077079599426 0.9958471922864596 1.8082645259898869 1.785715145430748 1.0496791217860928 1.509119734768756 1.6315887513067941 0.7445715907488478 21.461603702230633 0.788810343383723
1.0031374121183199 1.1529805167528266 0.990750759971177 0.8765176586325139 -0.11285995106928753 0.21154226475774457 0.7621503609030891 1.1017656880007922 0.25746787284097494 1.7085681848875525 0.6983776464509013 1.1169526674113142 1.5599308356489838 1.245326278995567 1.9399458112731562 1.193894065526435 1.6483188405053486 1.5731584920552926 0.885670283516174 0.7533096400756788 17.13053910176084 1.430024624384206
0.9923377281357165 1.22284054039068 1.001762230774236 1.231527849159568 0.05232952945907465 0.2616040408878913 0.8549622698004429 0.9769939243385856 1.659945137200764 1.5111391588366991 1.0662974882614455 0.001024629448486917 1.8903025867374204 0.997780783579874 1.9753327868547432 1.2851546960094313 1.5958334333894375 1.6057401939884386 1.7268695193524937 0.9639476633679461 20.61494704122138 0.8515287890574326
0.9915548078195981 1.165964603939274 1.005279683106379 0.8997499280966157 -0.16196075450813055 0.12432809102610892 0.47402016846624523 1.1293683885034873 1.0988250662406942 1.2976308502012481 1.0165038576923795 0.7757415753443256 1.985103570589351 0.9167998871570165 1.9983198171165322 1.978700878225955 1.395632906137817 1.575337891991401 0.8349115236293755 0.7359636559524294 10.250600731206212 1.0750363305314192
0.9918640098325653 1.0749406369199872 1.0019714875909884 1.2481592335072678 -0.2747093509371307 -0.0699160330908189 0.715896899706522 0.9600562530120219 1.3541973598639152 1.3577733383753363 0.7448154694741319 1.616313730176396 1.3741209539450547 1.275636845575779 1.9587866157728648 1.3031073542058054 1.7507858161514616 1.7826562281426284 1.531240185984251 1.1258042685227756 14.268263916363903 1.0920708269187551
1.002673051511642 1.120578209809573 1.0026823423070839 1.1297650980514213 0.2851229507184822 0.030139296922079506 0.5795915121865794 0.9419560051197919 1.959721367621775 1.4218123715211062 0.817214887178201 0.06993306101801841 1.3161852584007785 0.9140424038896404 1.841166362068319 1.866170136246847 1.5170921674484505 1.5905875705669092 1.9594671344361811 1.0954580852459446 8.049667097672447 1.4705820501454212
0.9925012589354587 0.9356599410191768 1.0096299258253616 1.011941976364358 0.044479066377069276 0.24428036821999471 0.19193599061393782 0.8142485301079273 0.3376578488098476 1.338584797466211 1.1326153527452343 0.7055497972881095 1.1635465049705225 0.9348841575052429 1.810561426126161 1.903126398891407 1.462761051515917 1.7342065316619717 0.9820885166764282 1.2223537624378613 20.91094366585176 1.5371241995238587
1.0042827044377824 1.001634119010299 0.9937259264415933 0.9278962303356666 -0.18979217040421476 0.28105483594864095 0.9293098970955217 1.1041704049636465 1.1224686048419397 1.5931688114607745 0.8511086579529368 2.245281775331452 1.468024182144088 1.1967676402756278 1.7159371701375636 1.9610614294073265 1.5477964098170407 1.4917604479961593 1.365107617942905 0.8392393349965541 16.700256361402367 1.6541525200989815
0.9914188663900351 0.8772446372569503 1.0048648425949285 1.0307177029566805 -0.1954781600568741 0.10864837075895306 0.05195811235844625 0.848655490573332 0.8764915994429058 1.296739464296216 1.1660383317989105 0.7133877038259411 1.6285646971198982 1.2551052873223685 2.032268253213314 2.1762979230224566 1.5871527478414675 1.5827587492222353 1.072687472649421 1.1731691172488459 19.439871547766586 1.317147201758425
1.0071871011316413 0.7608364146184206 1.0022470205758351 0.9383788511198212 -0.2638414462162061 0.2273468733350293 0.5208315028789967 0.8238710906579685 0.25047620947821353 1.3037699572781292 0.7461844382790666 0.1953278770840728 1.9213589966334084 0.9044020427764857 1.7106491711562377 1.3808544244879262 1.3842564938621258 1.5045372090808806 0.9752774949346412 0.8273753625763645 13.124609142344607 1.8094731578651515
1.0086399317279766 0.7866062762029647 1.0064144748316617 1.1074431813541405 0.24967982381871484 -0.181781475318123 0.8096422747135076 0.8531458537060799 0.2910875991385566 1.5807009112950288 0.7574460769101296 1.2303659383411234 1.245782864465307 0.9965276070896568 1.8485578859539427 2.2902058178528666 1.0807186317852109 1.702615502280713 1.6526659021848795 1.1580190329457372 1.910106577285763 1.7967627821685477
0.9926272760417187 1.102043670372661 1.0084763691190213 0.8844637380568128 0.2913198398999453 0.04286339090106783 0.0021503808119908447 0.836938107995927 1.9820626296355581 1.585662125727796 0.7379914550654862 1.7088496456715434 1.2821177240804684 1.2317244652964598 1.7785235275719458 1.3898771027294785 1.2706758464657844 1.6731736204382357 1.6669407254935011 1.1025525089015018 14.526720872740977 0.7564788088128707
0.9972714765524237 0.8025956543844561 0.9915012142085654 1.1061212017238553 0.04760174568240194 -0.23063137223492064 0.7697344464539437 0.8995617341538875 1.8451903800206537 1.319575890551888 0.7194494370590092 1.296241238308625 1.7263901320172248 0.9668752488755202 1.7746931473837724 1.9360540866555698 1.0249979289955802 1.5109991709978232 0.8819150355523583 0.6905312977576153 10.774096566697903 1.1427961523321404
1.0097246743940582 1.0565706448465337 0.9944304701461822 1.0944286574709121 -0.09388385022343718 -0.09920954612045105 0.36428802349298356 0.9415262248815233 1.8788448518954783 1.5034104444368186 0.9680736296706617 2.3817779557966348 1.243543730524536 1.319791284031739 1.9284406516458217 1.558595644629453 1.5746223941273678 1.440831294887606 1.7784982562453666 1.072198103864893 19.192230618811273 0.9077754414197878
1.009634686099083 1.0597820912071998 1.0001517910440363 0.9730441166171814 -0.08595275801588712 0.1744554293743124 0.8077197295007428 1.0519651738136813 0.5089264097410634 1.6398240875928551 0.8424687002558378 0.2151389435030445 1.429803718991439 1.1589120246157816 1.8393099310259595 1.6616267502643347 1.0613841890503788 1.6950896212119986 0.8323202291469349 0.8681868769988798 23.20757515375419 1.6266220617293476
1.0059901095809827 1.2197392557062186 1.009142747475143 1.0146141640431232 -0.2357362705260863 -0.1754107196964492 0.8480935829502738 0.956698923375672 0.5108896202639547 1.5175437514310095 1.1036292817885816 0.406072125628013 1.4391579925064335 0.935662828107748 1.9907639869893017 2.552083120572382 1.146108561164323 1.5512923379126315 1.6037675150420103 1.1166243394162316 5.490088124870604 1.59442825625151
0.9924207646741946 1.0714825910916481 1.009800035118254 1.0447440930803984 0.06472300127804415 -0.0202750997152516 0.09404415238913404 0.8296047112120286 0.7735519580951298 1.2927785305216 1.1082584365530512 1.1642059442188204 1.8876796273628123 0.9753669502826373 1.8339343146927438 2.493934899705047 1.7606559278537643 1.6613519895149715 1.8131457036962457 0.7941032724347635 8.695944345658791 0.801334474159874
0.9990816493958768 1.0857034791950508 0.9989092218540108 1.0191092887791768 -0.0381678964804163 -0.11926076000023847 0.9903511237621744 1.0432587676928056 1.4966035950098766 1.519625416106896 0.7502494143171083 0.4137126773620999 1.2898026829368179 1.0707040629594253 2.0543862920079263 2.1561906791007512 1.745855251017122 1.6595861695371932 1.7075017433131099 0.8375343826336532 3.133842781412304 1.283498752717534
1.0009738159676265 0.9612836759496229 1.0022096500237143 1.1411539046716714 0.06657452950675746 -0.12480637633659131 0.11400836080634102 0.7870142224104972 2.0049110703691726 1.3749251269676546 0.9177372871443596 0.4119129731045363 1.7927697312615598 1.2054515814596467 1.9340836268947605 2.563128069749532 1.4620622537635166 1.5231630655883668 1.1615061125292745 1.323230595125389 3.7854117249617527 1.7698738154340845
1.0013025061451166 1.0327801561937688 0.9995052538098534 0.8160535686360579 -0.03381196493798755 0.0025496814787514532 0.5808732072027738 1.0601593590787648 1.6048200384749076 1.3140952157041366 1.020650601077844 0.707905758244537 1.4693450480887673 1.1370861420446463 1.7711351919028082 1.6885277502216114 1.2277434044843645 1.760542602889287 1.436596169184504 1.2303835456196657 4.117178419396773 1.8319636814494777
1.0052417473691766 0.8503213302122796 0.9954991141218302 0.8804106698574535 0.08934670255260346 -0.099935052938113 0.7549705559601947 1.1072090174186573 1.5077028788389626 1.624390039107865 0.7791249638723828 2.134926523774185 1.8355674060912368 1.1853881948655576 1.888824322377244 1.360252882640472 1.1410743952399878 1.663120770785365 1.8108027697491549 0.8653428229040526 2.322555145762523 1.5985887532971255
0.9932613955046313 1.1612947136136766 1.006023784384511 0.9473714170099344 -0.29758275501847586 -0.027029904294719687 0.6722333563694055 0.9121332196161909 0.40952588329752165 1.339707003446364 0.9364860781569805 0.6411580284787668 1.834544515688119 1.055906478976306 1.8700826819863015 1.2730306095569524 1.72877585558408 1.551740591290459 1.5208521842180631 1.0971404640126186 5.964007502540181 1.3202941659862875
1.003113851421913 0.997017780960417 1.0078388145076143 1.1651564701524557 0.19729308134445261 0.007050672089262799 0.8828038174011814 1.1329498956330561 0.5407144444498784 1.6022270274912611 1.1606299981729356 1.8934327037171865 1.8135426750440007 1.2022295601524244 1.8341956760443907 2.232526497183709 1.0596238975833543 1.6900346471157448 1.4652996081893135 1.0970568023639453 5.836630595110446 1.149454291334566
1.0088049238536192 1.0131434649014068 1.0068597096477134 1.179572913188523 0.22505147285579546 0.03457585733273277 0.7999609890737288 1.0323428558252765 0.22166335885900215 1.5459504410307159 0.8461482557192944 1.521528024706906 1.8644193862807859 0.9698638300504658 1.9931361088238382 1.4224110244401902 1.4081373007498046 1.6445810861819496 1.862952604019039 1.3727139648485616 18.522245035123994 0.8386960779450018
0.9995401773123638 0.8867093006141538 0.9920537299323992 0.8736515929567674 -0.1299183853234855 -0.1751541588379468 0.3528667174962693 0.881353609169689 1.5866140722687896 1.4583033593409451 1.058850603056547 1.556985742315412 1.57035587867572 1.2185181544173498 1.9584231047977891 2.38713024918256 1.2304535998623978 1.6255462233020648 0.9567861813956224 1.2065163352448391 20.795614974197516 0.8930689458831561
0.9968258034199384 0.8526073499307825 0.9949119698804679 0.8772819610737932 -0.18703650521208764 0.2875569055264044 0.42279085967030106 1.0465863513075648 1.7877785058931073 1.3875190107219724 0.8896116736163634 1.2426936229735621 1.1297413290059424 1.1920471425850538 1.909007126124449 1.9884765477618087 1.6153352024548302 1.517479895838783 1.2278620918977956 0.8560244231071931 17.838225194089077 1.7718270479836589
1.0016219911739426 1.116012020885175 0.9905258852271265 1.2146528037060749 0.09028301630173191 -0.27183758865852314 0.7473089445172224 0.8221932377218726 0.9529471283326121 1.6386904654157746 1.038766107627549 1.887385218800163 1.499630291522698 0.9219761913942985 1.748215294346159 1.3847132206132202 1.1808918463316405 1.5944823109999031 1.1179366072639836 1.066592024901886 11.96778088794063 1.617045631144658
1.0096725995120934 0.92049713753262 0.996612850032133 0.7783837620283794 -0.07448288513032741 0.06682482049159633 0.71685363802731 1.0330358065640861 1.0928335107803124 1.3892730180841049 0.9313932871765498 1.1685117546431212 1.3837474058254264 0.9573295441074782 1.8063801434655906 1.3088599211859524 1.7051682676723285 1.5653089614050268 0.8080182523210099 1.2094902188429586 12.167988846839261 1.508223459657056
1.0097421383151963 0.9158996751545472 0.997606613499791 0.9447500390950387 0.10403666866111516 -0.13638416054080912 0.3984932187627245 1.0470254702029183 0.7231876352688602 1.3089421524597067 1.0193223261919693 2.059760533190662 1.9984313200446957 0.974180061174138 2.0040956313512277 1.8744955509538967 1.5140921870269142 1.6248868362079751 1.3420546267843614 1.2427796050795887 4.625799448502401 0.8890792533229874
1.0033631474334321 1.2355796925897866 0.9977117539956422 1.1570275007229713 -0.28269827712387297 0.018218400413604008 0.6750800397760964 0.9361161437001626 1.2725441771829398 1.5261718070565409 0.9643386709362561 1.7960620951973927 1.2634538352189637 1.0574358265513064 1.7681011995799834 1.1877855408434232 1.470425834177002 1.4434392467128643 1.0423081059843726 1.1595601321366713 2.1492757110069665 0.753108202665114
0.9955366609072138 0.7829900538081906 0.9934047642953703 1.244513091269071 -0.18448983214801215 0.17046651820226355 0.07580832873848155 0.9866320773223632 1.9949786910478355 1.3956516055798514 0.777686215104784 1.3879157880740836 1.362607172658243 1.0151782467236607 2.0135226966636317 1.7526360495242121 1.7371607487750054 1.6607414897245585 1.6164992417016375 0.7704020874378351 7.176588012641396 0.9865163704504771
0.994256172594748 0.9326316570188933 1.005333315730594 1.0824140014343455 -0.15798895865673002 -0.1104414109717354 0.3805015192578418 1.0424091513224392 0.4815310387591465 1.7036201716478439 1.180649471086722 1.2861261848238754 1.4616078034525728 0.9623892686357276 1.9014743669311842 2.0232510342651198 1.4287394646428275 1.4760695942974558 1.450497533443252 1.0780695283931896 3.976912093284621 1.8118028916562616
1.005564249128347 1.0580047163554291 0.9932836760146503 0.8130348582585029 -0.12928981329787959 0.1898145059060038 0.4701606986982464 0.7734856162727337 1.8534378923844388 1.6581583085973655 0.90872191985839 0.33314010367493924 1.5468078140317647 1.1662813982603752 1.791163641925268 2.4056869566122816 1.1925453926337035 1.5855805497437292 0.8127284532955461 1.0814066268369047 20.011738945764762 1.5807500614171188
0.9984709937565062 1.065920397684293 1.0030611597130847 1.0889457940099174 0.22887592455437294 0.06803795189847667 0.4983664638423402 1.092123349707272 0.3778923199477823 1.6291204165382587 1.13819264097368 2.3355588313939304 1.259542754550206 1.2222031318134823 1.9510822209041954 1.668988031593627 1.0836022429447558 1.5819525581949812 1.2111201480452822 1.0181675440994402 16.63195398284334 0.7815311629378868
1.0024499393902717 0.8203139489209772 0.9985132524943516 0.9087611432806636 -0.1487550063441689 0.19931349545403748 0.8193642119936098 0.8913320606646409 1.9009743220817734 1.5172100569335474 1.0123325683698976 0.853703564289291 1.6474464494591858 1.3254388452612489 1.8192301879921988 2.4622413202386175 1.6730167269218041 1.571055057560894 1.963518623255087 0.9083008194610881 18.608296317269918 1.039094489959741
0.998643296979423 0.8490304904588089 0.9962133593430695 0.771205990873382 -0.2932697502484031 -0.2986088847725867 0.4131451290316536 1.0603964049187407 0.7197785454588007 1.6098938108063614 0.7040444577927121 2.2880052163878655 1.78175941249522 1.170071524563282 1.900999600995191 2.186411381903792 1.2627481622737105 1.682679271577949 1.9144633492923977 1.3207330687686558 15.58873236165459 0.8264038119732766
0.9960841239824658 0.7873066386572934 0.9906709350480678 1.057116209204582 -0.06291567854683128 -0.23025418561244668 0.4758672000887126 1.083756903904715 1.5954670687835641 1.4976651877160463 1.0501965741783303 1.9121389131194015 1.6734514987619495 1.0205674227075736 1.9862185538721668 1.930054674726879 1.3573319949521259 1.444142705090479 1.502988026759223 0.8280829698785 11.993201673550221 1.215771510011729
0.9941849199016929 1.0742195787275293 0.9982632335585817 1.109491652781365 0.2924075582314743 -0.2164825407154194 0.559516630671373 0.8128868408811774 0.7971378140059288 1.529123184492431 1.1015688475914729 1.6083219142391947 1.5885775276706293 1.130262858967952 2.0082659346978597 1.6942964459191359 1.114110801420495 1.7770615435258112 1.3139666998912987 1.0947466358705658 2.9900693428193703 1.4144545686527044
1.0047283818411332 1.1585598460473399 0.9907073577898702 0.862405087285571 0.23445864193663862 0.14254202186741405 0.5980610187429625 1.0908354211621654 0.5786548310675792 1.3915102360269382 0.7104035213127287 0.6242985921205374 1.6783977455666044 0.902397806308379 1.9767577406121069 1.950961059046969 1.2696787597782953 1.537186849246129 1.0215805695737288 0.9067678251139809 13.64071573400366 1.7364484662527893
1.004326631679729 0.9036111581209679 1.0012806079183147 1.2034340874901899 0.06529389347635262 -0.0013821197925177886 0.7924608687654812 0.9211281687273942 0.32471571658511994 1.3965927823972346 0.9460401668766016 1.0484858735833615 1.1205235869362489 0.9931793018963575 1.9751771247447518 1.209016281630914 1.1950328067189062 1.6035050365236276 1.5389113671435708 0.7635578128605431 16.926883735689753 1.555622183984802
1.00955381144405 0.9945629458153734 1.0017095117684973 1.0493596229581486 0.298216944726356 -0.19384615546356554 0.5222003133025149 0.9111210466443248 0.5547387212861962 1.4644256040908017 1.0809674339640403 1.2150599495145147 1.9700567063995718 1.318548603210527 1.9006589371177236 2.2574072462871477 1.1304375129330555 1.4848896057122258 1.0591868613069555 0.7157719392675573 13.045761822334686 1.1755697298548056
1.0067979526805175 0.7823234454512004 0.997870517593241 1.1405310806928333 -0.14565257359171677 -0.25390699517025545 0.9935813635788684 0.8654006237966785 0.40826355810859777 1.6164773265432668 1.0185239760343023 1.6692030929656807 1.2000055033579289 1.2523306108968213 1.794304641317108 1.649689030274398 1.0861247991094372 1.7692178760536512 1.1082215981862178 0.7605777921601263 4.822276456422 1.6241109143609094
0.9980680222581463 0.8873748918471278 1.0051306851535402 1.016520221721096 -0.24510321984516314 0.11599000658779879 0.7654800224566779 0.9948038552932276 1.6431621962320797 1.5165583975664467 1.0009689296321562 0.07575207498547161 1.5058761557487645 1.0633341907154155 1.9786377143277742 2.548245938927553 1.0824761484474223 1.65932093457717 1.3916641684733464 0.9471268152360754 9.328872423237682 0.8076919711085928
0.9996393642592278 0.9180557123594236 1.0003485152317961 1.0155940284426304 0.1435488638280954 0.013565986916436179 0.5540995465701677 1.037942029647494 1.5368019404535025 1.5772669786176854 0.9627095305103879 0.07760086399402767 1.8739323059011888 1.023049217924828 1.92626325624051 1.5664154864395803 1.030421416789403 1.6995127027578514 1.7057952409649286 1.2551835623052936 23.24727405688839 1.551275262315491
0.9926607993522032 1.045788585205287 0.9929989678157807 0.8862412445181578 -0.2177036474204235 0.2970157287004361 0.4502139512708331 1.0219827387664908 0.33509221392844124 1.3596657897938724 0.7483643307808202 1.928080976699496 1.9539636300284253 1.3407053915037737 1.7115413725211879 1.5921111184631975 1.536603894966069 1.7629643264132984 1.159235117784511 1.1857977214802753 16.574473584139778 1.203716982296163
1.0001913585313191 1.2290245264545074 1.0028853869409942 1.0927571645092535 0.24666766580097327 -0.07243614558696806 0.7322969161837017 0.7638017288537161 0.2917155436249148 1.550773948534879 1.0117556414590387 1.4389637058826052 1.1962322034974782 1.0678919437668357 1.9506524943682069 2.1800430512055 1.147324973568893 1.575909848096019 1.9572902565445214 1.3197812225917849 7.785165148290169 1.360481953384288
1.0040305452607157 1.0439876018346104 1.0098578935791842 0.9269200287088192 0.2596796199768214 -0.2785410292478128 0.6187185841550267 0.8328495184805653 1.8511604763171192 1.4379655480189477 0.7338481447525304 2.1662696529165233 1.1317675738745194 1.1357262696140287 1.9690933967638624 1.2224904385496702 1.0786516197441656 1.6147646460290788 1.1679800632860093 1.1068126380282182 14.651298504619245 1.3954770098135265
1.0027428696414136 1.0236075752903269 1.006704199406458 0.7849850245993534 0.04916467590436557 0.039245982979701666 0.2152177552068547 0.9631920839315816 2.119387376945226 1.4815923447069062 0.8408818288747123 0.043781936008269906 1.7287472514255986 1.3226755208266776 1.7212455281472034 1.862708437324346 1.1556572907634854 1.5142592859905688 0.8813779997501153 0.748552369613757 6.701001676728101 1.4453074326460194
0.9944793033761145 0.8197379287152831 1.0074095353983563 0.8797331025620537 0.013525616914723204 0.039974779985814 0.23680515596638205 0.8406600596121389 1.3323624478024694 1.3632484620620933 0.8710763917128415 0.39031862892467034 1.5557338665933096 1.0823078795508712 1.8919888344360423 1.8930934928323415 1.7255335963808442 1.7080797878770726 1.9056160375768416 1.0368960317328086 6.6741754144975936 0.9293774745540082
0.9994204328763165 0.828993724463899 1.0081243422945325 0.9181199278632239 -0.15612730720483853 -0.055966121066473584 0.2778318762379823 1.1116210846345458 1.4404806495580826 1.4039657873919407 0.7128444539409524 0.7745091064674824 1.3186443883573387 1.2518826407258685 2.0604286087084045 1.8335265432471906 1.3503513425310067 1.6390752923890384 1.598223443884863 1.0167747834989331 14.75554440333373 0.9810948701584863
1.0055574526800362 0.968442368366912 0.9919626002371901 0.8602419250511713 0.2032765155018989 -0.09575322015383234 0.0448954720824783 0.7914370228420194 1.188260580367179 1.6077365148211875 0.8195080291200649 1.3853742363314359 1.2889083370866854 1.365174314532267 1.8093768805394472 1.8268799618603286 1.183580725106517 1.4785659441909025 1.8509874284180594 0.9530090045181661 8.84185370240883 1.1566733411902992
1.0080193534193258 1.0906769842590327 0.990072491988261 1.1417454890297178 -0.048322890214066105 0.2259365544953051 0.8303897289642138 0.9579165924821129 0.0875628942510916 1.3947858540888725 1.1334423395280053 0.9234328596385508 1.8226996889632856 1.0087434704209801 1.7888048083201724 2.366532822879919 1.4938661078208741 1.4392198858840564 1.4890399837724235 0.7154667581274439 17.10588770695146 1.33882308464181
1.0044314989727687 1.1099471217582635 0.9926889727299611 0.915921170584724 0.22443951007765112 -0.18682568493255652 0.7147154135115797 0.7918465033291227 2.1292442776649416 1.3995580140106127 0.6927684486587902 1.5893448321167425 1.9378731226090005 1.313634433441138 1.8900319268364585 2.2131936528023326 1.3652528314805523 1.5094072219071213 1.4102097976439567 1.1468756395900053 21.522613457078528 0.7285349654772388
0.9917257337263871 1.0433816221461156 1.000229451642857 0.9060107590366386 0.0307788496724945 -0.04865855434709543 0.8063806277033134 0.9016114659325256 1.876171362337497 1.3387263525145694 0.8626661750446422 0.022431305374983206 1.8510483354018001 1.027982890443421 1.9097623379969495 1.7507172468239593 1.4886718589783605 1.4440440896900038 1.464330746716369 1.1501080214144377 10.064980447850527 0.7439671164118954
1.005309373419944 1.2306829158388972 0.991927616257195 1.2231553278975693 -0.007045354498190548 0.0687264338965507 0.11605603790167583 1.0030430706802134 0.895481305858604 1.531663685321781 0.8755036981330433 1.956491181097059 1.9483290705451808 1.0804257279215326 1.9966973327715452 2.340798016960907 1.0841733420498454 1.7092485787961815 1.5458150328708165 1.264560756932124 12.921372071016044 1.0243277497764842
1.0093336172020793 0.9148228983355526 0.9923196924094736 1.1003310533791746 -0.24115113603346555 -0.19525108770538407 0.13342340475398942 0.806417478181827 0.7163013770803324 1.377060490117673 0.8574214784922118 1.3665796352160866 1.7171053028282612 1.3214589547354252 1.9853423640662706 2.299993170623102 1.069202421863245 1.7049459039260404 1.2700177567094193 1.0386553830750564 3.468272748884746 1.8367016633387572
1.0022047193915105 1.0260994865196478 0.9913505959917086 1.0160637133336248 0.07759134723035493 0.008185795884077252 0.9029798155408302 1.0586861719842369 1.5231132118361375 1.7183274132722497 1.1533464797475466 1.9549092848514078 1.8820867693274685 1.3413494504855712 2.0675449619947956 1.9627512076291556 1.0390620664054593 1.530319610266655 1.4242558828355778 0.7436649558754709 13.405536312504552 1.1536561730940598
1.009296538809668 1.0474220899442714 0.9908787322209083 0.9761930347488608 0.13937522640340028 -0.17301415510593657 0.07723106772041632 0.7626532882563588 1.1690448495366552 1.7054172844331976 0.7393645860375164 1.3899439415850798 1.4326506657019147 1.1810318418220058 2.0122958216535034 2.381658750616152 1.3226941821324059 1.438682191881862 1.388952637862301 0.9864932645302744 10.986501549064414 1.582545003846065
0.9987531208815077 1.1732983842224565 0.9933916276903035 1.2174493101743127 0.20817213473501522 -0.23258258396083337 0.7727794307117287 0.9311132803406637 1.482544005009622 1.4965520958898686 0.7305891631540745 1.8104763009687552 1.3218331583898701 1.3547964666067975 1.921037170102451 1.8893872248636827 1.7089083842387145 1.436334667214877 1.3323789271624866 1.112759512207424 22.02222745925363 0.7003155334074158
1.0044117910215264 1.1707210555636052 1.0041587670349694 0.772649047888652 0.10859921053703248 -0.038705482517805645 0.08563320394081424 0.8016765826066474 0.5697382100506335 1.5276877595334901 0.7217809723313829 2.063604526040935 1.9273465479762237 1.3542445800561462 1.92978993415952 2.436947124931373 1.7160283979528352 1.6915099940722313 0.9507423298545663 1.1828239125987126 10.523833276664153 1.2789019833953292
0.9958400579416238 1.171952476494103 1.0083291397820913 0.9727804890731346 0.16926575991133896 0.0782107957393754 0.69656970291755 1.1358020863598626 2.2818776038403454 1.3493554793315705 0.9706641909101428 0.42464726839186656 1.4836955863893142 0.9789029021950993 1.907616272263343 1.4283213745116 1.5133201464197614 1.5809500640258431 1.5697600199477382 0.7086079138239321 9.41070661418792 1.3524505197644128
0.9921986533348706 0.9409720974227951 0.9934939896438613 0.8102433030173983 -0.028316227745638856 -0.20289042600601576 0.1686199430243956 0.9711096387330728 1.885733784692599 1.3156529879223637 1.0938921740952567 0.9283811992429422 1.2628040212581138 1.194893311701798 1.705593952013372 1.8138684282169995 1.3897507731265741 1.6698019902442074 1.1924956989336932 1.3659171318931786 22.306411409829856 1.7203684324336408
1.0099755304581965 0.841572410294772 0.9934618574827734 1.1280032848989694 0.25786899480010766 0.1479114666210689 0.2450973656117891 1.0095355314896979 1.166630106746421 1.4252912973425682 0.8643119218842009 1.2886887680851682 1.9052319745707091 1.1515312435608782 2.050936567446739 2.3227161831039917 1.2944583229187006 1.5310938856553584 1.2678480680219104 1.1335349997830875 18.974431608327162 0.8135960174033753
1.0071232440003683 1.025736935279401 1.0062285594778786 1.0709963489657734 0.17429080057591156 -0.043893872553639135 0.7875709630102458 1.061071995418938 0.6552889585782948 1.4831990678239877 1.181882584494682 0.23743791412072254 1.278171266046801 0.9249574377320758 2.024020234728893 1.59033730881964 1.179512408223185 1.7279137184799893 0.998666342117514 1.1571277343448338 15.367032890932972 1.2349924122039933
0.9992486338743369 0.9578106496117041 1.0043694020744176 0.8036196078613383 0.2860291236066434 -0.002246848234868981 0.49492991587732066 1.100787121640436 1.7090555703619308 1.6691844896923003 0.7369970467104197 2.239755214417068 1.6406902576619293 1.2291766443832617 2.031587453596978 1.859525166875307 1.6439788763696481 1.4826743508890705 1.6089223961583727 0.8777307154925383 21.30722771241917 0.7665909998942038
0.997312919322686 0.7848500157910795 1.0002932936634548 1.17735384932572 0.04849481620749568 -0.09226987038994527 0.12360079720645635 0.8630845600042168 0.9367723873010995 1.3830961589501962 0.9378698391968464 1.992301775869546 1.8013345812887784 1.0546377384593442 1.7404128510502226 1.1178717790534736 1.543210461019628 1.6567875986650296 1.3711429958271695 0.8350325690061032 3.8157975971823674 1.3563849429864054
0.9919527160549891 1.0450210912972147 1.0044357527041174 0.9751599055933872 -0.013771508910911001 0.07372077335484695 0.1636435475757256 0.9399417301836095 0.7305040325596729 1.3269916555362398 0.8229916334955492 1.0989268282303986 1.5685847067755656 1.0108514247805556 1.7872184201626966 1.4797803929997144 1.2651936377149045 1.605059934502891 1.0573442797272694 1.3512199299348024 9.556624478010278 0.8351726398424824
1.006006312719357 1.12483178109683 1.004256013694694 0.9458866744922502 0.02142423281515904 -0.19264126374290047 0.042988833273586456 0.9135126529941544 1.397655629758922 1.6698015597019777 0.9038444076457687 0.8984668640997379 1.1435946313287328 0.9939532405240328 1.7219694086021151 2.2014715531701485 1.5618578222629256 1.5474374316969612 0.923112157476459 1.3047526962613705 9.621248903397223 1.645548753216945
1.006519841061802 0.756467722066387 0.9918755333225368 0.797571882025508 0.07181934386293432 -0.05289119601463391 0.020905454017406296 0.8347725233086163 0.9121335883160222 1.5551636504337716 0.7656608456262883 1.4554744632415273 1.2726137225718837 1.1490875164303036 1.9197721261467227 2.3500889173991713 1.4383674830267883 1.708576749096017 1.8730984955563716 1.1236139289185223 9.059573896745377 1.5264359842628652
0.9933534660585457 1.1931040445249035 0.9985502620861232 0.8047590092099524 -0.11666631291044119 -0.06050576311692832 0.4057501374903952 0.9510476174274557 1.7309001918139546 1.6349530539903467 0.8126180771410306 0.9136402177685311 1.2210281856415823 1.0423823351660022 1.7035180777950727 1.915305878170407 1.646526286230509 1.750860645167154 1.9118166390388347 1.0425724069958286 6.5000168569404195 0.7160738445442459
1.0054859974041817 1.002814203787685 1.0056617292001102 0.8010108901428843 -0.030776625971745575 -0.2976027027545971 0.5172320696321873 0.8144913295491447 0.092003295162529 1.4343592042478877 0.9937390350465468 0.3605603421984033 1.8032007909455872 0.9515904236305612 1.7321837784753702 1.112864698970269 1.288326543754029 1.5466038971327707 1.717771102029635 1.3621033249803607 5.978179243863341 0.7982367981504046
1.0073442544571738 0.9619535912176348 1.0071466750026221 0.7617252543679868 0.12121648136663432 0.027407134497685948 0.5642195969618973 0.8710335829429692 0.30644810775701237 1.5053270754275103 0.7749309726840035 2.1967822080082584 1.5542888192246485 0.949407195669459 1.8726654021431195 2.2928106720853054 1.4632622420388668 1.716177777822017 1.7095712476993268 1.072872605333929 17.281966712450153 1.346627632031678
0.9920572328960463 0.8185269060640343 0.9965429207761773 1.190859526492667 0.14972727954783915 -0.029320841752969118 0.8561606318431058 1.021095752063473 1.4143728216238114 1.4027661283757753 0.9988727029965909 0.2074506410374272 1.8444245034431574 1.002719396554241 1.878175031774711 1.2464098207227605 1.7792106187239687 1.6881950318899388 1.4690739096480252 1.2172018456695453 8.20473534074608 0.8379346568060442
1.0088380299876436 1.069211070442964 1.005543477473516 0.9617423602555079 0.1909519244135619 0.2194456339861805 0.861951449835492 0.9875357642603615 0.6566250384381283 1.4488604481677987 1.1048905920741316 1.9658995741867382 1.4550631498341087 1.1401883549340128 1.832507633545602 2.0833387898359423 1.120282745568406 1.4905378762485455 1.7452806870044801 0.8014112984198741 18.30206602619062 1.7473281115030315
0.9939744873712698 1.243314711208845 1.002964237065731 0.9663880930315172 0.20016201717086163 0.04930644243071575 0.18592388658420506 1.0130025682753676 0.44169393048928984 1.358731342153977 1.090920768271962 1.2330588856158975 1.9593118977318649 1.1117088062091862 1.9845987998191186 2.207590065972414 1.3710333178648153 1.6859423528115445 1.393262165316406 0.8987543026742723 6.244446465628646 1.7142453719928934
0.9908359641376331 0.9669292589232854 1.0039539237469772 0.8405968747645227 0.2084010127966593 -0.28852935517721934 0.16059906022938453 0.9740214894396191 1.0366335091273888 1.372691907720878 1.0769976779769668 0.8882549708352867 1.9993926010994238 1.1746801752533789 1.9122148407117185 1.576387756864928 1.682740616379443 1.626581555735733 1.5319268135128388 0.9012359155065996 22.11416858420702 1.61225960610175
0.9944411916742081 0.9567705564607644 0.9959114832288993 1.0871059286783378 -0.13486670999605102 -0.02947531646736745 0.3512825021942168 0.9779486616907894 0.5808996960701647 1.6369164399428229 0.7399349255178095 0.30071625405049446 1.255452677400279 1.2091135253396814 1.7806998102013099 1.2402899838162262 1.308340262580804 1.4501376268792436 1.9024681165421642 0.8398609394524443 22.523293278672416 1.1996185583458372
0.990603905508577 0.9144997319107824 0.9987211485713524 0.9177501109784887 -0.061166400300676244 0.15717781283440252 0.7858550958011894 0.9370228610123404 0.6694726403271384 1.650441669730447 0.7976542011537611 0.4363743505161372 1.8019605419413014 1.04788637109809 2.048411518813964 2.213715303026535 1.7877239998062535 1.543895550087301 1.633746729511119 1.0845790016863097 9.932604388071631 0.8331326344728497
1.0008743663659694 0.8807533589528755 0.9925441358358129 1.0154337488789245 -0.17012330700883666 0.153646734311582 0.1033787833321688 0.9549709911899207 2.2758358576761557 1.5785319137402318 0.8399425272456978 0.7884671231694832 1.4657958772694029 1.0250595717643898 1.867988206631465 2.3944066385286495 1.5031641182494173 1.67923297097696 1.381493116728375 1.1135864769184298 3.695805066234846 1.5149700232247976
1.0035654127715412 1.2364301342297075 0.990766241984307 1.11883740236481 -0.18827437269457253 0.03729095236913915 0.6499036063656716 1.1101015972940549 0.8186748406913276 1.4840940231143012 1.0528960951388417 1.8341235689577124 1.1936441174164028 1.3583102103437248 1.7285284685520008 2.279464284930145 1.0879462531602049 1.764096995773846 1.8389523430935626 0.849701772182813 12.717184256483502 0.9577275973869387
0.9952188163659894 1.096807077710759 0.991433073634441 0.8754882937579217 -0.07091369783387641 0.14148619621232805 0.34113042868500115 0.9613566951454137 1.9303740277250028 1.597399526777914 0.8247183760404616 0.5342453418586975 1.814993004664093 0.9467094159677635 1.705236793891034 1.2825355643993228 1.031315840594956 1.6768954178957647 1.4517787913504387 0.9817778827115455 11.883586732538294 1.326343598125663
0.9912021223420034 0.864536998441126 0.9912675065100631 1.1922688124894563 0.24020603033268279 -0.10204306823271667 0.024405804471158525 0.8851697217585861 0.46245295282234555 1.646491231715591 0.7911304165707335 1.8651387271108653 1.2344258166891933 1.2647177799920417 1.7956981687017723 1.4909044868812455 1.6763785334457464 1.7819974205452183 1.7478183967436265 1.0553789745886408 2.515480947489899 0.7028752678926309
1.0056676889419054 1.1900943819921401 0.9999382366969847 1.1871155021235664 -0.0268274600957899 0.21690415884027375 0.795638618529044 0.9804121200915179 0.8158044023745996 1.3433620681889813 1.060542321818175 2.2259236753197453 1.4604329285733182 1.0525184767626512 1.9376265171199665 1.1366754051275516 1.6101068882510665 1.680468734364236 1.2247896567282035 1.279319536768978 8.935992062733552 1.0958014015645707
0.9928391802651682 0.8918946604729335 1.0074596756601892 1.054380667944304 0.2871998531521753 0.04546468664901099 0.25506574602403953 0.799804057072442 1.699535159748668 1.6913336599299662 0.8018220279696706 0.5417731882031587 1.3576042672884467 1.1977235658767424 1.9851473818033663 2.142405928551833 1.4493218717608325 1.568155696631321 1.0993392422028732 0.7907938984306594 22.763876242316467 0.7542892544408915
0.9932180686740701 1.1385925582764798 0.9933283850389336 1.008522389525707 -0.18940656786009805 -0.28157800893869317 0.9966792072391534 0.8401901240392117 0.8372173894508176 1.6639744559619556 0.9828763039091715 0.9714039379635516 1.3448433061668545 1.1006767382020162 1.723695744758166 2.297934522386301 1.6264544011049917 1.438269493112036 1.8985308016535734 0.8191154478315591 11.679899832830717 1.6386671250097096
0.9962155257475247 0.8901584606806859 1.0019046843724957 1.0560392979025375 -0.08697880291031412 -0.1454153795421119 0.033060234603044 0.8740695963227407 0.307964114933217 1.3540628911473198 0.7308003740267892 0.7280802011144007 1.3088754812895333 1.1802194615213635 1.7156622744685852 1.882011282731455 1.3734306976874553 1.5004703466290572 1.621282319878036 1.2816145609660956 4.717897768942239 0.947295688598141
1.0037949130035926 1.0837467887878882 1.0089305189951883 0.9032906584780371 -0.005064307801711798 0.0875040525854569 0.6203613072503653 0.9563135518843408 1.4578306557200933 1.6404683989942621 0.8926111321671861 0.801007274375929 1.3307738371352742 1.1812981615804636 1.8144350240854938 2.01002459884612 1.2238543308124123 1.5289804449411053 1.7139405694500718 1.0579216497956625 3.948672317924869 1.796392948595749
1.003292177900666 1.2393231503567723 0.995055800638387 1.1500675165858338 0.19840310175867581 0.28977924875673305 0.6627505635226865 1.054127894983496 0.9768135171290516 1.4063338522717186 1.1251955002075964 0.019108205392916574 1.7228837821376106 1.144797574214981 1.9004313369899202 1.6652652206135663 1.3559136660487365 1.4343892374529064 1.763534500954719 1.174991441844802 6.062982375137209 1.2212084861904273
1.0069499759722902 0.8233598588957938 1.006674554319847 0.9035825810846485 -0.27040592294991195 0.0925336317750215 0.0037120311848006637 0.9100538023747955 0.21189122361568213 1.4692195536411143 0.8468425482219776 1.0305218885355458 1.443766204280092 0.9744608851973124 1.9181062259034876 1.388174259189658 1.166192602992445 1.4259152214030741 0.9465414835661817 1.1457666399481796 23.546263546776526 1.6107230827673629
1.0065475728744149 1.123458040825138 0.9943548126375106 0.7998809175089256 -0.06772010428881026 0.026604470075249742 0.4961979252059514 0.8530651434721528 0.9089485587479124 1.5842014582103625 0.8095790439766999 0.7412516361234994 1.975299000551141 1.0751014791520972 1.9611002420499455 1.931799632979796 1.423893210357018 1.740646267416491 0.907124922791025 1.2730702160980307 16.376490251530907 1.7187403374637382
1.0007829942148443 0.825319918641434 1.0048339081841775 1.1438134951803596 -0.2777025712615096 -0.056634271439164385 0.7610171428031487 1.0298551674803267 0.4672959982569108 1.568365276259394 0.7881825915401852 1.539763598453175 1.2451189725770668 0.9884246937458309 2.0357345870021724 2.2607414295895882 1.0363131028134944 1.5640624191851484 1.9454832315407669 0.9834207423694619 14.596383548739311 1.574477697218916
1.0061649356682079 0.9390995122297152 0.9984277050774673 1.0094942329259178 0.08627253413523983 0.2591459768186622 0.8180630624082573 1.028742475853172 1.9443627238774384 1.558477001152419 1.062869291887704 1.3952235351594768 1.5737094677641255 0.9340778830240635 1.757854765153148 1.6447689165074852 1.0747456875266406 1.478063463396373 1.356286556073421 1.1182098327496985 12.842745492067646 1.141482844898463
1.0081999416432552 1.1876987461712054 0.9965222578738447 1.053987087256036 0.2589902604593948 -0.282796046426742 0.21771735220408142 0.9080469038581966 0.07679458653535882 1.7181755078957086 1.1902245398879583 2.2229724797192265 1.842506491561648 0.9594796522762713 1.730997142095418 1.4181828490356088 1.3434969535564831 1.5417699136872254 0.9224005055305329 1.0378688485092473 6.785055440330607 1.206936623229789
0.9901438474725307 0.7648222627193492 0.9959624871751827 0.9148969898212906 0.25199896380245795 -0.19639732314186986 0.6412149858314871 0.9342396305673097 0.0314032979787206 1.6157003623782453 0.7147585486628946 1.3016048324435017 1.3507633930596596 0.9404182336641247 2.046589306766646 1.3339074716508559 1.1448564444569802 1.7029748346814317 1.2049090147628725 0.7691573171176127 15.132469162681527 1.5460298809678679
0.9941288849816114 1.0090700149974372 1.0094694200570786 1.1778869526240534 0.18266712731542395 0.17796191031026726 0.48159174805028143 0.7978541834068452 1.5154045969188674 1.579079767554457 0.8861168984138703 0.6239601565870057 1.8614590517973721 0.9038508775493307 2.0445464437469667 1.476397577723318 1.7532513274981092 1.7528756449359695 1.061334116197708 1.024879942772387 2.0859923247792045 1.2257316278471393
1.004834577174316 1.1019646430726333 1.007801058023871 1.1846854310008128 0.07870911438875733 -0.2483068565302159 0.36866233003029303 0.9648783005323747 0.027072377863888164 1.406800027949793 0.8741091179908127 1.4057102138566486 1.4577587876476246 0.9209683204356213 2.0101828212851682 2.304392711404838 1.5394787943550612 1.5707671329957065 1.1495955342956499 1.0012850633615125 21.929749078646207 1.5840966097853073
0.9946639760403776 0.9484550404161554 0.9932605414681203 0.9006992032781261 0.08834459755569174 -0.08515690175026289 0.613734120514912 0.8908959348182954 0.14964819234567883 1.5464364810221414 0.9819755163324706 1.786320610779036 1.823882586165261 1.03413613647015 1.7247508331699375 1.1856240094236639 1.614897832768849 1.761618316254667 1.204706206627198 1.3775527856969807 18.621808425769736 1.6029996600844523
0.9951896256123168 0.8408164927546127 1.0023257603283524 0.8119171552905229 0.16811395606409552 0.07159048749902586 0.20511122520423453 0.9390015045406891 1.8045527675299653 1.4572460790241712 0.8358796044247567 2.2613775365632725 1.67397838311905 1.0563905623871315 1.9237371523538556 1.2433528536409133 1.6684839613776044 1.568514992752624 1.1824934280083332 1.058943817522215 14.470043956436939 1.2823805509092379
1.0063775983405299 0.7578274418929261 0.9957905329993496 0.7572348610564974 -0.1055519523641836 0.15163212912665158 0.09664498692993381 1.104995388141891 2.2428949917118355 1.5638769557756367 0.9797209631515402 0.3992177170066858 1.138436695465994 1.1882976460740966 1.930445083412776 2.0484399518526275 1.2856629812085552 1.731843366136752 1.236126123824718 1.3671354128947963 5.281009115186864 1.2341264762628743
0.9910237625838817 1.0244048487021056 0.9940217186228079 1.248539755425954 0.17223480660162294 -0.20675507611848798 0.600483080292817 0.9558179618241565 1.7885459605502532 1.550434945311662 0.7240970358338781 1.6619869688400428 1.3728835279947667 1.3637873940970473 1.9689326550685045 1.7361304218162283 1.7633533979148142 1.6192525115446808 1.7227257529723297 0.8305917539728304 20.033392424060647 0.8284211567724046
0.9984058725576076 0.953125790775694 0.9948635159031943 0.8144956847499601 0.06705345079055314 0.08664529241548447 0.2420709580895739 1.076786858159597 2.004162475650249 1.5754760583522696 1.0399039319297425 1.806414853576177 1.716199688032019 0.9336586689959047 1.9981503228146706 2.1960569255901934 1.2250718670925536 1.5744016031181622 1.0120831128719434 1.2582152125355917 22.160061924109442 1.1638717501788456
1.0046198573422127 1.023160769941743 0.9900149915675311 1.1355958211609494 0.09062334942460837 0.10813354584105778 0.25006283360395337 0.9258967226840003 0.5348196155553511 1.5184875216891933 1.0035659610321799 0.11477313091270051 1.702136042393323 1.044443159237137 1.7670372768259783 2.388311314211917 1.5800697908325372 1.5280964524517489 1.0836647529636037 0.817475006282431 18.709647209388507 1.2995551175786413
0.9942619732921912 0.8790329661456475 1.0069564159749378 0.923658746955477 -0.0022026687560492975 -0.24875613966546842 0.46226127907307063 0.7821366270070638 1.6881094032379527 1.4849297862357589 1.1635118939018139 0.2111077565339612 1.7138367943603952 1.1612272592297208 1.968018682408834 2.210019502638941 1.0616382355431198 1.668361248338027 1.387532479107171 0.7873759336818493 6.14940716001499 1.7745880040597517
0.9927768489462695 1.1667659191527675 1.0004486929002703 1.060429517263943 -0.21953022176432352 -0.2157170604956249 0.026920908489084513 1.1270042384993018 0.24857549266629914 1.6574751648709871 0.9421690943726722 1.1997021599759998 1.206715177380441 0.9449249559060362 2.0341721591615647 1.4060770887473333 1.6463707556362426 1.6103136360848287 1.4917379411610676 1.274392711860334 2.404015885648477 1.6093333619788246
1.0032308157313332 0.9173653450434034 0.9920921948524548 0.9342773841496755 0.07055834414792811 -0.008937644562703795 0.3967799769918769 0.8707040261831707 0.29646686381281856 1.5756049981192548 1.0149509942403687 0.09102783969740061 1.6572480078298766 1.338172972089165 1.8387400669764609 1.6308457685948574 1.7846049051170152 1.6264100932939385 1.697013777934407 0.8714578389040851 8.251302905789503 0.7930776145386896
1.0056845195417465 0.7988293841206202 1.0040364521667169 1.009869196202406 -0.23617187132594372 0.15322349240002725 0.37612066086154466 0.8883862414363458 0.7009440373861401 1.3602943738149247 1.1679258907909582 2.026582458148115 1.2421508176559133 1.1861600531756817 1.856567515782547 2.3321024223869875 1.2767998583142741 1.7823206316457978 1.6927042315088543 1.2906493256453997 19.091332357932348 1.1650232736275388
0.9964790535423785 1.1516415409124174 0.9938238601438859 1.1946861690263209 -0.17845826739230478 0.16839058061455686 0.24480176164777226 1.0564774193042872 2.032376680304437 1.6436469229001525 0.745786741120451 0.028328469563516107 1.9169223179682313 1.2217362609484343 1.8141386257239027 1.4811421708280532 1.267689311834892 1.4352002063151161 1.1934285933604438 1.3164911662881644 16.640031025780367 1.7294494773434839
1.0095901036438448 1.096194235525424 0.9986118844505757 0.8478487797223483 0.09399664748776637 0.25099905304672526 0.6016098991249843 0.9886795702918321 2.0737347474082974 1.3221265368485202 1.1235563363199301 2.320964770268091 1.1983206403485884 1.0627152655459537 1.7344700493941008 2.2508297565655733 1.6966296062617463 1.7309588206836892 1.0891030284540988 1.184657861513805 14.133550652190152 1.2092812189397861
0.9974824235772858 1.2070488963518549 0.9933634364802333 0.9746999621604094 -0.20213239272974903 0.09228307012505294 0.5287903410003643 0.8650736577029852 0.017170444836958773 1.515952898670989 0.9488836333921807 1.0089081074111443 1.2904458857446295 1.2225475825962175 1.8349366630041 1.4625499242023339 1.0957739274285991 1.732181679025045 1.67464869829696 1.1543110819030429 18.967732313501802 1.2481024640492169
0.9978849382693185 1.06124616561632 1.0096196080750717 0.8558762975915072 -0.24730061289547162 0.07294360217321233 0.9489524301649553 0.9607693641803431 0.4725671048493444 1.420061142745994 0.9694133561928429 0.43726621243561287 1.994474131031243 1.2907149950046923 1.8846479627821306 2.0399853821354874 1.083158661376073 1.6136977714937468 1.4586634484302474 1.337557476718573 8.276092033818497 1.465206526237608
1.0038468691544593 0.8165701897659051 1.0009786615866796 0.7611808654908425 0.05381888359132275 0.20665310195321268 0.6930418787748495 1.0708942746413002 1.6668317952946334 1.4436992989356066 0.8358527793346493 1.7387965234883676 1.28702801744783 1.170365311966386 1.8817946309589182 1.325370109845913 1.6708053932082425 1.5627300636728603 1.4712282745587333 1.1486766696506234 16.427430884754862 1.077063836122974
0.9949060776018045 0.7981873116590215 1.0069305741898928 1.0569087667049852 -0.07316298581905431 -0.26660856332132793 0.596431575730612 1.088105175565558 1.044775485296523 1.3809486140266531 0.8691940873713789 1.794623607079815 1.8489528870388567 1.1633394770600363 2.069583066603456 1.289710357745895 1.27276484896119 1.502585673658083 1.871482040436975 1.0961919435214278 6.894032862544057 1.6888345221750627
0.9983986352841984 1.0684201517461636 1.0030845096355765 0.7545674274513102 -0.041419820622489 0.00465321817065617 0.9195364045410053 1.079120999944101 2.14193164548292 1.2957911091353733 1.0736740192772327 0.5980677473077444 1.5975610676775303 0.9789603200494305 1.8892914109277097 2.081558295859365 1.334694040824438 1.4770921617510422 0.9545514123690849 1.0173820820324313 8.862100291453935 0.7860270784410213
0.9927075421120422 0.9094576644931793 1.008249943667336 1.0226689522486996 -0.15710814202448495 0.12733794736907755 0.965177682298607 0.7759916430431947 0.6873597752055318 1.7126835503775488 0.8786089616229819 1.0264937138933923 1.9711026600916977 1.3490337390554465 1.700035779348122 1.7434415920804662 1.6590937949756168 1.7643426951854868 1.296830073038078 1.327697374627188 7.62609469287784 1.1730008053357166
1.0041930824424203 0.8313422821768203 0.9936856101116438 1.158439414612802 -0.27257292660533405 0.19504037362972754 0.9130626498506024 0.7655828515896961 0.5394972649437728 1.3753521794398933 1.0981180864658753 0.8556425143981014 1.9586116905489086 1.038847523618837 1.9673217707675732 2.4814268428471884 1.2307677960333665 1.742735520969061 1.2549837807447566 0.7343110730968909 19.893207765099312 1.399358850319648
0.9947920648882668 0.9505782994282189 0.9965610612547848 0.9431660547590256 0.13364228714883963 -0.2546748920207522 0.6296490323469389 1.1382882626987667 0.4680535869720869 1.7067514020788224 1.1044218885639698 0.5714571151421807 1.2938348635741066 1.2776168172024995 1.9612314237599058 1.9101754041341348 1.4177024754647711 1.7736612599949944 0.9095086028531331 1.3332207048972609 21.80427944571707 1.5161514888308631
1.006385585069937 1.087625368742617 1.0035801337392454 1.0413870575932336 0.25042019802005805 -0.2999306474127163 0.3001927901661723 1.0020742518249055 1.3730271239114824 1.5290432509854024 0.9942930519912015 1.081978445933539 1.6484520836034735 0.9295333985418361 1.7168553361364434 2.317311253941039 1.3254956486401355 1.7157754670676053 1.462587723845008 0.8046626077313392 7.208980137594855 1.0591809726710248
0.9933836372553304 1.0282006404634583 1.0095999442476773 1.1199455267650165 0.08568932593765544 0.07027992082778423 0.9679876397256506 0.994298015473747 2.264378787411929 1.676580626878974 0.9447662331109085 1.2557421407807143 1.5034468893628021 0.9094768463284671 1.790010127088646 1.8620942789669592 1.526889439347465 1.4546028883325754 1.0195743582341485 0.7784186545126275 20.46242596335754 0.9429934931753763
0.991276651316567 0.7831542934667961 0.9960985093755712 1.220818045829931 0.08358751648239549 0.23817977002180307 0.8178685781056877 0.918614502307771 0.9244403460054884 1.6181032405949565 0.9570790010222423 0.868480321264263 1.2480117113739067 1.2634293438654052 2.0578046214665324 2.46703831959669 1.2030008618030401 1.7305209555530865 1.7561028911113818 0.6934032219248516 14.05834366158404 0.8875913923379197
1.0035840319957945 1.1063619763449286 0.9946428470753141 0.8822874063932742 -0.001758199376548808 -0.058370145100971466 0.5781309423633814 0.7999315788914231 0.7547640345502035 1.3184983130473913 1.0576530858829487 0.1224702249166926 1.1866144773652407 1.2669591873916923 2.050114140586949 2.2594847559265516 1.2022733977425064 1.6128398098049093 1.9606671459790215 0.7755826985669599 8.14270262663544 1.3038297061646444
1.0046999746035525 0.9742507422912423 0.9960380444732725 0.8257035893813619 -0.23673571700494891 0.035267615560395094 0.4821238139925167 0.8301154359121983 0.5023500627354122 1.5026888387310922 0.7919657128510242 1.3264346123386428 1.431970094180833 1.3142827120164857 1.7992814421700787 1.740684646334598 1.7729290692553947 1.480853176203793 1.3608912614321356 1.2196715082594713 12.37927717627079 1.641917091762032
1.000550488612764 0.9522372700392965 1.001983175019029 1.1997817112000373 -0.05377126584858233 -0.14250103907309666 0.5399146480334797 1.0365052718302674 1.6509706822619352 1.6967951006733355 1.0999710248308268 1.3825178890011756 1.9245368477749754 1.3597117805768044 1.9198958752559503 2.2067299807508274 1.2331829935919156 1.7781996209688091 1.0983229142588493 1.1610201864372194 10.723758802347103 1.1467562720135491
1.0064344462164994 0.7637257491627029 0.9958577223250873 1.239748681028526 0.2301202397104854 0.16652229606737234 0.9230283322275366 0.8101901611278297 0.4706440404941492 1.4103856834583535 0.8412299017127595 2.118700767426046 1.819441164220688 1.1126347826096799 1.7189129565933317 1.5863478343801731 1.180196772276985 1.424831213813477 1.371078479023426 0.6940411211490349 12.558563831797091 0.9313916143850274
1.0083286878841162 1.1112420952045228 1.0077114493950934 0.7882839284491655 0.038381510845893696 -0.19139986659349156 0.027286567600658538 0.9606151289587812 1.9091898245027668 1.6588084857743755 0.8024150734123895 1.0660045778702405 1.2928261336136206 1.3409840779345612 1.8632391720716739 2.112916059867607 1.0355229724089223 1.5346765189891638 0.9133560559606864 1.328487100438485 17.929050391543996 1.442501125563394
0.9951291952975544 0.98167303933719 1.0066299766262885 1.1314757050139959 -0.18010512452817745 -0.044829678492818326 0.4360616898398942 0.9900546476576628 0.9189513632140627 1.541867048787144 0.7712021387381884 0.552729901321833 1.2510427978833212 1.2079614387334385 1.7078780905233937 2.224504002282644 1.5232027068179788 1.4891436308821064 1.5882895964002066 0.7165652938017711 6.050554141428912 1.290181265427269
1.0036111535164702 1.217439771828635 0.9962360785978743 1.0917436341682614 -0.19359446215434167 -0.2753868736377312 0.31140636646889286 0.7701493677602033 2.0645675087610247 1.5847826906022693 0.9866605226294423 1.6924808719342022 1.329694323790826 1.3504463419683304 1.9476361925012853 1.3214149788874485 1.5891511180015434 1.540645566426486 1.099992711805527 1.2800550784271345 18.575042217942812 0.8978881768630964
0.9956834905175383 0.9650276018571766 0.9930714459028552 1.2437407659235293 0.029457707599445215 0.09415760195198142 0.5896212096590143 0.7832426947755645 1.8982476939754036 1.6318736172649337 0.7158134219535592 2.0010921315114736 2.0012046041281204 1.0241331719728008 1.9294102958026844 1.4085683210769564 1.6807792542237439 1.6986291231158464 1.8296578651843394 1.1041402087436643 21.555103801136852 0.9397983361623243
0.9995908542719035 1.1409281691630182 1.0014803389483151 1.0048626447146083 -0.24688435350003576 0.258222167394122 0.04562561992931106 1.038183068332502 2.3378518483255255 1.4680016606004882 1.1342926550077337 1.463892406937787 1.5185064850706953 1.3271059907652183 1.7768245095859174 1.2468507377375404 1.4507817809939807 1.770566825814481 0.8790377198448402 0.7589160290218855 12.938174229147627 1.294040827214099
0.9959505888726737 0.9877814612313275 0.9921056604833619 1.200284499991122 0.10071327568654692 0.25725869926029926 0.2868463972443004 0.8693767232742413 2.0209744692467724 1.4918246869213025 0.7758877073084084 1.7491757987785272 1.745792184667022 1.3371591635138114 1.8271688534742887 2.071748130939455 1.4787340003830083 1.471115060412548 1.5643457767235005 1.1424755172319847 5.847386623200718 1.7584601652288503
1.0051678853911625 1.1256814529328651 1.006900967394809 1.0324489015251421 -0.03938649015133194 0.17755547482586354 0.560498918285255 0.9540627462461349 0.6949528996858072 1.3318403430695038 0.7981992070183516 0.2902039445768782 1.5217599916611744 1.1594555581376491 1.7540421007468339 2.0626351186752663 1.0927967120557367 1.7548517390327998 1.7675886486970365 0.9312316196484745 3.9028707791966415 1.2726907281073387
1.009689078132916 0.8894649689160398 0.9961804613843737 1.1981249162646002 -0.1697921829372033 0.14873907184447283 0.22976356866607425 0.9102837529284793 0.591453453103878 1.4821686637181177 0.8730286008042708 0.6717108367062242 1.7729699604753035 1.0486235715634715 1.9046720650542506 2.118308763172414 1.0334234360902546 1.6452270595113334 1.0744436446131993 1.144969132249395 19.10682142988957 0.752228298349329
1.0005176917145 0.7697658302473585 0.9936423429571831 1.1727185895318857 -0.22214214608525631 -0.2694232720799413 0.21610625823944954 0.8109448347621164 0.5755808810937519 1.5311297902289362 0.731431361978217 0.5080898669257705 1.8108226823116547 1.0385848970190594 1.7226777888377331 1.551617559635459 1.4878264405114234 1.4817137504108508 0.9606080139039692 0.8078616879300554 23.187112179487357 1.3420975033749616
0.9928467505930368 1.1461844184179253 0.9926403219921148 0.962503901379442 -0.02160622590541611 0.149888660838217 0.28997324949309095 1.0075053996073062 1.247508720594403 1.4194940853035607 1.1281680144895125 0.10475931039261299 1.5370513437174438 1.3551359066142652 1.938123969089981 2.0016664292310464 1.5720880239541144 1.5861450900552627 1.4084035331497855 0.9207879319915393 6.278951342797944 1.3785676907826347
1.0066634087515143 1.1210429320306727 1.0037659782804158 1.2194958824106834 0.2680057257278791 0.14522551774719217 0.9059209283024943 0.7928578179034222 0.9042478459045774 1.3166528490367881 1.1157560200098853 1.750065878717508 1.6499475713104585 1.1908338054622114 1.9542103395158796 1.9113154166956163 1.600545645443578 1.5031868081650197 1.5735968067741488 1.1823236086408295 2.9054994271431696 1.3382848257058255
0.9957882839773909 1.1948231607316084 1.0024300251929248 1.077845031963984 -0.14236026378519673 -0.20941940579874257 0.8664497713034593 0.8483379908997729 1.0876580791111727 1.612933549734583 0.9217663691929955 2.349981320246553 1.6421584346494382 0.977624460448242 2.0515098704220653 1.8531130522014991 1.3845954784724088 1.6242379970085155 0.9363956285117202 1.202874207339825 12.7332702529498 0.9723403482593646
0.9986855714253267 1.1773335658810542 1.005193107535362 0.8364005215360548 0.14261184339836508 0.059916125190625835 0.8028047583831741 0.8351892028025655 1.6191343101790492 1.6813589196932257 1.1630725200872825 0.5296818321059172 1.6890220348210665 1.1668292017659363 1.9028475737160027 1.342282641521019 1.2794058598409181 1.729568194844113 1.1360380180873235 0.8759156416963287 22.22108563577074 0.9658890967971965
0.9940937929655459 1.1990711625752297 0.9970394552572985 1.1075210085116143 -0.2534096867932467 0.26284394254509785 0.9354758901974292 0.8805685940229228 1.9888802886333714 1.570272451466576 1.0317383326925975 0.3264973499581434 1.4533541272487298 1.0318029905296209 1.9482751508577734 2.3719112652261463 1.4818645327748272 1.6244060738787065 1.0052030153642402 0.9249397024042328 7.443120387613223 0.7978123879601604
1.0066303068625673 0.9456697234422309 1.006524068756314 0.8729069686445387 -0.02557870307339094 -0.06352159111375444 0.38475013880129827 0.9223259068289632 1.7920055312128764 1.6204806770170452 1.0939413860096 2.1125116623882283 1.646819538477406 1.000012142287294 1.8367211020749752 1.4042880595418945 1.1422088616867145 1.5447641145003448 0.9085531053618214 0.8209244078377887 9.278117749697412 1.7250733232355775
0.9913753509982923 1.2425475722026673 1.0070350517703852 0.9001631305013663 -0.1828571907017538 -0.15201566025715305 0.9813879606065405 1.0955734697383162 2.2318443248856146 1.4244332876687333 1.0419869154338428 1.7983254619959237 1.5275099840110111 0.9381138651088424 1.991724971828929 1.6375669048231722 1.3133787692976573 1.5180665645271696 1.7469149605607819 0.7238621202639337 14.623582557145177 1.4667759740148414
1.001408039932412 1.1282146763272467 0.9963719104213334 0.9143565003031677 0.12303745313820014 -0.20842180909002206 0.8726474873634291 1.0462353091006196 1.830363650796372 1.3134538805724798 0.7768118530407522 1.6109964780012038 1.5577030560540888 1.190053641486268 1.7577149627238864 1.1687650478877083 1.5898623436718664 1.6807545227945455 1.917277633112073 0.8730405131681102 13.170285369146683 1.1356347801806908
0.9924744118834166 0.8074070615169845 1.0047173953229176 1.123172923339588 -0.09440998887387733 -0.2467822752703087 0.4009416271010169 1.0036758190961164 2.1993922657287035 1.6451155941821507 1.0508949454073724 2.1847450411990557 1.6673825469349457 0.9682371724494389 1.7506158861025205 1.887885461679136 1.3687615150489247 1.6572260146422326 1.285171499124119 1.1988229062907612 16.850208347574963 0.905105804859458
1.0041743933731226 1.0071621597248714 1.0043316073125785 0.7805080670258014 -0.049292341264613904 -0.12115541600721502 0.6565717776062818 0.9755635716562397 1.176410660615919 1.5739305052434391 0.842677604056325 0.9110096333366131 1.9682860800759898 1.2303714533288421 1.893483046692697 1.1373459390482663 1.6350391781975762 1.7180027269846319 0.8755877026036515 1.2969624413013336 3.6378354954077237 1.0780987725136877
0.9954278178644059 0.7732383871111874 0.9997927806697166 1.1762722637358975 -0.08292088527559496 -0.21243180863042616 0.7440839006511251 0.896600619206778 0.21930906652557472 1.3121829739931512 1.1488391675581702 0.8386476798891914 1.5955156453395927 1.065243234403171 1.8909068150793802 2.4687830487679827 1.3168164073082511 1.4262294565956237 1.1350020114443593 0.8646406235921532 4.574125992542014 1.7216517231501571
0.9934199476774377 1.2086411072135705 1.001006072397619 0.9109579064247045 -0.2528013341585409 -0.07996641323880463 0.340334420508887 0.9338840204165562 2.1500429310987887 1.4650502680991295 0.70039433301063 2.1441552014000287 1.5106250242792487 1.0181236362555222 1.709943498872475 1.7284359816449137 1.1938259520061634 1.4674136812249556 0.8013742914560295 0.9132005296229724 3.2640539183717 1.0221452081992903
0.9908933381503865 1.1279953249450982 0.9989357334424931 0.860863746933159 0.09667888331714214 0.134642373864861 0.5068160927530374 1.0580815692298942 0.32329154024962375 1.638917976583337 0.9601669277217937 2.1952990011977325 1.3557400962634918 0.9284873628642333 1.8959143050971208 2.487161419745256 1.6293391068411733 1.6346734298563521 1.8005894502880893 1.1396981824310997 8.792257362235055 1.0455725761384778
0.996305741481021 0.9125244793398891 1.00270941347886 0.7698373922104992 -0.10735420157119865 -0.2250003445728303 0.8458660303813609 0.8862053549352918 1.424570084160829 1.6752215771428918 0.9930930181315301 0.24856948225878694 1.3311777586626223 1.1393981133546636 1.736344000009285 1.7203057388604273 1.3401673673951255 1.6977641118007138 1.4758776092778858 1.0700019207045035 21.064554308528898 1.2409726977239777
1.0078200241575361 0.7915708722643393 1.0052549840702611 1.205734697720201 0.29418313893486864 -0.20412809605307736 0.9914363620660517 1.0981836110434045 1.5484849857001772 1.5221995546367006 0.7674791002715906 1.252421923080051 1.176854124983643 1.225186775570976 1.7563789077487444 1.3296569021061317 1.5149382077608533 1.7194670525956501 1.7816112111617213 0.820098387771753 12.706860571070745 1.5858536493377187
1.0095069588235088 1.2168679802156392 0.9944899844972629 1.0910096827792481 -0.06578860879621165 -0.08173338193491106 0.2439629458700707 1.1090249205595049 0.7729782093440785 1.5589930276426003 0.9817023207094069 1.4969169166211116 1.6763758439784988 1.3339372574778474 1.824199935825303 1.1841164713523646 1.635565807823233 1.4644200819561952 1.0152468911750279 0.9855115713564395 18.685449674370027 1.3969833364304085
1.002537637171667 1.1493777286481823 1.0087172946220473 1.1005899271496802 0.1841760918444229 0.23479991379620596 0.7514847166628595 1.105932554749948 0.5060355185513628 1.3131515497192106 0.9628933764563496 0.22440921159740812 1.721756513326382 1.2340018449936978 1.957704460438054 2.442648302127042 1.2600498254763777 1.4875917789527633 1.5856497550833508 0.7737836696361103 18.944048326495317 0.9635876159857978
0.9913319423719631 0.9762175858007929 1.0004073685771107 0.9533138858208827 3.721147383872747E-4 -0.293737689226708 0.14935142289057288 0.9845563995816367 0.1975705328712253 1.6719027651292957 1.1299225227321066 1.114503178879542 1.8694728323187761 1.089241722339006 1.7516403607175433 2.055821840228891 1.7011477955097039 1.714612311324875 1.7422495284984583 0.8920980532732827 12.147695498909407 1.737514377555201
0.9948057408319773 1.018905285388393 1.0095609210629437 0.8156114813553201 -0.06304609551599974 0.2700041811349488 0.014802957386004793 0.9057726908864744 1.4161716005577571 1.3381026544472223 0.9477568039747175 1.602641023005187 1.6092972309733984 1.2695746355951278 1.9549697249981897 1.7140882151166494 1.0550744050209573 1.456819045014424 0.8006415261261527 0.7694288664769857 13.474527825008394 1.1984175236763646
1.0022406833489552 0.8179351790876885 0.9939313386359252 1.0442037543572895 0.012120839971366149 -0.2971079379502239 0.3365513420756244 0.7691808831619256 0.8394691020994444 1.4078493811669792 1.1697829354348943 1.6772955366204585 2.005984795466354 1.0175597833760377 2.0333888584962976 1.885818288338203 1.5343879672548328 1.5365802568618545 1.271063914000062 0.701437212572269 7.279227607163865 0.9788962656297271
0.9929378225056764 1.0249440854882579 0.9935104939738764 0.9412659456063832 0.25474977876008037 0.20502531180702183 0.5558469796703994 1.1075601381593265 1.1433709816869884 1.4285718044717095 0.7480632256914227 2.1428681527587146 1.8890672735263783 1.2722953353686461 1.8249605970401657 2.1066264573351505 1.108574380999951 1.602762876981357 1.7296588140343938 0.969574346142789 3.0547373620951097 1.6303830443877936
0.9993971118991359 1.0543724110590778 1.0037463348842601 0.7576526905412675 0.17845738132988015 0.016868068800716174 0.07829619192350051 1.063828551067104 2.0139412936240717 1.395139724035312 1.0621111817328597 0.8138283188174263 1.4181279457970561 1.2312138776145227 1.8050609468770846 1.9564837014375587 1.6213133176398344 1.466303799870523 1.5598179760239395 1.2258909754691123 5.058417487954436 1.0425272006859088
0.9967417919624556 1.1789732461009257 1.004562395902959 1.1368167266527252 0.21774456323018215 0.19289707714527526 0.7602421026561014 1.0397043996141004 2.046389519722421 1.57790025704606 1.0733899636950246 1.4937919989149155 1.9838033911734405 0.9914672048875116 1.8707356919378992 2.5539647178196137 1.429379845895636 1.7349170949441037 1.224968428482999 0.8693530991663743 19.990737550208166 1.5766097803442678
0.9943311041434286 0.9589485551984945 0.9908083058385283 0.8340679076801347 0.04558325482075504 0.10431685402301105 0.2670454590891429 0.8461911095670059 1.0846224248681477 1.420739939431581 0.8853909997041645 2.390333648431193 1.230626556803438 1.0223220363847947 1.9204279887476505 2.5390814093810086 1.6288355927154872 1.4401547192508568 1.3318078856445223 1.289319323167051 10.423731007312192 1.28883618235781
0.9982309369043746 1.0995152860954025 0.9923840878023733 0.8568335101684125 -0.11777347794544488 -0.19757355526121723 0.7665916146272123 1.0115234008486766 1.591893392892874 1.3849792928259126 0.872222092575625 1.3211400042080257 1.397495426024521 1.1757793763155124 1.7998326341918245 1.3656213625535694 1.607798716627125 1.7256057792357606 1.7392430984428282 0.7374051139474933 13.341173142966579 1.1522657258280884
1.0092338954750435 0.9153412834643162 0.9977944249940626 0.8707636954623621 0.17647596716866298 -0.15321401455680456 0.45757107417395965 0.8760807506909857 0.9652836678635237 1.5132216669850491 1.03375349561126 0.698729738673281 1.5442537600621593 1.0565546413599418 1.7500922456358705 2.451058591555701 1.3984341989159246 1.66527546623895 1.124924202582107 1.275107957281987 7.388854229115005 1.2399264879351013
1.0010690228579595 1.0795081799298356 1.0073768127767493 0.9547848066518747 -0.07579445615914016 0.26238452872865753 0.32086263615881455 0.8179845870098809 0.08345248962081447 1.6653887522651556 0.9026935512403997 0.32189891096609474 1.3886509203078683 1.267139526732168 1.737759705576904 1.1314776689202546 1.1906160148559217 1.7199094069066112 1.4767016404929412 1.2881488321537273 6.766105003732251 0.8001697719764477
1.000573871162093 0.8182923029728882 1.0075474243269793 0.9655109951214811 0.08419983474264847 -0.15679296492609499 0.37027834919768193 0.8419922321938994 1.8821463620361503 1.7074467419355308 1.0950744024585224 1.0208043544140348 1.6911147919536407 0.9414149497450389 2.0179992042588504 1.1290030347609719 1.2865656947113757 1.5985939760820937 1.2120403567262832 1.1212643026518143 19.730398334758256 1.2619530693299423
1.0043647197094216 1.2123441249807625 1.002930994975717 0.9270014771383527 0.22801477382637308 -0.1737578859613316 0.9398846502295788 1.0169570369896037 1.7132518741541325 1.625486088399239 0.8984337664640354 0.3495536543722872 1.9318435339685562 1.2547015467508706 1.8376982012588432 2.3903455852427378 1.0529087090536635 1.7669512801169784 1.7519716870012858 1.3641749065010609 20.845112195780366 1.3161840927611026
1.0021766280354165 0.8515275782233069 0.9929492063033302 1.1131225600735954 -0.1684002387155923 -0.13808253469636125 0.06474837040538807 0.7884664655561547 0.11418528997249305 1.4148251177122395 0.9920230638468901 1.3281464081407286 1.9745810666231436 1.2284463368346927 1.8924706027921672 1.4676716278515651 1.0557787478086211 1.470641539649481 1.474735121307968 1.3112705067432813 10.7411072523532 0.7049863212091977
0.9905077017825235 0.9950611620837494 0.9908830248389553 1.1238569588721739 -0.23285712569877748 -0.16373464320676295 0.3919450196071418 0.937083396401767 0.8071347193095038 1.422703439469049 0.7794706159563218 1.0928942272301239 1.1916451006197863 0.9814020098993772 1.7607678655879564 1.270536219758307 1.1726812657956334 1.7446088135855449 0.9630716519261908 1.0126685303679737 16.50407857081043 0.9773442776257726
0.991176524802739 0.7682397129159905 1.0037869087875622 1.1991052986885733 -0.2966890683087033 0.04238333139183681 0.27091319950611625 0.9028730470581002 1.6419066009118037 1.3310697631706865 1.1099050705200681 0.7635699253835687 1.171654196213764 1.3264673023398883 1.8874259443317638 2.284257877482348 1.0897909805949189 1.5098360559003314 1.5281581734751128 1.3238362405130966 23.57465821604778 1.705740138222778
1.0069930646775433 0.9963493803153232 0.9982902875403025 1.0681390209999908 0.28623100708872623 -0.05186820362172581 0.09016060426564891 0.877416308794008 0.8861154403066722 1.3403998563234043 0.810170172764888 0.6588802370022789 1.4118072410531224 1.303099375618745 1.7359459872449396 2.4173523830327173 1.5362635616245321 1.6159594154262709 1.6368671648783155 0.8452957324945555 13.03036684507736 0.8562132068438634
0.997655775471404 1.0106100154987112 0.9975422262609063 0.95709496210406 0.2257932811212902 0.17177505868367648 0.6600378968511978 0.9931676069563328 1.7016005393395721 1.5120535344535022 0.7498640231002924 0.10073386376235036 1.1243500126265467 0.9264561560192026 2.0378799152919576 2.3110199315930027 1.2527690944219676 1.7298675523955631 1.9004826817067346 1.1881960208777533 11.095390356183426 1.3597058550337753
0.9910129090560759 0.9120200417675262 1.001522588979156 1.2345559531504062 0.25242821390753095 -0.03521408244693508 0.8862669696232106 1.0685346587285376 0.7817660647504241 1.4575392273395638 0.9258905465572486 1.060027739730591 1.6205379564460458 1.0330014699284933 2.02037253286581 2.1316781757131933 1.110827056286947 1.5658924551367628 0.8843219714582247 0.6922042238371842 12.431219180206163 0.7188953988578053
1.0082821196515535 1.066929370414594 1.0046728953302564 1.0765633580484155 0.04970034853351024 0.11364191425746734 0.6631715013166563 1.0350961064125066 0.21770997098304554 1.4364982007581208 1.0791068782924615 2.008161049369445 1.5550671426542872 1.295057900501336 1.996819541503071 1.3917639889927829 1.6220025569667134 1.6904514380352977 1.0874236805104858 1.123183846432998 10.868791989652305 1.6487774566415414
1.0000357821755572 1.1218061223310138 0.9969160570829801 0.7740681249904583 0.15003917651671544 -0.10323398290368571 0.3586272771506492 1.0013969994778535 2.220600220982282 1.3659995351690273 0.7266316337937967 1.0538040851103325 1.331880487628128 1.1318898001501723 1.785182193278773 2.5788734733440806 1.2701876591483647 1.6182803019418097 1.4375287229032492 1.37967858442304 19.853123395810613 0.9739350671749246
1.002284212322621 0.9197140800669389 0.9959913774681461 1.120846293516628 0.13982877608808936 -0.010804359321172907 0.29980669996440906 0.8539957759318195 0.76878374395967 1.5799273278788473 1.1711529124344808 0.19880410705009524 1.4262644330887118 1.200163860496008 2.003453332894164 1.8582988505001707 1.1614533488614935 1.649911069036025 1.2411748882230924 0.7503490345773228 22.043064466400637 1.6998257110742232
0.9903515478956714 1.204485543662323 0.9901948306608575 1.0993380879383712 -0.03719632249680371 -0.2854485758261502 0.4885035556263288 1.0478107198064976 2.2590811025271034 1.583545202886225 0.9720795391002346 0.4846492011467174 1.1966379943871956 1.10697091934913 1.9921602954602904 1.8523422126042677 1.7739553362551579 1.5981787487054004 1.8288918145014597 0.7946782470104706 21.513215029286844 0.993093912657188
1.0018311926674373 0.7657929283173079 1.0064497236166499 1.0856640844908052 0.06372250083009012 0.07120743469437996 0.21038664768325938 0.81069969071067 1.274870533107475 1.5386554010397253 0.9500382210668779 0.09373344283407144 1.5127866696575363 1.3103088171309518 1.7557105492144982 1.418831008473681 1.558984224802702 1.6849916843778487 1.6784329329147742 0.9871460926313909 7.268401309084882 1.549039838889493
1.0007176122559145 1.0273050268980977 1.0072422732393624 0.771750069000156 0.16045806443906724 -0.1515309154005283 0.0709360847737501 0.768311853735983 1.1725737577356719 1.3795763796906417 1.058685725832661 0.010031026110171232 1.7215562625128675 1.0050579092944636 1.7354469258708833 1.6328610461791286 1.1352583008889872 1.6405833675477446 1.0656475870126125 1.2283197328006459 11.123160554866523 0.7827160020451245
0.9953793838710966 1.0489175725060527 0.9974582051406093 0.7903871262978679 0.10690917503864339 0.0012815381349008392 0.17550585279153483 0.8979690764375838 1.8143813598628722 1.2972298089608727 1.1859560431421894 1.431664529609646 1.8085837469356443 1.243210594794744 1.8388776204518409 2.1588976781444034 1.097567173678891 1.7378048438983407 1.0929643464038616 1.1384733467527253 22.612384490691365 1.347731619224224
0.9955475680613329 1.172280490920922 1.0072024758842688 1.1029699135667381 0.06342743103593007 -0.06828637384307201 0.7968093069041768 0.7740648357403188 0.37116251205598494 1.323640269049357 0.9283495841883054 0.1188198318006377 1.1845117450717988 1.0009261650279724 1.7862641795149357 1.5325949761912523 1.645017018978261 1.6866970544623805 1.1987049968187264 1.0082587386380935 17.51989311324583 0.7897014915502671
1.0018647305663404 0.852033032018228 1.0093420407863212 0.9199205244751307 -0.13590458221651647 -0.25240849212028516 0.6789446905874393 1.0223228510654017 0.44802203990438244 1.3903568087789289 1.0976595419450876 1.3041158243041524 1.7690369633904124 1.3628003673323752 1.8555954382941275 1.3235827968267102 1.3442786126036996 1.6429310271197632 1.7971137946236162 0.7721136566573136 10.889430142928077 1.1108860497020288
0.9916330247903528 1.1801850043713593 1.0054945433525793 0.9444221913036983 -0.22699871897847024 0.21816756021487743 0.4900637383354295 0.8792149065372398 0.35919618238436213 1.694501317617072 0.9392327875693267 1.2785257296962198 1.9741430490498804 1.2262916629877672 1.9365456774743741 1.990275966521883 1.6025223812900449 1.756985266586324 1.1334949102524212 1.2386255864362705 2.8454174666370595 1.412479353121705
0.9907735799736491 1.1908616637196698 0.9944414197954374 1.0762131496980956 -0.1750358951682822 0.20457805452543948 0.31981672117027465 0.9309158492537217 1.3920779827427527 1.3071142239671933 0.8589446484029052 2.09108006836129 1.6826639633468483 1.1030744820180611 1.8351501205942633 1.1669259465121855 1.2188637062541194 1.6110660711749152 1.3109204480972616 0.9554032604320927 10.620016938916056 1.7083132262337735
0.9931192615558346 0.9700477562376207 0.9979288030520012 1.0062859486636524 -0.2121485400329834 0.014183997417067717 0.13250341525069384 0.8517053725562709 0.5591159287792299 1.5046740882468377 0.8137115928544458 1.5261699267734947 1.5645029383433238 1.279313185441039 1.8029836179595402 2.1113077280756443 1.5918718485830738 1.461623167725468 1.8057401614435362 0.7246776510176159 2.373391439714682 1.1142551006745158
0.9907939209341142 1.191775264924472 1.0038449335667572 1.1140267011605578 -0.15582835851391894 -0.03832967372589641 0.5072116346771629 0.9857971703778574 1.7391102476451432 1.4113330254969025 1.0908037071054935 1.9051010153116117 1.8991610765154041 0.9560547380073674 1.9813391385416905 1.3780644721122055 1.2890882314619239 1.4279316281309433 1.847054814826297 1.251810651680902 4.211728000350473 1.3057780883174606
1.0034001542233653 1.1736058248431092 0.9938961018529977 1.2106821887308783 0.04360294619636634 0.2676594097919098 0.49562902993375907 1.1146895022318246 0.988446652802888 1.4032881134127477 0.9869116297154426 2.2670982370170467 1.3385340824589482 1.0053807736795968 1.875117523440036 1.7064338232488587 1.1433292634905003 1.7060450724666878 0.9284116017091284 0.7198777897007799 4.337026980586504 1.6158017494433299
0.9965723583723225 1.1790312955704172 1.00765962336288 1.176679894467606 0.2748790252547824 -0.12881233653169902 0.9493644520023201 1.1134654791086878 0.23895757267329115 1.346683852481931 0.9901636766084543 2.391259355490455 1.2750082684365385 1.1288745286036697 1.8199613748559866 1.4977349186143356 1.2764866034298683 1.5384872207457536 1.4840536872401753 1.0920318832163893 3.995072514679303 1.5026340251724382
0.9986651172065266 1.0360705677479674 1.00767942625147 0.859836414371983 -0.2865822703951137 0.2236547112692026 0.9595190152624633 0.8610743169696607 1.0615401543188372 1.4057106077100354 1.1178008524787213 0.24330027209712926 1.21237987579996 1.2990038654154419 1.875693822962041 2.31556959467372 1.2782910598979096 1.4414425053653117 0.9126147588897653 1.1588854767457235 7.833557663048132 1.28066854207788
1.0076242266544275 1.0777786196717452 1.0070943585380252 0.8069600541217585 0.25603747752132505 0.29762818663008866 0.6585624012939797 0.9388514273631224 1.4906412479254534 1.5988261845760219 0.7799941066751493 0.28307829818039526 1.4409994774728818 1.2066968943718552 1.778400961413418 1.158347131318998 1.08153806385274 1.7816567250733892 1.4454739661417428 1.1903722084352342 13.679262588543956 1.2293686000724628
1.0073880455820183 1.040830183067571 1.0021315203895063 1.2238598602972715 -0.1601266303818996 0.1783137914165917 0.25675781369953404 1.0749634714427225 1.7726341741286755 1.5678613764063316 0.7231267469580542 1.2591866525414492 1.7701043861726422 0.9366991079341371 1.849202794664049 2.007784201805056 1.1895181026226005 1.5911175275664395 1.81195587750992 1.1353071259070229 17.359311862030506 1.3251297609280361
0.9940642367497238 0.8341957477205364 0.9936016982807253 1.1593212011878753 -0.20519833012573113 0.2746692864746267 0.4585651635412405 0.9841450869104733 1.2364477125871718 1.4075262051185606 1.1728917832684176 0.480256966984554 1.605536965297968 1.3121251428836804 1.722967960867721 1.7240673736609586 1.2151966201724362 1.780468950748929 1.6542497467867374 1.2924400750150422 9.897417759946151 1.5502798721229114
0.9948888537695676 1.1274446197835446 0.9996292075108161 0.9722361390895091 -0.2855955656709276 -0.22965518246543984 0.23599457247461836 0.8644629243994347 2.2366704190694553 1.6236666211626294 0.895488515418665 0.12777507082684805 1.7085204722582579 0.9329795103845764 1.94904399709889 2.1162045639617153 1.7537267934541803 1.6097974123474925 0.9725328867073305 0.8432418556943151 18.23494291538854 1.2103383172823945
1.0018164071073792 1.1623864702157516 1.0042249159684062 0.8223275744381777 -0.2179918929344225 -0.08674402290158728 0.06309234223395598 0.9910918620822191 0.14530241007471642 1.5202177297444577 1.184227968786764 1.2660483342867412 1.5805083148133925 0.9344026086869943 1.7005623589468206 2.193375827637531 1.0600878759404844 1.7581281869412064 1.8212987747229563 0.7057938170793692 14.383647856731663 1.5086127853004336
0.9965034146590612 0.8841900477281868 0.9963316360429825 0.9638529775303661 -0.28695237390576794 0.22062244386073376 0.9699682285928781 0.8810334902576168 0.40408531895968686 1.2923446689427993 1.1121269855539344 1.8044379973437676 1.4282778251544856 1.0214399706072683 1.878903496255801 2.1040742735866087 1.653300320105044 1.5222838014996867 0.8646315177610846 0.9566782112888434 5.569395995444967 1.1939086466696271
1.0030738760439704 0.7685508346823835 0.9909313986135058 1.0587283334227544 -0.004210360195968432 -0.129636858062674 0.9010055160826093 1.0103785290410983 0.7665894918710987 1.4640509488721358 1.0024133831984163 0.14490130670400797 1.133513881234179 0.9864592538808092 1.7049639770486342 1.9998401864360154 1.498570162304909 1.765792540017112 1.382075690139387 1.2842521081856575 2.4702149957730812 1.423982120875381
1.0066502122930916 0.9725308645474611 1.002906715274286 1.195613495701935 -0.2128588027437465 0.2844372553153111 0.6874445033253516 0.9737766150661092 1.5750175943396754 1.6457721078301768 0.820340747599289 1.1940673522027483 1.2805164941899312 1.1240189564918999 1.7473454603653102 1.207508204896941 1.74206457749311 1.5961155867007435 1.5503853890953883 1.0907191299344154 14.828225868485838 0.7064271636445142
1.0013217437542874 0.9179484171674916 1.001589484408403 0.9542420974162031 -0.22971087056159734 -0.05003763601958344 0.5848965880987681 1.1082444241890628 0.9264600306768076 1.5879962828995142 0.7963179017715142 0.6942767204824983 1.923510867512854 1.1627317835636564 1.821545408448458 2.546566227484152 1.1407767704466303 1.6431716357182105 1.2376503393792713 1.1810172309443612 7.572695603030724 1.0609372303775255
1.0062136384005222 0.888718383412308 1.0067944357200764 1.2023062064323309 -0.12568526800708898 0.18378073109519072 0.3600468263451311 1.000175678832806 1.2604507448658475 1.3323756365556156 1.1469623034612484 0.5769742087480976 1.1412473424964802 1.274705382410042 2.026710118641351 2.586427128771583 1.500062028780516 1.4824656605702342 1.5097672163546756 1.007417260477372 19.307547269484203 0.7949469835546422
0.990862204763812 0.8911381225319213 0.9961112212117322 0.8399501370937251 -0.13434030552090134 0.29197825049806986 0.2606419665139559 0.762205623999242 0.8342207339636429 1.3342180516298963 1.0729452665834893 1.226085062256131 1.8258511529187547 1.0114314789016245 1.8334477727866365 1.5424492004250256 1.4944113521863458 1.7518409199281926 1.3408443237078729 1.245411147677037 15.779956090630666 1.790476656277579
0.9962411544490726 0.908760942943862 0.9956803058291198 0.9959878889169684 0.18855480309451383 0.16341994265454746 0.810908552877065 0.7752195926262326 0.7647076818496478 1.6920199914258527 1.0722222700635118 0.1649917283427948 1.890950032714731 0.9268200382849333 1.9067575199287337 2.4001264623892333 1.5790026695413237 1.6943449427127635 1.0766038919443857 0.8519554416933435 15.129710121559071 1.445929530104277
1.0037269063228753 0.9337056422094321 1.0088745561401407 1.0406496057522387 0.29663198116465667 -0.09344719822935144 0.25848731949781883 1.0454893467436177 0.2648587013285339 1.6286280959972204 0.9834220461280715 0.6830388053277342 2.0053383323952136 1.0247907828250136 1.7031802799773104 2.4191064680914165 1.2671394503573616 1.6360855737016184 1.630098077012338 1.2134476755001802 11.292626122663794 0.7630223039047228
1.003252719368722 0.8850255371450099 1.004848855215622 0.9940807774228967 0.253819733991312 0.11058890234092178 0.008901556907183812 1.1256647135860636 1.116836100979445 1.6045980627381033 0.7621252648015596 0.9167252023112882 1.6553232479080382 1.368338168749255 1.905984999781873 1.1755054224357109 1.0365979634248808 1.7699388446771693 0.9790673649079724 1.353204634533753 22.064671648845437 1.003010537156948
1.0091210041274086 1.0726342847786723 0.9994127483005735 1.1897730050183473 0.20467320940030825 0.09091570943458416 0.8989781652421155 0.8592403849822168 1.7125270511698365 1.5009804350104008 0.919245845995574 1.089708544764767 1.8666540733841646 1.2358862054351445 2.068409477760083 1.922009733303081 1.6120790578606843 1.4895300119975459 1.7878715463044736 1.3522908507355687 6.9639888312152625 1.6464041901747704
1.0012203008470795 0.8273766398238163 0.999494574904569 1.235711628122551 -0.23717012709323712 0.16500774790139372 0.2661032492973113 1.0303596973992075 2.2875694290883803 1.5556441059677866 0.8869652105033657 0.8225862651662562 1.6512730935975124 0.9679948912817808 1.9314873286014367 1.315087755993958 1.466075109441824 1.676202969679001 1.8546041972821845 0.9661751695831102 6.948713851419366 1.734737546220393
0.9964066068788193 1.0116733203276018 1.0026418194713258 0.9823887605644561 -0.035547433023351616 0.2549387439518849 0.763794195540956 0.9240550408373052 2.1466483339921814 1.5305117994434738 0.9429614130686923 0.007954752681748892 1.5962367830743656 1.205790412741947 1.8235643453791281 1.4290053900315873 1.6859126018102226 1.422339762983364 1.6981023125033996 1.3435737494539484 19.230509521550402 1.373826250004373
0.9916528270113284 1.2261035033969585 1.0016690623133357 0.9168193532586413 -0.019011332254131874 -0.07264411986913108 0.03727955618490871 0.8044007480106266 0.5316710883812883 1.4134873266205832 0.9984955331717358 2.1638016836707945 1.5047115195374483 1.3250236155824746 1.7544808948599497 2.170849669454761 1.570576548588055 1.5270172644083981 1.5012205906792753 0.7682306010508423 22.643920366511363 1.3505690510732435
1.0057395071823731 1.0268477350705674 1.0007879779066382 0.7627367720153188 -0.11187039869106133 0.06159573784180927 0.1768632261072721 0.7954440688637053 0.7798935266777172 1.3471251021276343 0.793814518363521 1.6908918944247158 1.6275338084348911 1.2021378629799089 1.9418743586137426 1.2743590597208123 1.0292651916741564 1.5830336597815398 1.7110376407345955 0.833576920665527 1.9405715494788234 1.5002634331908795
0.9925515872648794 0.916478930961189 0.9990326776342138 1.0596904036188817 -0.22375467031257423 0.21233406620877532 0.03596990924332248 1.0000356928084142 0.9298400228358978 1.317474910171348 1.0855668122168256 1.128775971467699 1.236673697439995 1.164698838126499 1.759822495147493 1.1654188082310097 1.4535706123658056 1.5604865864667874 1.5669165453011829 1.0979019048039742 8.347919953980663 1.7628521114795952
1.0062649380410351 0.7779040547735984 1.0021970979709711 0.996736604577692 0.27852056892705396 -0.1408560828755495 0.8656822976886072 0.972214318384279 1.6901863718076093 1.3565170287449833 1.0764580888503097 1.8094526111972362 1.365485019559269 1.1242326690286268 1.9621429621656805 2.217260901650019 1.4562530978499317 1.6105951959516396 1.4294219560390062 1.2661077367339575 7.384154797114268 1.497735466651088
0.9901972641808012 0.8400584286359217 1.0056365354358403 0.9152003930042483 -0.269117455521299 0.23698596235361807 0.282001602230258 1.0936729740238917 0.7756648060986868 1.6747196024858952 1.0011463859171272 0.8353741286226183 2.0022693996276764 1.2260770452136698 1.7534396189182846 2.3532412784353287 1.4606500595529943 1.6424577180635562 1.221576771905848 1.240026420325383 14.300886595651953 1.3679316060274958
0.9954127313158456 1.092790422301871 1.005951544746259 1.2410844965244436 0.2652826112367193 -0.19894462178507066 0.7290202919218208 0.8052801335699067 1.1464423873455707 1.3419781051950113 0.9092540082895781 0.7315163699076818 1.4133115623286687 1.1465165050058859 1.953400480972558 2.2430766682123715 1.3823877302805627 1.6720680152206926 1.2235439011444338 0.9408683059486684 13.833495182294957 0.7320202409350622
1.007101562643984 1.046954473519066 1.0049180753449956 1.16209539862036 0.2008740195555631 -0.25272746584810757 0.5979572083522741 0.8816721079343742 1.108113960540211 1.702905954720265 0.6921169284547066 1.1064672158081752 1.8975329799248093 1.1436797844326454 1.9859113047799644 1.9560446846028894 1.0178572532116439 1.7505737729525765 1.4266353954667936 1.117357571704068 11.484650825083904 0.8492473378192417
0.9982506138783273 0.9526310845920376 0.9947960021239869 1.031124472563469 -0.11856504352866709 -0.16930945370919448 0.21426529386928234 0.8875063296587282 0.12656751404630812 1.290916463815716 0.87898998334545 1.0397407979995554 1.562811881981759 1.2606636816472003 1.9685899459429712 2.2718960879842074 1.642480403391927 1.632057773215782 1.5372176900728767 1.185373855474717 13.943542077045002 0.7378698418147777
1.0021106621653388 1.2058810865383782 1.004587574889579 0.8916271940426745 0.1488907486447581 0.26691800065578236 0.18666682398747272 1.0590644719926772 1.1265930131050244 1.5981843066078953 1.106196656995351 1.3688923277850416 1.5747029789991642 1.3533634114398292 1.7439276037938625 1.7001169454101204 1.5255775543074401 1.471003958610974 1.954210443793447 0.9161052757075808 18.434394613598073 1.0280031093468627
0.9911377456455245 1.2075957437425768 1.002781206238171 0.8894691932470143 -0.18124319096241853 -0.188658749640855 0.7705319127963055 1.1143538791496579 1.2844750131010918 1.4705740482887366 0.7271447923949124 0.6571874403451927 1.693094911747836 0.9257524502620462 1.8949579350024195 2.168133443102593 1.4422493693939773 1.7237306529404117 0.8275814156398078 1.024604717120532 16.439548613081307 0.7572507053733941
1.006322812831776 0.8744630493458713 0.996656786713691 1.1856616847813393 0.12390530186111726 0.20380153769151815 0.6656477472458616 0.9327028183211874 0.43460399590166476 1.6578073633341963 1.0138123496159581 1.0031558127326534 1.3679830180246901 0.9889543571797137 2.0557414987956157 2.4887443336246005 1.2414643210241194 1.5249051528348603 0.8999200006688041 1.0871128726982078 12.64047462630171 0.9147672825470512
1.001946200041961 1.1575209108892004 1.0092328332736278 0.7623757991332065 0.03209673766971194 0.21307372450535728 0.35395897496151457 0.8061113628442089 0.3656924500822897 1.3652077214604172 0.7895191066157932 0.22030737899157274 1.7296571691137328 1.2430518887837256 1.8613542902210434 1.6853940114817598 1.7825716400591958 1.483298620760208 1.568075705809945 0.8570218533799081 10.220565310457623 0.890646670501442
0.9974127620013313 0.9213069236897845 0.9991314516824421 1.1159029175205901 0.11497326736295838 0.2404388652567903 0.9164455999243054 0.7667085632035545 1.9489537042484577 1.5762496276980142 0.7260214384385912 0.6000735284032421 1.5873913151126957 0.9386378449577015 1.8207187217294765 1.1100810666492076 1.339045767218916 1.7244793599928347 0.9114691444514237 0.8529215885066053 3.3401561895435856 1.6722509184837708
0.9900720049549266 0.7761923720062986 0.9957224829918115 1.2245350599809752 -0.1779233823290851 0.10523758275676137 0.794293293437491 0.8778214489065964 1.9907803538924391 1.4179865024751137 1.154481570826683 0.10677310638204583 1.9164945033446799 1.0912442640744193 1.7771386664902487 2.410663638664014 1.4980078021007468 1.4497177459674115 1.0798989271304853 0.7662615087745621 18.085702155992326 1.789652267110654
1.0016156972539478 1.15679064619444 1.008577387192735 1.229778099675848 0.1058798001781528 0.0030912503905110023 0.2758214806119033 1.1242232007231403 0.4015291311258809 1.3911796809481645 0.6961852489096613 1.980369004472856 1.5504059210226546 1.2095458220211026 2.054520447870683 1.4928121603047546 1.0853720892523784 1.5319126675104964 1.7759590713258728 1.15060185191199 14.56881000298004 1.3095363661608037
0.9978174123528067 0.9753273529657245 0.9931174359698666 1.1954533610111961 0.0025198032920516478 -0.1742801832741003 0.4465832836639841 0.9797137621339469 1.3394858484657037 1.5941229190720416 0.8505891739169575 0.7523126400302947 1.3528526557021805 1.0771757207184067 1.7845491425914735 1.2594704315834013 1.627701878532076 1.6334627223410594 0.8381207971081557 0.9052313344253948 6.199043588507053 1.5308871164117803
1.005362463335274 0.8971502151707168 1.0083833553391834 0.7762919013471206 -0.12601435976704323 0.27285374933597223 0.26560245581900344 0.8751056334195265 0.06035610839170677 1.354463242780126 0.7618037818729697 2.139713180540364 1.4949053409093036 1.1554407813494203 1.7779450223801914 2.2855265983996147 1.178205767122178 1.690570025350041 1.5604161039951325 1.2759687747204693 3.0364581506986923 1.27024441431283
0.9961150492526997 0.7804250757606456 0.9953451486024861 1.23001361146116 0.04612196911335903 0.06062919751085283 0.9858235260845238 0.7894515377010829 0.18458922671824107 1.3031563631574639 1.1307641218609514 1.5153189015601802 1.8457044792684123 0.9088744443369549 1.7835737219931902 2.092236632913194 1.4275149680535217 1.584331004215899 1.658285057784938 1.0347845343312418 14.184190383782973 1.2925994813873478
1.0003565070072433 1.0575302829816848 0.9930549286235221 0.8092699307617689 -0.20627536213035141 0.11503643628573551 0.2767044520020846 1.0691257931832194 1.825871056500849 1.5711709300484875 0.9539145665463824 1.8706038211978893 1.7944232549581722 1.238966539687012 1.8865104086309397 1.8689862353197118 1.6123967629371103 1.4629394568376353 1.1778266226090337 0.7078321033607449 4.967529415687837 1.132617968363986
0.9905336974079036 0.9634459303795264 0.99330906147828 0.7790363140698613 0.11559078097677056 -0.2535540720242957 0.9751952873415327 0.7750085942046753 2.0708114494422185 1.4746790933525975 0.93230569215673 0.13706148745052857 1.7584997891772742 1.0534284612436697 1.949561621727622 1.7676686624691273 1.5108797363942261 1.6702061695103385 1.6197205405744683 0.7104674845574457 16.481895379229773 1.692727689951708
0.9909699640489507 1.1889919056062432 0.995870303997663 0.9386709550854221 -0.06964576840406045 -0.2658505597586659 0.6259334137097666 1.0552527985936828 2.3441542459811506 1.716315687176429 0.7049668261052118 0.46464373333435977 1.339483868317444 1.270181561794887 1.9044998968239941 2.478283584863502 1.274255042246273 1.6020978256523069 1.1034970625862814 1.081101105310819 4.781559992136272 1.1342490096064717
1.007474099378358 1.0306559537029059 0.99910111777725 1.0477401446633923 0.12183575565024962 -0.2631901559889615 0.9518521365320434 0.813662899645011 1.8567091804618225 1.4959499984094586 0.8622313386520161 1.0647844840819014 1.4152092565885388 1.0865464823862123 2.048955764663071 1.8315616819192355 1.5548389617683323 1.6661584982397253 1.7537769000209689 0.8907607990789432 7.468422793967176 1.1353456782000013
0.991057881803157 1.0505188877757203 0.9992976786740598 1.1136670842933747 -0.12096938907415689 -0.04670054437981663 0.48597858393606674 0.7725227057720021 1.2109785125273613 1.5520572268597699 1.053544707025592 1.7818915689446777 1.3959891589048847 1.0841979252824332 1.859410350708943 2.3696748712253672 1.2401763177618657 1.6767712720758126 1.079625774863925 0.7252658329609234 7.067291792536129 1.5627358909216946
1.0057198223174735 1.2444810040447938 1.000981427973328 0.9640942383299497 0.14574838943453594 -0.09840906171547256 0.16269960449787385 0.9063650055323523 1.2706049981473526 1.3549769266013452 0.9745680579925897 1.8513811226711325 1.5143202816206185 0.911340489706256 1.9017797377989263 1.3802537627713212 1.6995028337505613 1.494698169627274 1.264590558755086 1.0221198893086665 20.28109532772865 1.1305488931058372
0.9927441872271844 1.13135376927764 0.9902082467231069 0.9875069715165619 0.2845607906206003 0.2758374758427596 0.9229956553213263 0.8494588325024055 1.2987210413755204 1.4440994237159903 1.115991237828248 1.7438106457645328 1.7934828279992354 1.1512663411215307 1.755277995361116 1.2880826912830048 1.5847995816556104 1.556935763063606 1.4156667378595824 1.2783020196588146 10.150019833127914 1.4596816583221808
1.0088700982933325 0.8015736418655882 0.9919916186685748 0.7789938575139679 0.24335819307575085 -0.06459579392892068 0.5773924660365252 0.9385694040036973 1.2916593074045364 1.3925351188594273 1.0578853543775784 0.5943462109486471 1.8612069665236348 1.2415750697987855 1.7465377367904278 2.0501732405564623 1.175018267167602 1.4381162248637422 1.5552701668597502 1.0526936954995718 12.81612943838126 1.5600524332501404
1.0006564718835396 0.7556516009355456 1.0017898128635256 0.7844470351264624 -0.05851225484261577 0.005678567406048551 0.9576787826767149 0.9266617661549934 2.2574176577626326 1.3169403913592852 1.0828861733221125 1.7708070753570884 1.8575022560582757 0.9831664799419054 1.984114863086643 1.121397983463798 1.65399774615723 1.7208732160026208 1.8672566102283106 0.8485562121766425 21.958097440911487 1.5288498299307263
1.0014416141824471 0.9663071147057152 1.0052208397135833 0.8554770504438951 -0.2519179432024366 -0.13426778565906303 0.07952104544798844 0.8942079317433688 2.158414311499729 1.6960467244030943 1.1166552781524697 0.5680960122350434 1.2527217764857141 1.333627005410734 2.016567903285221 2.1086053146228148 1.6701089843157326 1.6484562914904677 1.2986738128691342 0.7093334345217787 15.370958101181895 0.8585873982783527
0.9918948343152868 0.8079973407040215 0.9950367809290144 0.9996326620871618 0.07500648301359303 0.05231381284615272 0.03043781194750434 1.0387531323573036 1.2534438271855661 1.6866581451177296 1.1623405097060848 0.9065200328989342 1.232880955194174 0.924054035630277 2.0386849184798557 1.9731994767446808 1.3600680196315065 1.5893954891808306 1.028605804785247 1.1663511772136759 13.722174024754146 0.9491300745771953
1.0094335064088409 1.151022619872777 0.997379647815796 1.098437802809622 0.1801961497138807 0.16708520836751917 0.9799897057856839 0.9668396587440145 1.8313642101854064 1.6996627404616707 0.9023983119379111 1.051781105818336 1.6023801723399942 1.2187570598684088 1.708234392926799 1.6453752694038684 1.7758067961904298 1.69168132622958 1.795356707745907 1.103464754721885 20.249558389505317 1.7620703320211277
1.0020357601239778 0.7717400592090226 0.9912475336179495 0.9954051055700468 -0.256236675813889 0.2102989362576259 0.650898291387613 0.8688669017625943 1.1356414416788227 1.5703963520474435 0.8569647618824312 1.918727281106374 1.732848236662796 1.2232553299639632 1.852757704011573 1.11711419225665 1.6602317107256002 1.4591094693318523 1.8970412153360992 0.9109779097453222 20.162671641157335 1.6320359970893832
0.9922433995439004 1.1596107616672464 1.0012666745269818 0.939856179495975 -0.08459515711304685 -0.15054855954516466 0.8255305847177676 1.0177617698507584 1.2073997537875325 1.4008695719553879 0.6939900819522172 0.960034135357657 1.7784830078989557 1.3161396993495669 1.7342285750637032 1.3927837854895269 1.3289068919142712 1.4999122374903695 1.3635152006353988 1.0120344979807767 11.147259930143356 1.6724805949148736
0.9909193952947054 1.2150817582987097 0.9979610810328605 0.8776022683013762 0.006806302803334774 -0.2424625595456448 0.24777376609789625 0.9574537257463874 1.4536557009919064 1.3052134807864264 1.1412376383458986 2.2483417499438225 1.37852047584552 1.1537195039580528 1.792422869127795 1.3689400296797545 1.555437220204468 1.733470509737554 1.352028758103172 0.9994316389980369 18.908840866402265 1.2697283867744842
1.0091711397943233 0.838333436187967 1.0082759686333738 0.8581049204815883 0.11341833009668334 0.2863340423431729 0.7917494317080476 1.118315322491048 1.941833886306273 1.4989407426515267 0.848661980668469 1.7524230108510919 1.510901069729657 1.05980983765267 1.7477146779630501 1.6084201649005063 1.4105792800837031 1.6100694772847568 0.9510500238665489 0.9717636693184121 8.74870993979848 1.681066114227054
1.007285930161349 0.8953857463109216 0.9970891519578244 0.7648021844694488 0.2800858196837079 -0.04775129145268808 0.009034321416422757 0.7868239701949018 1.7326535731147514 1.4483540021009722 0.7516449050320514 0.20314846660759708 1.7962641604777163 1.0038330425195752 1.9184508944553471 2.497455102073163 1.121039920040372 1.787312807048874 1.8860871570075879 1.0203590742349418 4.584276996514452 0.748683410921149
1.0066104233528284 1.093999535791629 0.998164670996143 0.9206271055597355 0.08063178539609495 0.05658857467080036 0.37737544830856257 1.0240929541710544 2.321148248965619 1.3582068247963157 0.7723241785822751 2.187413088594434 1.328003047266677 1.0136559367163096 1.979187318422237 2.139224458121956 1.5232834215506257 1.5545466088021132 1.3842725457805276 1.2043322797454963 11.577882598296693 0.9349876350168903
0.9995789887771327 0.7957675533230338 0.9951292727404053 1.0676883174866427 0.20583927222024628 0.29360251570501433 0.8859749625527659 0.9591744472687742 2.248566146983375 1.337085528197349 0.704414636658706 0.9318944679663991 1.5452869112286753 1.2014932828239449 1.9292844199016372 1.1484867910110186 1.7433668185650584 1.781460730008269 0.9910488434221623 1.1475144226435696 3.3244723308713233 1.1483444563702212
0.9996675267701582 1.1713705109047126 1.0000709442193279 1.0556523404482303 -0.2447307729379783 -0.04276171014599445 0.5447027812813717 1.0057584784621214 1.0766616772421183 1.4445864056225657 1.1744530603779209 1.3238158020498012 1.3009684264694896 1.2792458400553186 1.9052334471546089 1.256787101498022 1.5592104200267967 1.7372133231478486 1.6349531291247337 1.070996775984812 9.542072464684773 1.695659479361641
0.9977627563635315 1.1821796593597504 0.9935989748613666 0.9834123890167371 -0.13881825521011207 0.008586179871747701 0.2245097059755947 0.8763172782897157 0.9806497139612634 1.537170664893242 1.0922518533859047 1.0325877926662668 1.8523257911541422 1.2059976755648667 1.9901744300997066 1.692266093550539 1.149093956789189 1.714073235317874 1.0229780181200943 0.8914596202350765 20.988480717026054 1.4589792549243321
1.0001717402760637 1.0167209911568977 0.9939106383261145 0.8233517134557816 0.25544789739858736 -0.07954083029061043 0.5246131476805584 0.8680370068674963 0.9317138041975632 1.7192794390023638 1.005290084882947 0.5197842994098153 1.2713874542085548 1.0063624925282315 2.0120319273910137 2.2035130205446194 1.0455367331818726 1.5298143052792725 0.8730770609612979 1.3049094348911157 12.268507321975207 1.7730618700034253
0.9925960721511478 1.2014626206537624 0.9978199533136586 0.9960229745586566 -0.2897841364338017 -0.28037079144181215 0.9838425903957649 0.8826158586412394 2.318617835071795 1.4398506726973461 0.9736168656455082 0.012296814931790334 1.6254249535562297 1.3196479006228936 1.7014454103962444 2.2186171098584246 1.0100003928677708 1.519758505753877 0.9189763767004684 1.3700570850808445 17.190957653376763 1.5323518132967362
1.00492291751083 1.0841173575239955 0.9924753168946536 0.7803023875935815 -0.24367224653016248 -0.10569365951051937 0.1897691516705829 1.1351991191017963 0.6176057908413499 1.4778388618144966 1.1192490156531802 2.1209815862970243 1.36049316497611 1.344130123179367 2.0504421103218577 2.385553578732722 1.3056413384443375 1.7150491450743823 1.5953804035705903 1.2993756050015448 15.841645252263977 1.632686981713006
0.9903935543280159 1.18946462844122 0.9928739051108131 1.181568478766596 -0.18506613824409363 0.040334965812478085 0.4556111411970246 0.7604645603072646 1.1949335575765514 1.510431872198091 1.1872370301219417 1.1221527196218843 1.9086706820760537 1.2411624081490056 1.9619589669721884 2.3029305845629753 1.3308729632900556 1.773323637690458 1.590966361181034 0.782291354455345 10.590708429036578 1.5448031664230317
1.0088459947247408 1.035960288461605 1.005216485176123 1.1424295358297551 -0.26081683895452423 -0.10853812330181067 0.8819682117224427 0.8800577107295318 0.1750362758131136 1.4281421754723962 1.0479964182034043 1.9209896612636366 1.725273426226635 1.0965916499556052 1.9650304368319595 2.5121588016458487 1.1094080754619442 1.4852459906417004 1.9766619454030705 1.1510828326504103 5.3316589647138235 1.2534385113542847
1.0074058818970837 0.8349411638772833 0.9964244325474445 1.1016811012820074 -0.25125228108919867 0.15266126514192374 0.09274111722809797 0.9680031581604556 1.7772633593712635 1.579523920001213 1.0483565875032703 0.2162369930527452 1.7384295744417881 1.0647653364994842 1.9733768339494817 1.7800960272072832 1.0666502545297003 1.513793201991026 1.1527107087501012 0.7442309280368165 11.783005239609544 0.9523739283485706
1.0096515946667795 1.1318109860410124 1.007188739702944 1.1662123727383404 0.06277397996763279 -0.29052541962724543 0.839351136699604 0.8266660412727849 1.091992916898432 1.3861411526771672 1.0004993455744644 1.5035989205670568 1.7590778213242233 1.0001100948586599 1.7407694995749938 1.6718808305141524 1.5728373156124391 1.6611024421412246 1.3055731216302697 0.8928933628410418 2.270000074404878 1.1976639858649283
1.0029457431636395 1.0924441160533669 1.0075830711926166 0.9631504757117757 -0.22182145356158742 -0.2639725520126209 0.038034370936646224 0.8158711307602746 1.4629331469770102 1.4793802708985988 1.1677085838500043 2.0681696553119493 1.8996750770557849 1.0505189328728066 1.948031330757361 2.5015070191642375 1.1577294248957082 1.4238346206560968 1.336816328440626 0.8332324717426007 15.218001853404779 1.6933234538757782
0.99902220223655 1.1505599902017878 1.0068733507579513 1.0717440675167837 -0.07537194604077169 0.18952921662257033 0.3663594589312628 0.8281291475232044 1.865242611297496 1.5207933908183435 0.8993190715319725 1.6466055524876981 1.3767215713595518 0.9905814660927027 1.7968008524803145 1.5932801459345787 1.2179524258019994 1.521753443685859 1.78695079977092 1.234536193389428 15.612635715008615 1.4786240124531944
0.9979903056415811 1.1057491412149412 1.0039902277951207 1.2065046962029664 0.10970722963727975 0.033368529866341534 0.6773584157629733 1.0920182444003697 1.8543204375358324 1.678507314133335 0.8225351136636144 0.5434600975073873 1.659261146816517 1.2138102986321289 1.758959049977908 1.883757603658755 1.1764707689498497 1.5591703419693783 1.565173481525397 1.0534725763009911 17.730802402720677 1.0907000355508742
1.0025023638474089 1.1191075012842824 0.9944692144927533 1.132701841472688 -0.17193972186721396 0.06310895779202241 0.46408492435798016 1.1316997326850187 1.325869993435694 1.3833135427218817 0.8373349686733652 1.6944365678818336 1.8374630688198046 0.9539729148977277 1.955881116746581 2.131045661892193 1.0130832273346748 1.5852099418992809 1.3601350247766066 1.297906166089069 20.09946302524531 1.5738265321456995
1.0048865466863164 1.2250309760824751 1.000166098074496 1.1784804150875692 -0.07785000213204712 0.1312818624842197 0.1399516910867658 0.8939407680681838 0.46373654828372746 1.305556345003939 0.9253954748327643 1.9165351023026842 1.1662551758050625 1.2194161704328281 1.893899123496122 1.459361552328157 1.7490952608446713 1.4769289891079331 1.887321756695579 1.2161093317477196 17.56232513010292 0.8193909453286573
0.9959811279438179 0.9927540472402491 1.0058901910079159 1.0388270259163528 -0.1017784035486217 0.16095123168413328 0.26195332341358096 0.9043342153907007 0.7917720038685534 1.3101113891968148 0.7507864890351683 0.23959655643186664 1.5311692753176784 1.1441811916572102 1.9125268307413132 1.325852418263022 1.6570238082197206 1.5274652310907753 1.6863759886739706 1.0187911490948878 8.980007962771097 1.690850337435827
1.0006822603308292 1.1600093276416947 0.9977559531373041 1.0072772765927018 0.10661346594272753 -0.22867490609688618 0.29854308652987394 0.784799065856951 0.6430060931196994 1.635517500258574 1.1975964609998075 1.1126559128178661 1.4207190472031497 1.193396592166784 2.021528520714938 2.020814775003041 1.0523766762920632 1.5487508119992652 1.1630604791867296 1.1866304638625877 22.54870959276942 1.358150131710826
0.9982058238590172 1.038980762365838 1.0067378522480301 1.1353050604279167 -0.014664584153323446 -0.10674611941227866 0.671654089595261 0.9864174698007603 0.5778255200916824 1.4524919149357278 1.0237368465679886 0.794207141683647 1.8926976289346769 1.1392192339340719 2.0391796460595946 1.2276048216821118 1.1127526470823075 1.557852122947402 1.9793637846584082 1.3319607148080173 14.234914224453803 1.4710596387419366
0.9971957072454748 0.9942058877410975 1.0029945354891123 0.817520548161257 0.21410709877078243 -0.11509912569882669 0.25121619423646757 0.8842399927277576 1.527841603311799 1.5440054145841335 0.7248952804009764 0.06363449867702704 1.2540255665651148 1.0763435898259215 1.9360486101434504 2.085378457915271 1.4655153832155892 1.5749525724378906 0.9716987092992485 0.9894752995200435 10.41341216819091 1.2660916785277458
0.9993130273980578 1.0337148848198552 0.9976821262325283 0.7985333607574412 -0.11229379024890959 0.007488245338131194 0.6028609470381262 1.0293658188603068 1.5058149721128846 1.354536643205552 0.8515957159333524 0.6983655417455271 1.9446627038927686 1.2481576365841895 1.897173153532873 2.018306645557142 1.5509829848060317 1.503828489462963 0.8393545153273758 0.8775192265395995 18.460612697718666 1.7076388819915942
0.9952338472571854 1.2380117584953132 0.9903779434446331 1.1332589603158933 -0.07370453535425009 0.2944942228233178 0.328233392981762 0.9820634228128731 1.9569439654189642 1.6037140708541098 0.7418821670223185 0.12077884563962095 1.1927310643233224 1.1849442662081353 1.9267375928258126 1.2832429490049575 1.7863857423487266 1.754404202125098 1.16373619963556 1.051018015929183 6.870787523970108 1.434018282054319
1.0077777552156602 0.9076955274448415 0.9965096127931441 0.8263672067842143 -0.1872802672959334 0.26703869524671336 0.11857956899888585 1.0064996462803792 1.4878428495955875 1.549525411583348 0.8300050781660914 0.9183389267339199 1.2384978941511458 1.3398221524871614 1.7455453883679408 2.150737126455033 1.4210079717856794 1.5164437051292938 0.8509619113983946 1.3186065826836897 19.65402756211834 0.8270078039542277
0.9932492865215706 0.9834688432641111 1.0094993644809598 0.9848264106574314 0.19240627100233254 -0.26414622657778286 0.6174562990973339 1.0123879881048523 0.09637557817081396 1.6672397838656416 1.1982564376246123 2.0022266995493707 1.4737828697233573 1.1865883258670649 2.057303970935817 1.5612534449340665 1.333838256520591 1.471481512733266 0.9929069737449944 1.2624943398549524 14.165991923001446 1.2128508194814562
1.0055105569470206 1.0347070971856036 1.0095541509863655 1.232914182683142 0.09538996232864805 -0.11731362065456932 0.007759201126400925 1.0606256436238184 1.4691201889094065 1.4297061910974922 0.8924038346897165 1.2614716872518799 1.1348728201087035 1.0517218121804648 2.0581953979377756 1.4063313955373973 1.3158476558817744 1.7795145356799613 0.8497979386362962 0.8893635115460599 10.070855106203407 1.28647853042846
1.0080774140854858 0.9513563600937771 1.0011089094084515 0.8760253263509933 0.23784658208311354 -0.2497389778656675 0.532714127017784 0.793455764014778 0.39466111047002456 1.5859917935654853 0.7625300212687728 0.6179339514926193 1.9007054780169874 1.0186696854547996 1.874981805576631 1.31393973637257 1.7546478619286598 1.4327268323798314 0.815561766214109 0.8096301783114747 21.2722020114103 1.2678036082851922
1.0026819149739428 0.9065644851953224 0.9990168079734087 0.8855424038458992 -0.046003173945588616 -0.260486347043876 0.7845523329418871 1.1086479871781103 1.552655269624892 1.4563593379016708 1.0624434144924715 0.5615615035276963 1.7428852061418234 1.1939107910082436 2.0398354392174873 2.3670722365170356 1.3218389966824802 1.5062373281834993 1.3778987035569181 1.227315385182226 9.82974577134734 1.7232394729593532
1.0048021754478513 0.7630107524818895 0.9991791639511657 0.898847108487308 0.09866668774892229 -0.14738407622336944 0.5905901388210719 1.130218468337586 0.4880052167070332 1.6909887836253221 0.7355054804214405 0.37582711045924505 1.7184490603705083 1.3516637495856658 2.0092486834979444 2.1339800981786228 1.5839909052541912 1.5391372351129433 1.6497767905504483 1.2629803894062133 20.965003025806638 0.9765514543238073
0.9905994373997629 1.0442910885475836 1.0008558780361145 0.8456546123880226 -0.13046192974729756 -0.18783876271770222 0.31278252614345065 0.9718278885722893 1.6712544596955088 1.5431472299897437 1.148151822079009 0.6194787755070933 1.3521191339675036 0.9289560449991296 2.0277785554086196 1.1566855419715263 1.4006586122492946 1.667981244723108 0.8835704005005126 0.854371108802995 3.7251965853172524 1.2148444882123706
1.0043498989618502 1.0626912830351791 0.9928870327717825 1.1338653783237025 -0.2677093843949435 -0.10485742165890552 0.4778046936906534 0.8474935653248274 1.2155942256395162 1.4954145486671366 1.0131541177163113 0.9692057411761397 1.146360885163715 0.9419355663187341 1.8178164279982567 2.3979582399849235 1.1687619229410129 1.5059409381061528 1.339895126183729 1.1701003619123138 13.421818352037036 1.4285611842789803
0.9922367569528322 0.9748622131405671 1.0010925599053881 1.2271274524349316 -0.1234081061243035 0.16156634238099576 0.8479364830921394 0.8216070327378951 1.2893848799381618 1.6589500576812746 0.8667396714460809 1.3713033010915041 1.4169903816094074 0.9648584597000464 1.9699099033354417 1.659859887455101 1.7449392968652992 1.456161290840978 1.8086043287004006 0.9280707051349749 20.500477999081372 0.8030914234400046
0.998111750336927 0.814283915391879 0.9987132421010887 0.8719149224971192 0.2622553960905835 0.057563410791695024 0.6288154130293436 0.798887652184487 1.3849599660676952 1.596824964559542 1.035741142045313 1.1532233653182755 1.281590882522978 0.955362026745429 2.0205169157680127 1.5040273028575317 1.0111563028643182 1.43710132731644 1.1806975189910043 1.2020132275422524 5.768938411647971 1.0581223239998532
0.9977166722770646 1.0761121627130588 0.9901050831099191 0.9900362940915282 0.008406265613958352 -0.062902309430524 0.2787587989154988 0.8803337163198288 0.49483541903433614 1.5281755300812452 0.9335149200946843 1.979585023020407 1.9513750613245113 1.34732921606289 2.0329388702620155 1.7631247949349609 1.1039120825585373 1.7399245241406947 1.0809150812998558 1.0883258602873824 22.914172890876763 1.1767703548472725
1.0043919956778495 1.2367943203304863 1.0069676340278715 1.2163085684930892 -0.22797830809031294 -0.004163971800323185 0.1700583589725729 0.8441022396860441 0.4136949102687072 1.479872438518738 1.056631688725439 2.215372169822515 1.4043210308368637 1.1530505885047462 1.7917694932102086 1.6026841440533737 1.6255637519713408 1.7189938497840216 1.6676532376522943 1.0302083547900975 2.8641204584242543 1.7840279878953436
1.0052206108211155 1.2247216698298646 0.9900911869085441 0.8355476926254048 0.01673517562609933 0.06551081119960828 0.5925693962145455 0.8828884028906603 0.11730073467888917 1.4402765766295509 0.9550269488454342 0.7614816747081709 1.5855854453726013 0.9599551615568115 1.8987039696933707 1.9248422712894617 1.6614078797450729 1.6809812576733203 1.0276500650602078 1.2339472385525792 8.8966155266871 1.4487433813057244
0.9965367444738001 1.1458704181989932 0.9921469218025316 1.1595992722355986 0.11262397399309343 -0.2241852591960795 0.03232048133521097 0.8342557231329851 0.34125954048530305 1.5604511485279755 1.059541549690585 0.47240512751110686 1.3845695025333034 1.1203404445720997 2.030453834056715 1.9527562771513953 1.4915390314277932 1.5919078182565682 1.579364668446472 0.7350971638190847 14.018046987609715 0.9089165949937386
0.9972580945433501 1.0340847977902805 1.0028179350692359 1.1215631012481282 -0.2730506923987272 0.11642692730498588 0.1643331463591342 1.0166874590367336 0.8525532157006613 1.510820240732233 0.7019053750466595 0.6865715576745988 1.7880463805891336 1.1570052733079 1.9571518225027003 2.5948039919375567 1.400846517063031 1.4979933429528243 1.374335987363227 1.2420818577167265 6.486548769498704 1.523980315174883
0.9921522655366223 0.9738354807932811 0.9912146375465937 0.9072958011772582 0.07225751039085249 0.14427453182024297 0.7250504419068319 0.8858752458483964 0.20081926911619086 1.5627432512595154 0.7140142262427019 1.6857120507045622 1.370553067023555 1.1735536416211028 1.9799163947932583 1.8783406292197709 1.2870950348007657 1.4520153177208732 1.114135913750881 1.0144817278542382 15.761255113154377 0.7409433045462107
1.005526627344618 1.0954271416352857 1.0094315786106323 1.0641441941303744 0.08173112731379806 0.1855568126557008 0.06557019502581234 1.0533344029742118 1.9628849637757197 1.4222862831689707 0.8315512452607078 1.4776047984575595 1.4861560240724452 1.320626272662033 1.987772313093902 1.8496927234749072 1.6565837225164075 1.4774882561445508 1.2726102959682652 1.3595199448861273 2.482871648182711 1.3027307780356636
0.9929944658158214 1.0286147227402778 0.9990825208225104 0.7932713861009864 -0.015848754597061532 0.17699347455956327 0.8902198076289052 1.1251022109829472 0.2806090405037964 1.6861122264366906 0.8864828219532279 2.074213530053854 1.500078685727199 1.12218418133188 2.024863786590273 1.5320483237462632 1.3803548654259665 1.7314862033918328 1.1370740343518722 1.0985792935534255 4.797595277992988 1.3232273700269763
0.9948220637090581 1.1367890767762467 1.0084215536082028 1.0338001318135246 -0.023893643391975694 -0.18401442735990298 0.9840260349932263 0.8962286284248238 1.1397279869931511 1.4018364183211187 1.1891544637920124 1.4984946735818196 1.4539912644907274 1.2204939956099323 1.704188650967305 2.5678501275325787 1.041095477256881 1.7619523929556224 0.8248609911349691 1.116202094444969 7.167664160326062 1.0829236791565715
1.0026086256704934 0.7936125500214732 1.0048863164145063 0.9744414637681055 0.09463383524046554 0.12260555676330254 0.04617832308279129 0.9527904017480604 2.348563185511771 1.6525584895379135 1.1331536107813371 1.8478069563906894 1.1503247162396442 1.2500824695812187 1.9440943661893766 1.7097612039567498 1.7203315113171458 1.4312322623870297 1.731965638721297 1.1344170072907729 14.063061705939646 0.9035123839223544
0.992347419856643 1.09417390099792 0.9994400391705536 1.1506152390862427 0.2779044067213297 0.29064971009124557 0.36154267023259384 0.8686084880961906 1.521954492426119 1.3084140849206793 0.7274201764713459 0.7112279733594257 1.6179916064647364 0.9730690682093709 1.9548865031752696 1.6214301555629858 1.2231784194456579 1.7475196278306757 1.1055602125689994 0.8873197840974695 16.737526060704038 1.4803759937480048
0.9966989967740141 0.8612680636982901 1.0004972744499607 1.072606655387305 0.21481660759767301 -0.07452371275662334 0.880967373703284 0.8925803961615685 0.7490065469854762 1.4337599547703244 0.703061435252148 2.374806049441967 1.2243483788383696 1.1205802282123067 1.8462618423073616 2.403483465498974 1.1852102039905104 1.495017661884375 0.8433719503106842 0.967506941111748 22.83565842942628 1.648079887412866
0.9952712798843053 0.7570584256410572 0.9932248781394776 1.1101219205110846 -0.17394685093326917 -0.2182681156196677 0.6154976939571508 1.0251445971500979 1.9014776552497843 1.6776485407027533 0.7727579050559039 0.5353441024342942 1.7274764706621921 1.249168821780268 2.030967575404131 2.0334090497395394 1.0728918249905957 1.775942387213371 1.2900997267855985 0.6968507171282415 13.884348043267007 0.8340578989110915
0.9988837694496369 1.0984055850689742 1.0040689720067726 0.8978538863215696 -0.0929664115503695 0.05400830241668447 0.08389743135167421 1.0440936807281502 1.2771125371297565 1.404987367621571 0.8579720695100173 0.9874822102856863 1.7989733154695826 1.2447517258826657 1.7175353974364156 1.2624626089605888 1.533111178819794 1.60304835651654 1.8238906847584915 0.7762738436968193 18.803923373014634 1.6024060817985974
0.9964590367810402 1.1760309495739871 0.9908205690572601 1.023140797442354 -0.14915279236388534 -0.24344114055249566 0.4063950271016743 0.7767391753690231 1.0681634594247769 1.5827920524526977 1.0693368698852166 0.352893205978494 1.3134377767149952 0.9900020849910438 1.9033284663534555 1.7078444012742677 1.128526890764852 1.5254290304339606 1.6481648010569452 0.9054291798014766 18.698546914407697 1.3327256992390732
1.0057637014111678 1.0601383496949657 0.9938561584208788 1.1835217637485005 0.23299246892886621 -0.18731088828354078 0.12580285315061912 0.9281115437316679 0.08215193163953219 1.436838021137789 1.1569721528376982 0.7673172152789367 1.7723379960461727 1.165870149454019 2.0211067737822273 2.0666076399806848 1.6723220352495445 1.5523757860366014 1.8456201105372874 1.295602981417335 2.819981902202163 1.7950972478834417
0.9927389915558043 1.0588909017884351 1.0098726365416097 1.1474457128739592 -0.13512718583980446 -0.14145105788371573 0.6843162664550186 0.9094142346835323 1.668502216137765 1.5247574618558777 0.8457172073948345 0.6727823346370655 1.4063035528598258 1.3569152583097703 1.866165297458712 1.2130380860406285 1.4526033285367619 1.465573220216894 1.7029926866238296 1.0743886641433746 8.237781184891613 1.5671587190837453
1.000933912597732 0.8269357497074035 1.008774361646134 0.9017677101412339 -0.005900332427757449 -0.04525014178269543 0.5528347799541268 1.0901863239974403 1.7972856127057515 1.3274778702740369 0.8698794047611045 1.0234199778480124 1.2116204939965836 1.296331269742125 1.7620123183633731 1.8912234896672206 1.2421452292204271 1.68723175449028 1.421572312777097 0.7983859101212154 3.8483831946073286 1.36243371958511
1.0027856590254305 0.7620306061251643 0.9949995408301234 0.8633824415971334 0.1667228393574529 -0.29534633048009534 0.7560788586597493 1.0973434040743293 2.0986702201625618 1.6231319703141633 0.8883870582820025 1.403027568543869 1.2763506515750238 1.2708540478384394 1.9794107250930937 1.6663399789176885 1.3867768148695072 1.591485833829799 1.8190373631678574 0.7781312604245484 6.001590270239164 1.6408911430112467
1.001054451112176 1.1798837941995095 1.002152658356867 1.209048290071286 -0.24237504275799254 -0.25758243094075195 0.8595255008949975 0.8782405093143628 0.6301435482613005 1.3620422760372106 1.1643448144333228 1.8906119931076568 1.2524873009951518 1.1077661911527772 1.9694274818772572 1.4372624750073966 1.159160691279641 1.5019915020846573 0.8774544864314019 1.1873585548174583 11.807402070450753 1.2645090596752202
0.9924592902197507 0.9139597270889989 0.9927754767029258 1.1710104611097427 0.055863929745367635 0.06218317461474937 0.5747706208578048 0.8463610069894947 2.2530822030538427 1.643286865146532 0.8175435642903673 2.231510129494359 1.800448737915549 0.9424732841776902 1.8041987338227419 1.358546090863904 1.0279033323992326 1.6775137153889417 0.9203737340195152 0.7267187271376482 3.0110941437221665 0.7298102541412624
0.9937179441406494 1.1139031678272653 1.0088524741615261 1.0461850120207197 -0.059682954639149605 -0.09701337653151257 0.5279396782496408 0.7862137957175671 0.10281532097192159 1.4455996499375594 1.0650380739166512 1.3368555147051018 1.8482345044464181 1.2212061442635784 2.043579026438129 1.5398778594036042 1.556380870497101 1.677632002827641 1.413462467368178 0.7176043703961721 12.278270485955847 1.1814574836922387
1.0045586149774404 1.1013787871654115 1.0024931572827622 1.1324966491315305 0.231731671631554 0.22258901049184937 0.43574474628131055 0.7851082556452603 0.3517477414677815 1.6595519426889973 1.1515759650024404 2.2603110701881084 1.5206059420183908 1.3360475170182222 1.894251056764556 1.4991326368953999 1.3235197274617834 1.4812838016004823 1.6075699959263496 1.2353451518841874 13.622860991536275 0.8404503885517447
1.007364445150126 0.8449824292417266 0.9988037425258488 1.019568940175858 0.16793312948407418 -0.009772562588285405 0.5993748872822205 1.1324325155632338 2.1104002460645095 1.6248693092568325 0.9978868488434436 1.4509126204989173 1.4879505571317326 1.1988997446588963 1.852277741169117 2.4482138992538207 1.5770491595814433 1.678404415995176 1.2144345430324548 1.3018191406862856 5.36386345119876 0.9170038025277744
1.0047944477850739 0.9968213176186459 0.9969487881247482 0.8532010507405636 -0.08026389426373967 0.060229133144789615 0.5138039498985086 1.137808646591588 1.2239379109624142 1.646961728542094 0.9553285993235396 1.9585571776183655 1.181299496266179 1.130605443246696 1.8515774339055093 2.2944725688251055 1.6185427296975095 1.5665960889610775 1.8831504778173132 0.9456309119988255 20.87263169430868 1.051578821375939
1.00380467963116 0.8173831904926985 1.0077661969506435 0.8699168792332858 0.1480755291381588 0.1319344405142529 0.8357420877494997 0.9270726961073803 1.428683625344677 1.5398488172576485 0.795024130562122 0.27848701881689747 1.2140573683625573 1.18405178969973 2.057738624535569 1.652239991598294 1.2830090612094358 1.4796642158592699 1.460605174206361 1.0827894403527836 16.560977446992922 1.0414902393341636
0.9947325831159463 0.7796499783936798 0.9944137652741126 1.070361581045752 6.100242493937702E-4 0.15875619404428926 0.4195068536810321 1.0736781152285264 2.097933111359727 1.6159420758148308 0.7363967710094107 0.30477444644918467 1.205034261475389 1.3001019620423455 1.9250224208799644 2.1367856715638216 1.7890483836530433 1.5078549719511085 1.5353563894946745 0.775337213169983 15.326237924934624 0.8023924428923268
0.9967978925670591 1.1634562442541578 0.9975890276761303 1.1033115318580706 -0.13853718477227703 -0.06559606735503931 0.6228813698577889 0.809700775893859 1.5664659950119268 1.627933041910011 0.9263790166440179 2.17096298123846 2.000806889801223 0.9196880601390782 2.0586047463012545 1.9913789566263942 1.7048553046871793 1.6437938361182873 0.8412785214535257 0.700758294390676 21.939902970883082 1.6994746640771545
0.9957659943796788 1.1066144933058397 1.0096410948538108 0.9104051386823364 0.2267790697112924 0.2771928753386215 0.09561951870250059 1.0540482853067545 1.4421538122109934 1.5394820826987596 0.9051301255685316 1.8971087776095454 1.6648260144304312 0.9748393549350448 1.8531143070196168 1.221961854024679 1.7190358522104052 1.6078046199238187 1.1306140612826114 1.0796755738899828 18.84072276790782 1.008481596404656
1.0082122226867225 1.1236651097061388 0.9924820359660986 1.1210031215513427 0.19152189138798237 -0.2089691380842436 0.37412803890545543 0.9653647762220927 0.10551119729656128 1.3334537690175896 0.9308702151926971 1.1510980636599113 1.1417964008210162 0.9812515992733492 1.972130869209598 2.4853415843307354 1.7656411983303593 1.6953998566780266 1.3342553139880937 0.7393345202360551 8.545419903842475 1.5060727830386182
0.9960183020771608 1.0426611744683718 1.0082875974860255 0.8585021819141325 0.16112839445416494 0.01176105593357174 0.438482363380822 0.8968815224424579 0.6911492165701186 1.386418443684688 0.8337942542775865 1.3560951890064332 1.7318996200253234 1.0882085903863132 1.7860652147751233 2.075612919708539 1.5256798842915975 1.4335238620960273 1.1713069136281524 1.2039373638821294 4.428930409490922 1.784212616269027
0.9989738764759736 0.8761252096220535 1.0014007137200205 0.950062846736347 0.29974856850783355 0.11424885265852852 0.6643364750831473 1.1160779529501226 1.7816704167199993 1.5235211129027197 1.08863623760978 0.05392335339001659 1.6316949912723844 1.1616327449612582 1.8965041605581234 1.9605554283341848 1.3810998363379006 1.6257329614753622 0.8945204626672691 0.9353150988917787 21.982659053525396 1.0103616170123162
0.9992161819573341 1.1189302149856044 1.0023789838502124 0.8547335057988327 0.08990483585232939 -0.060959857201506984 0.1802642242113335 0.9493766027482398 0.38833435616846396 1.45136378337232 1.1755673628221326 1.3399210916278885 1.3946809440092993 1.1267353043754809 1.935360013822193 1.9444413088959909 1.5828610941479353 1.4842882050884463 1.8784961476195539 0.9099062969846285 20.551069015438223 0.9419085434542225
1.008902343513825 1.1430020907801954 1.008199032170678 1.0139339964525886 -0.01644557287728099 0.13947770152083727 0.7880705813007299 1.0516317382035867 1.743411525127237 1.5268642705492788 0.8708320917932884 2.1235492010506682 1.7735674294573602 0.910851163185677 1.8132087473880971 2.1650717621897924 1.3940882840035176 1.7393661221136376 1.5775262460671011 1.0290385084995601 2.730339435839703 0.8652543367038407
0.9922066268857319 0.9994542719010865 0.9930296096727307 0.881407239856885 -0.020276941429943074 0.08136936509531406 0.5930659699228412 0.9671485821019872 1.5821562227630999 1.6604053097747373 1.0924363054612507 2.1563761477080257 1.875844573439736 0.9201006513877797 1.8120899608692573 2.086079917975726 1.5738418950853472 1.4866787012792613 1.7235326654849068 0.7365728907939759 16.137601392482857 1.6747033403625973
1.0056570427022469 1.0972884302546317 0.9950682742650029 0.793700310474904 0.2803821740342661 -0.1002693785105713 0.14597039406769 1.1167893731439482 1.8958428551581668 1.370513212751044 0.7593349100708204 1.312890920241359 1.4855075023242266 1.1364376929456714 2.0333564665053006 2.152149778847508 1.5040684645775104 1.6194637866943937 1.7413710785704803 0.8610507360360471 9.373182747344913 1.0943154356049585
1.0053346876549425 0.9595580471108582 1.0088916618585415 0.9416625771795206 -0.02303834054986864 -0.2865771736312947 0.06794801942960925 0.9448277794946849 0.19065857625858812 1.3267425307295497 0.8947908875682684 0.7433867766593669 1.4487770256294663 1.3696982789104117 1.7074821408898497 2.4560502656489547 1.3148384514700375 1.760816945937003 0.9322580543330397 0.925560091985853 23.33919972719876 1.4069802417551645
1.0012005047502128 0.7720500565511372 0.9949625262533299 0.9489572442746198 -0.12366909976670928 0.006101207214453286 0.10484359291325755 0.9300533806782618 0.6888914360942379 1.3528804228459363 0.8542257109297673 1.6002242570976362 1.8299255443310511 1.0656936722715578 1.7906700266251216 2.490264290947967 1.7381270466942071 1.4207080775425251 1.355024149424676 0.8527694887553802 20.58190443688639 1.5432458568510783
1.0046308077917467 1.0652954382966786 1.0054008012975864 1.1518334866223305 -0.03331835899161084 -0.2927798549446913 0.9506305134746533 1.1169917665984777 1.0258759192940503 1.4686389544728162 1.0860341973666894 2.2554257668284285 1.7824189755464555 1.2347675177553703 1.797086480868973 1.7971172347864068 1.3184728033786315 1.5400599440747156 1.0237243769828555 1.3086389824353253 22.707956774302108 1.4264397721809439
0.9931844612833152 1.0864554631587868 0.9981904993501609 1.0756642113088843 -0.200999197878581 0.04993580200877251 0.9643085489879982 1.0188565455597636 0.32055639819002935 1.3460552832713675 0.6913740343691939 1.3932176785378652 1.8962635691448002 1.366369859746488 1.9973001833688238 2.540978672321253 1.0923368133703337 1.7713785350225937 1.0688207170201915 0.84605099349549 19.144523545684216 1.3084374949715465
0.9998938399257998 1.0278737055366942 1.00412005121258 1.0302164723603817 -0.2771371027239376 0.05370995571724979 0.34341770787304915 1.0494347514589595 1.5795992957435998 1.5334721325363705 1.0499658488653834 1.4099431097128188 1.5902681314088636 0.9408097940998842 1.9272310874837086 1.5259788816033342 1.5654798237310934 1.452242374366172 1.4941275144819688 0.7132728394725878 19.642684204928642 1.327218739273004
0.9969482041657161 0.846426526356595 0.9954334153519004 0.764252916362752 0.18935368525306268 -0.04232006733452287 0.054489587177923966 0.9568834390375757 2.1281916221007573 1.3850745138369334 1.1774139034172513 2.294852041590813 1.828005669597998 1.061138902487894 2.0225896638182483 2.3416289318667625 1.6556954187394015 1.7864034004092813 0.893524036528105 1.0879737254020017 14.892546790604769 1.231149876477415
0.9985052832015028 0.7692958623733804 0.9936616412605178 1.0742776382125618 -0.04556814641563156 -0.26193383024049804 0.12753101393050148 1.136172549376783 0.43667837244442786 1.478449260870687 0.809233021272951 0.9768427801386717 1.9974824663252475 1.311209908614409 2.035972982570526 2.4763809674315427 1.0286569114553439 1.6135030280944689 1.6456234149275988 0.9370797725309677 11.222591456546802 1.1228871241535647
1.0077144437428984 1.244748705773798 1.0013189147433335 1.2369183859786659 -0.24806889017104916 0.1418204249638586 0.8505587036055775 0.8478572318180178 2.184422850224603 1.4541934587971164 0.8889446028229175 0.6804194164377222 1.932761367383668 1.1186711900014148 1.9654968303500215 1.6005283710934375 1.2923298497339255 1.7263267006361023 1.3095504345811757 0.8502825507147852 15.075615201837937 1.7173241012795168
0.9913056771297697 0.9385462879142004 1.0056875780966046 0.8932424747258849 -0.22136018426120566 0.17332246979061844 0.29330461826441695 0.9433478896234259 0.21109979978628432 1.5411588803630354 0.9960883766185401 0.97402954944938 1.4733295930650694 0.9089928849927534 1.8078550060810885 2.0989489171864117 1.2063231461085342 1.4528266768364515 1.5190557420791042 1.3444573545838379 13.567919261630905 1.7815467480846998
1.0085572737776758 1.062284667401516 1.0085822533684983 0.8970937482568243 -0.09087095183384816 -0.07348466264095371 0.7136022080215371 1.1160292973764854 0.6126984492866906 1.7135549271625246 0.9290666119195005 1.0424149624727455 1.205474554017993 1.1120138089067286 1.850566172496709 1.264948159751011 1.2826870976647213 1.6529687329937655 0.934456562438157 0.7262396360006128 10.758100755285557 0.9798334430179566
0.9949360016739457 0.8555705791390893 0.9994206430119965 0.9161756424694085 -0.029585264022246816 0.2506423908521738 0.34769109916178764 0.8637144739420001 1.1492438564172884 1.4743494646602897 0.9759773216446906 0.030295513425061014 1.3634341750935564 1.2912964543525531 1.9175735044893913 2.585146177256526 1.5637113528681397 1.561839324285074 1.4812405174641983 1.3604896426237802 14.703982597510738 0.8108043518557688
0.9937377660584596 0.8360172213049205 0.996634757548737 1.099884012976744 0.08812306253955149 -0.021531487068663535 0.47619933947511 0.8443684347788991 0.3299125822281104 1.6871858279954466 0.9185657939376911 2.0884332263124272 1.6688244506514351 1.3066083250513922 1.8434612859009967 1.4756295048964099 1.1878536235412906 1.579230988153669 0.9660378481065128 0.9723629459416085 17.03958936182418 0.8553170153350328
0.9983008782145804 1.192866572669725 0.9993404477302973 1.051083920731009 -0.1991942433965942 -0.06948911738841218 0.7688543459501442 1.0801437464820738 0.866107870071449 1.5821333341775743 0.9503193552510629 0.840966211775951 1.8584445605111952 1.1015115230366155 2.0231564772981425 2.5701358980640983 1.2624310623102368 1.4942461245963614 1.5069466741264828 1.1922595368056765 11.166810626661903 0.9107866061049722
0.9989219833106451 1.1340157161831352 0.9986693474561775 0.8848707960145248 -0.28417450414080475 -0.1718934443141178 0.638921887975211 0.8199268624980471 1.3021488026069798 1.3774367272246018 1.1795051615701277 2.0554947097019958 1.4417062479997194 1.0806991450852863 1.788104620244991 2.486642943609401 1.354158139775953 1.5676042944805864 1.3197468422893204 0.8413222163773564 6.223598749863709 1.4210304041472772
0.9975463116912751 1.0918027999013424 0.9946005128760066 0.7561303281577519 -0.14117752299990724 -0.2813342315701065 0.34976643041829636 1.0624668576107 0.19296651629498876 1.355651227769298 0.945437036438628 0.8642795597806318 1.2445404035638905 1.0043201601454677 1.76226836444971 2.1617143049258 1.7176695486637947 1.7167259996554067 1.7123272795885502 1.093865633665562 21.685896747173704 1.3412156846483705
0.9952468377162412 0.7884505945070337 0.9943795710957914 1.22017167617371 0.07814231530327509 0.2515061122769154 0.32529403360734 1.009194541936827 1.6817865506601375 1.33575917851956 1.0245172885562248 1.141921295928778 1.6392601107354108 1.0623805601219716 1.9978400387510016 1.4027190890116497 1.1148326655176268 1.463349508024333 1.1700073964673554 1.253709744339254 8.940854254962112 0.9339458161434124
0.9991990982888128 0.8391687279108666 0.9978418526306914 1.197746653984762 -0.1315073681162099 -0.16797997000262718 0.7239625430041255 1.0175703615573664 2.135289835564328 1.5475924480399026 0.9826603306881447 1.9462014060302422 1.2297581465249208 0.9119554380951652 1.7200243374567596 2.3366613969053356 1.5935695449754166 1.5122556063872716 1.9633787367155908 0.7412719106196983 8.738825187285968 0.8496164563703853
1.0035077055709065 0.9915910830718966 1.0040141100327855 1.075029767428628 -0.07646617686210994 0.2229794043351801 0.9091386673336409 0.8618309309939678 1.3435313011097367 1.6886350251729976 1.0779534337909926 1.3346779945784009 1.8128336511693144 1.328489465404398 1.8302213384514328 1.1505736355025216 1.3194057797149474 1.4245066648634008 1.736995697856553 1.2986473697233314 13.815497611746114 1.3243505106598925
1.0008904549113953 0.8002113364018005 0.9973118593102908 1.1381190162360806 0.21569990812016065 0.11285695232729187 0.4545660491730069 0.8245512997592024 2.261581007472578 1.6006179605225466 1.189534542791785 2.0497891784002618 1.3952067973805984 1.276831141047455 1.986656448003881 2.0873848383779006 1.4801208679378535 1.7108437550274413 1.891598650119815 1.241298944019354 16.12162367419637 1.6186478809712663
1.0070772920618294 1.035456227182501 1.0098895078113785 0.7601008196664182 0.18588897282400768 -0.2131618967411737 0.05210654180539353 0.7663688334251137 0.3666362663312102 1.4260033635074558 0.8832935862625573 0.650370276964545 1.2169656723711908 1.2465747408218721 1.8495344849563788 2.0601886925116446 1.3246791068777197 1.5328351185246407 1.0440130630175626 1.143285011195586 23.081048491990035 0.8703283748767052
1.0026305103106752 1.2190233338445378 0.990799551106348 0.7659819325796613 -0.06645267739821781 -0.2874979839489277 0.48629824413892847 0.866185714295988 0.05410176867044966 1.5191683815326227 1.1182487831333734 0.2975239163326554 1.8851798837425982 1.2385584671034993 1.9326307780535594 1.5820970174963311 1.1568332237718935 1.5534269614861527 0.9939356797717613 1.153305832444924 20.71991240605073 0.8159597767547047
0.9950731417790456 0.8689230694593907 1.0039616216203726 0.8646298564206029 -0.2661312446421287 0.1688706665255157 0.9384603425703575 1.1131291411219126 0.7275023368059529 1.5644412499539657 0.8749066580334987 1.0449297688410912 1.9915811206402056 1.105120824323655 2.0041612568872877 2.040347715127591 1.198527253505452 1.6841294124232236 1.8763215269212057 1.2683650564946984 6.027597401964717 1.119959948713544
1.0094520524409165 0.8109562650768923 0.9939955093790391 0.9250455625879364 -0.20568211724213264 0.29261307316357626 0.5610021980762128 1.0976540068900793 1.8932126390190611 1.5866224356222862 0.909856994718444 1.910211761762707 1.3106698743537761 1.3107238981894862 1.7604268855467833 1.8359948854439843 1.5624888252054245 1.7719242573890284 1.4732898487755657 1.1942192968282668 15.853362540263333 0.7750225889311203
1.0050925297748992 0.9550693364984535 1.009399220422993 0.9866081902374024 0.12459466071758579 0.1910073294645317 0.3176476410641159 1.0345271964518654 1.1936664852620051 1.604823465724846 1.0163424298522863 1.8123538076483725 1.4904020093920969 1.1714009076942555 1.8981752733949009 1.1888482800025286 1.3672788887911898 1.6228625160017225 1.1692100935850374 1.2589769637651322 16.271021972230777 1.4326446826414319
0.994028807178385 0.7817126878684475 0.9939443158933335 0.8054365240653728 -0.06185506983804212 -0.26523203851815835 0.43760281879703244 1.1184797035084464 0.6326104245958325 1.6175968940181131 0.9276890778707861 0.6640392623275979 1.7360628413010852 1.0255152690622993 1.7822823963997734 2.2150629402415953 1.5069437707432665 1.7170318040744355 1.0037188811580138 1.3502056443129353 4.391203018200043 0.9569203178120154
0.990560425449805 0.9535086851393058 1.0007533189904927 1.0627041998718916 -0.1215700789978639 0.1606652983901365 0.610894536803639 1.0149203254079844 0.593764919628377 1.5483849076132472 0.9378016561107962 1.3340735696317962 1.466627543158174 1.0362960415299511 1.7301705881172347 2.6025595967212545 1.6095867130208548 1.5157435578450609 0.9305563809027672 0.8104545370742724 11.652586175831534 1.351876809569501
1.004779566467909 1.1443782650927645 1.0037131758677529 1.212637905751508 0.27174957977001574 0.08924338565079193 0.7457507364332121 0.7739180763793138 1.90507040436385 1.5249303263690903 1.1939999028616564 1.1796386227648719 1.961015531257673 1.2173995109105853 1.7837917988343013 1.6144501378520433 1.647606913849645 1.7898906223651565 1.1029056981288634 1.086010652453428 17.48221476754868 0.9920728715575389
1.000377889092439 1.1560808454877356 0.9951593855729802 0.8485769369234811 -0.00928215378418723 0.050725997532622524 0.3622875157264201 0.7957697546655307 0.5658606204235543 1.3292965387554263 1.0364143098754552 0.6525997443077209 1.9183304944857988 1.0541016167029815 1.9402057688911203 2.0151263389754765 1.2260716215707148 1.6522987178729733 1.682350571746362 1.3474598051618747 5.735581170309492 1.403382263718211
1.0036602813053523 1.0213222965842985 0.9955714671057696 1.0469757846876926 0.227612291379437 -0.2365582810350224 0.604106065884794 1.0648812301088182 1.4782222369863203 1.6850249807548385 1.170343615445303 0.23439175276529817 1.4743825795905274 1.3289346824004036 1.8231054845509154 2.4950115528979278 1.4398227012381404 1.5342282176942554 1.0321926703507232 0.747295882297114 22.466966942117292 0.725949167230505
1.0090182485894357 1.0850161780160712 0.9916845754586061 0.7815845566595206 -0.23276376961883632 -0.07757434477638447 0.004379301102228412 1.00705574160192 0.18031391908503847 1.679446033507137 1.1671430062690749 1.7683848389998789 1.4457107346981517 0.9868688112661645 1.9742625997778487 1.4897238455321407 1.3383174113640817 1.5478583697458137 1.3534793758638286 1.0631241850912272 17.697105920557366 1.5038258808134481
0.9920317424490764 1.0066608696914061 1.0057028087090925 0.753085984939531 -0.18657449491886197 0.0765531876768416 0.05617367896389364 0.7838871582102891 1.3616881880556595 1.3505537683391025 1.080439673118084 1.0571262066639702 1.7055199223210689 1.2977928370175793 1.9807549121907457 2.1633736729999877 1.7701231082520401 1.5180410267874487 1.7658371512000546 0.8567423298027718 20.763734867163098 0.8985572244281335
1.0064601071424542 1.0814167061575324 0.9983588336464505 1.0774604136486405 -0.11435342859480038 -0.04325176882808962 0.9064852544488251 1.0850963889110568 2.3274246645529626 1.4176597334921412 1.0412318378749748 0.08477006403577855 1.3359355108903919 0.9823287800666306 1.8697696071432162 2.4712874899733515 1.591958627082486 1.7409335107929114 1.8642203664602475 1.0593022168607962 22.990007580406463 1.3574790037326552
1.0030896423088922 0.839544657175513 0.992423170905563 0.9026901385381387 0.17308306810145763 0.22546760668302196 0.19200274665405118 1.05696829041294 0.12832145301040188 1.5936097163136402 0.9204650323796242 1.0198985178191347 1.9659411218532343 0.951902786997301 1.726173684601937 1.2016396193692902 1.434364517423454 1.788512109811865 1.951801526862628 1.173702752261165 15.51940960222371 1.571174938759925
1.003658646704608 1.2093618654725828 0.9903880587912749 1.1537402392902298 -0.2856750696757441 -0.02850010205373521 0.7571780620747411 0.9226466247093876 1.5639434390976852 1.6440038599083193 1.1882379406264076 1.953397024515267 1.1596171297995301 0.9711523870301555 1.917479830337032 2.4250199078523895 1.3173323850450886 1.7651653190033767 1.353194529656967 1.3482580283668577 1.9644067411279778 0.7201151622257098
0.9906772905681034 0.8551074210719343 0.9980755563626679 1.0606273530892638 0.24567613688372275 -0.02050156087824012 0.6406686150417799 0.8554061256475851 0.39819636133153075 1.307821900361167 0.8822057612911935 0.32551616239603515 1.5523869882728143 1.1695203743459026 1.727040349731425 1.3768820626028986 1.3919372133682262 1.4274612923878685 0.9970751186077529 0.9516739568813954 2.9208474570191743 1.4691002802492814
1.001241404049232 0.812502808616417 0.9989678755417593 0.8146602381070451 0.10781291003782512 0.2316844046451652 0.3033955359367072 0.9114534352201095 0.3869093683734259 1.6713093393158491 1.0679515286391725 1.1571621972923576 1.3999451706248625 1.0825304213029519 2.060750328856356 1.8547476580648814 1.4016207867177366 1.5016721582727677 1.6629112403858752 0.8221841486375163 20.952836306777378 1.0480992967373672
0.9925224608281472 0.8065222300332887 0.9952507312955013 1.173473532774365 -0.10618504544215487 -0.11179661941547359 0.563424493604946 1.1037624283852416 0.6100597322106858 1.412931898007945 0.8638926236483939 0.2832847437162257 1.8720939199744357 1.1400285529375094 1.8560840167018735 1.509097817861674 1.7621413891298232 1.5723686616491734 1.4541225892981404 1.1223832162273268 10.66839350813532 1.6971716911554506
1.0080281990487363 0.8787994160461683 1.000553940477787 1.242493840055407 -0.15036502797587528 0.1658555198708136 0.6424111729870978 1.0226721295930958 1.6152924672384665 1.6348528919580045 0.8259398003817906 1.3167477923439888 1.3660262490835282 0.9798327787517985 1.7830107092674994 2.5315941735187053 1.3763465086960713 1.6144891382570183 1.7910328135084308 1.0479752484010518 8.994428484177586 1.0785725573420535
0.9947754195293168 1.1553582854214886 0.9918053857719272 1.1484301985925722 -0.22476327272816457 0.28301328611277304 0.7406559700431747 1.0283766344158565 0.7439030160588164 1.3803909210206025 0.8600268617474731 1.8023242705128202 1.4813090651520437 1.1421166156342408 1.8785163932739635 1.9181652889789815 1.6658284431307284 1.4871687743785518 1.1123838082491888 0.9329879318632047 10.935003977040903 0.7902504714705261
0.9981454103057146 0.9776530715374041 0.9954448001565523 1.0485047433270838 0.12839820252675327 -0.19026606163942994 0.1793043094941971 0.9962204573892512 1.7589406189378294 1.5661796716808218 0.7719760367126148 2.0714486142551447 1.4373923197372016 0.9692771252937354 1.9831397847567316 2.0419773595895707 1.2384728280111077 1.5359199940584565 1.4783536160608572 1.124875423393243 13.070689411457366 1.4623998505417597
0.9981247073512589 1.1520535011909074 0.9941177133710185 1.0352090241327594 -0.20786560783466146 9.314651821131781E-4 0.13484765588366343 1.0068632448772774 0.658218727013451 1.4372281046217845 1.0108291079527294 0.545734010160748 1.8802532106924046 1.280438367692143 1.9064584837029688 1.154086376877435 1.4830269240935992 1.6272725083074389 1.4932776038157378 0.9668344720644125 10.489765426688404 1.8228015234977129
0.9996910972638295 1.0617613312368004 0.9920283270991448 1.036803739143509 0.2918119821774074 0.19168532936938493 0.5475851225944419 1.044582113124102 0.4384936188615743 1.2930902688961732 0.7740182981068546 1.346733683911195 1.1783892044089235 0.919023257857578 1.8158539959366287 2.3519120866366894 1.1069376351750893 1.7724789065579492 1.2919744285983235 0.9173198679543455 12.99951735772174 0.7085265300065117
0.9951146441254872 1.0886908055547095 1.003191977047821 1.09533406273687 -0.04277225993964906 -0.20066234872627142 0.4286697375396724 0.7925599446160855 1.5574143516349475 1.4390683240063893 0.9925937258574509 0.17428096322722464 1.1871331284357027 1.0171532451681222 2.0274459839543417 1.7689349196188524 1.4773549133009345 1.6302854529260293 1.092339102494073 0.8718204875835951 17.598786610184472 1.1703512120537871
0.9920014004746054 0.9192346701095113 1.002060455032388 1.1700841200020469 -0.15214392455949144 0.09664742539129811 0.2083136007957393 0.8354670925021752 2.2279426779141023 1.6614632419357538 0.8519962675341258 0.10961581029487938 1.9182735003700082 1.2437153803888163 1.9893423997606243 1.899890201526881 1.1597694756064059 1.539873579761637 1.7399980126401218 1.0646480144022628 9.522108864105562 1.068269813657527
0.99302801897623 1.0055159165134868 1.0022861931637657 0.9298380272313053 -0.04743209745690036 0.20743853755124836 0.8376575357666205 0.82126687000986 1.064644782760454 1.4915394653311072 1.1371529274281693 0.16785986821302526 1.5946293506500204 1.265541813719396 1.885594196621125 2.3211616368328833 1.4098427340727593 1.672996096528363 1.562565713449135 0.7296968017255747 10.656395336009012 1.216724839279654
0.9970048479385247 0.8388999535377073 1.0049334029501917 0.894695634077881 0.1843345373305949 0.12630699755509356 0.20484902443221253 0.9588438232803478 1.4774366640876566 1.7020844271510438 1.1224764424084865 0.2744328504022349 1.178810069668684 1.0951229032581267 1.9461851723179682 1.4486945011462589 1.1694062835540069 1.6326153808219455 1.3837240473886125 0.7462445179936685 12.044901670978955 0.931426400135711
1.0011234212514246 1.129970064200128 1.008022006484798 1.1543434324958504 -0.06795427493469605 -0.12571763019763274 0.9275114298657299 1.0853764450866468 0.6415145839330041 1.3778717036219512 0.7860899698842051 1.84278975029665 1.3566801769320767 1.0960200011224654 1.720736289545836 1.435581736845419 1.3636834642559488 1.7875016979698721 1.7753096367659218 1.1527311905915767 13.497499195946535 0.9208838519595051
0.9936985665148186 0.9675254823368437 0.9980560228550541 1.0173965688564026 0.2771626775348089 0.26993078290754763 0.7988096756924501 1.0390788208686148 1.5099340583547896 1.6221504734557548 1.0276462420960286 1.639668778767806 1.547608163101306 1.0717898733144902 1.9132299795553054 2.068375793679383 1.297107632028903 1.5678919938921319 1.6403407857690104 0.8318164651841802 12.08548460965217 1.4934771967208618
1.0080444637491395 1.1157883713640744 1.0055799722648124 0.8348217562692163 0.18153830972576962 -0.11612110391049627 0.3751476669543279 0.8735121607623342 0.8894176915147605 1.7082541888040446 0.9660094580495728 1.512671702301126 1.2845324090331525 1.1140973153905671 1.9117627176113023 1.6486614188535125 1.6963845641916118 1.597803629762151 1.9760638856584278 1.257013954345764 17.865197069770417 0.9218775628760354
0.9916955156311845 0.8589143919014923 1.003653682429336 1.2074468868076578 0.2741752491973595 -0.1582494073808126 0.10939806889697647 1.064060397870931 0.20226444221892725 1.5091613621879159 1.1276918023459443 0.6319004597751765 1.8533898457122175 1.05224859963669 1.9022253835788474 1.8227477883663048 1.0223669550432444 1.5232979600125918 1.2319006495323146 1.171195505943833 15.255611621071964 1.4892691855779279
0.9986115855941694 0.8256824651853345 1.0007131819917072 1.247732036554284 -0.1655419214194414 -0.037190599142798764 0.06984967547694977 1.1372566758633946 2.090712754040864 1.3813900330193976 1.1130110054265296 1.791060870671649 1.685333822567224 1.0977867923290663 2.005372458525156 2.407099817200514 1.0193209239443421 1.423404596295813 1.1233152285104417 0.7409901466514847 17.499791486467622 0.7840410817570391
1.0027099639753625 1.1855764958313584 0.9950805689652673 0.8292102444825618 0.29042165660991653 0.14516694216126091 0.17784945923686032 0.9263848978476696 1.412051871508849 1.6708100682047458 0.839056194852013 0.7793450330034563 1.9819997037786012 1.07207010073291 1.886365777443818 1.765501540063815 1.6627782202022834 1.6206922261233787 1.4870069626324456 1.3676245801351494 5.207662225600682 1.3050654275968407
0.9909284972502505 0.8632471730642205 0.9959281986252956 1.0027047524074428 -0.03883290141005219 -0.050404741740166265 0.5193298203071951 0.9221356724929565 2.1526501061763965 1.5018084272717718 1.0775119509226063 0.8323101409043138 1.5044383466517728 1.3311640954605481 1.8067219147941866 1.7580855935581896 1.5814931469003097 1.598722704092989 1.5683778971629319 1.0653466186546003 21.122759091456558 1.334130032893321
0.9970962614514823 1.1536296094455298 0.9903194268190122 1.0518697986356615 -0.007898270949118269 -0.01956205601763278 0.3786968097158479 0.8319082553257225 0.11030979820943801 1.525911092921725 1.03771697953429 0.1683604588457624 1.8673624977887724 1.1560287290463946 2.0254013896223895 1.4231374502908525 1.3774582894180356 1.5525931647302242 1.8043235064644616 1.0605574409145697 13.107360738117833 1.4189316113570274
0.9913539786275345 0.9605504293317952 1.005833075523019 1.0812793849558733 -0.19028446462373325 0.10372827517017386 0.05574884808620784 0.8657019959449735 1.7996752828492768 1.2981655378121086 1.0817750538067754 2.319083194687902 1.8168767007284274 0.9925370681297365 1.8694310640642937 2.5194467897971258 1.7184264205283362 1.516727384034035 1.8839539757425476 1.1197806996708484 19.564562952607368 0.960236459669815
0.9912438513566647 1.1972140077309081 0.9925793407303367 0.790999968624095 0.20695400952998627 -0.16730989327137624 0.3462291712871948 0.969515191417101 1.925212292030362 1.3364680976714578 1.099114882759143 2.153116293602823 1.7491124534799165 0.9428064506994607 2.0187533490168885 1.457977268586534 1.3795509328231306 1.4584194983454488 1.2284575544603387 0.8541526625421336 18.097273634906525 1.6985909731332247
0.9936447106169549 0.9082598489521991 0.9979826710346718 0.9911094327452098 0.18080378916232315 -0.18036651891809458 0.05947986895416731 1.0279939061499315 1.5001198597492942 1.4770472856573682 0.7231746929671568 0.9798467216856005 1.5844878296227345 1.2896189522071793 1.910965580832766 2.45340197662384 1.158508172640049 1.5446684651613893 1.3240408423698713 0.9525206648689092 11.064561961370757 1.3768086917322577
0.9994480899926788 0.9380019005042928 1.0020204783474094 0.827306129852311 0.11133680408180291 -0.2861413523459115 0.8967878284068787 0.9835847978454153 2.0858425169801866 1.619108716844603 0.9439712541767109 0.9569006107077852 1.7202085482216383 0.9877485559558404 1.714538929243983 2.534169625851746 1.6369992253641286 1.770372257953798 1.6235555655050762 0.7571255697272314 10.093642154132215 0.7347165168320923
1.0016451149340087 0.8780281968576334 0.9986573449072086 0.9766435312042742 0.07683395349385408 -0.21506023786875078 0.5943945319186187 0.9256106969065176 1.6304994693062191 1.5529776287861567 1.120598485431358 0.1784987159826263 1.1486282275012383 1.2417872586659868 1.7709223941895083 1.4848760237126357 1.274432346715415 1.5839029223712762 1.0000467905290331 1.013189013700579 7.083545786635118 1.1450879248869321
1.0034917775552972 0.8103886003024474 0.9901238112239434 1.231072350288655 0.13140358410346592 0.034140284290929246 0.7308031544889287 0.8928169378135878 2.1146929430096737 1.488179327861916 0.9163743153752303 0.5165747197079984 1.7417918580908056 1.3578618811036143 1.8604364312424817 2.4990239860771477 1.5183358211905702 1.6827838090671732 1.9354205125249853 0.8430390208326961 6.995838119446395 0.8739509003766898
1.0068790982130325 1.1541409315773794 1.0011373625652318 0.8652793603845967 0.15871280802804705 -0.16884113519768948 0.5704720744741933 0.8133687531220463 0.9411474041282085 1.549016489217982 1.0851720083098155 0.1480073956929836 1.3102266137307599 1.1275840909574089 1.821341320522891 2.2468614930991055 1.4965962594412474 1.7853858476626225 1.1270072268945497 1.063819143911668 3.367042972380718 1.0720746346605483
0.9958347909708316 0.9958495290029598 1.0005685459291653 1.174403153659501 -0.14658923687460382 0.028649094636632788 0.3047672452599747 0.9349751509192576 0.6044637199086238 1.4356465283914523 0.9591885657431356 1.861690856541605 1.2611958746988359 1.13784737021213 1.7140278819648656 1.8805651338164961 1.1178617338713064 1.6578132786917807 1.9303153619052467 1.1974083860123934 12.116429275285004 0.9843634606225398
0.997754910941436 1.2379216491083633 1.0070543997988497 0.926273247292613 -0.26877403335464806 0.17608016974398866 0.13648686248182068 0.9666439382522312 0.37256663914346055 1.6515712708410122 0.9417305231497417 0.25264887183873097 1.2408321122036787 0.9506547790833875 2.0472502574815152 1.906208180097913 1.528944153499617 1.7412401562807867 1.2174029076357393 1.0507997297182592 11.368862793288287 1.821119352581755
0.990302080574363 1.0661564943749275 1.00543114410961 1.0299064971247682 -0.22520031724978626 -0.12368820718792586 0.6975261703730584 0.8195000113480202 1.9740079981516867 1.7006802254879623 1.045708466854767 0.892018406776678 1.7177132118066236 0.9585025544698373 1.8551233022571167 1.5029142902957893 1.5191455970228023 1.6668814996988592 1.3582228002783188 1.1551143932604948 14.238292739535158 1.1291801356650364
1.001398554282471 0.7840604714745667 1.0041175622353045 0.7871302684150595 0.23974752981997288 0.28917373072631286 0.7426892086494935 1.0373603102174571 0.8914980781387092 1.682970662078854 0.7281999895374079 2.0459293382231443 1.993211118696705 0.9838327010741681 1.9371936831196812 1.512107579735244 1.7518470373311974 1.4487638421867508 1.0334586026128798 1.0360042125495312 5.417277427659409 1.5608995676873816
1.0021955161287404 0.8855506265068299 0.9900407949731047 1.225100299538402 -0.2259894062991522 -0.030409602977064243 0.2394413054642335 0.8202635685449499 0.047190448142261955 1.6424272228051076 1.0700631381314931 2.3681105873286468 1.709220532513553 1.2207835514728496 1.899640137450317 2.034442472939109 1.5820120508217341 1.651247048698057 1.5006727923070655 0.7805312990901738 22.456518378754115 1.6738832101950072
1.0079450272815544 1.0039343527050197 1.004733567194946 0.9789680860876844 -0.2200247710455014 -0.19996954442473935 0.15050104780625545 0.8945471384596921 2.175686729982591 1.6265960949006169 1.1550392659215927 1.8635067416160163 1.4034243205324655 1.211930324882146 1.8312916051651973 1.3482114961425296 1.1156678622824672 1.4857498403017009 1.9479001222579966 0.9960500538401065 13.535140152091206 1.1548292951816566
1.0024245818664046 1.0411671458821172 1.00561060849417 0.8619257441832975 0.13420225438679406 0.02101357036028212 0.1662509298433929 1.10141165916179 2.1605741170477106 1.6473500196315662 0.8939108217964461 1.2268317887026858 1.9108664248841238 1.0785823781736648 1.8400495879031218 1.9726771219388821 1.2221241343737288 1.4641499238000137 1.1909054006462694 0.6975879731235717 9.765187594595107 1.2622660654530424
1.0012643998130444 0.9248220799874356 0.9974862473274491 1.0242057852692132 -0.05234898776611205 0.24932167307900527 0.7800782493954707 0.9408807261559231 0.2628390455226804 1.5329623290875207 0.734146092734233 0.6614002419924727 1.8777751715587114 1.0076052560949535 2.016944912836125 2.2643174246360385 1.715676243927529 1.462901272324153 1.9251690797599181 0.8848434638605626 5.9166294577015295 1.628785492662441
0.9978524202018478 1.141899996149015 0.9929275501419176 0.8659292331145662 0.014147025996614326 0.18767078041111213 0.6527150415190223 1.1309623059308458 1.7649410913010992 1.5021975950252204 0.7180584555079595 1.245576433868695 1.8939905518905058 0.9307027728419421 1.8447241692210246 1.3407818598854266 1.2341959416504926 1.6924045458897061 1.526828529798458 0.989305194269456 7.143065124081293 1.666093308363159
1.0072762072005828 1.1860183317328938 1.0097199024484764 0.7990617604297889 -0.10254696537976268 0.13605512772424144 0.7315450412522597 1.0870258097563916 2.2264612493443754 1.4707093490740306 0.9879102387436025 1.6239695104347258 1.337838640382096 1.2597766768451795 1.738442812529015 2.4544701540161338 1.0412366749994117 1.53342736632899 1.8357789420192958 1.2276516058068094 20.677723075069537 1.3118514905105718
0.9963625764864887 0.8703913666073868 0.9971355660885424 1.0201071018941597 -0.258220570753746 0.07500842977797706 0.6866100393144775 1.0446501064343012 1.7486833612356354 1.3639575276130225 0.844142654722163 0.79661189098777 1.6450352781176614 1.1730739917932738 1.799968469003605 1.1085768817832795 1.4767927266740228 1.6551371458855284 1.2199321066809998 0.8952413133653959 16.94546221512091 1.6230725885093045
1.00527067083537 0.9891828640490967 1.0071619054224619 0.90683412843949 0.058361877731020195 0.13545434214464014 0.15174312703754628 1.1068766214671255 0.39012964324657684 1.4246720921803309 0.8149312118799041 0.6475301810324762 1.4918704985055546 1.286909071391083 2.046308852232233 2.0276247845231543 1.1858162477853296 1.4200952348852145 1.249529582904028 1.0141265748063677 22.09301289072818 1.6670731941464645
1.005743680376605 0.7892805653567541 1.0035575539436032 0.9508309819426097 -0.27635191339541426 -0.10874855581880341 0.07115212122239857 0.8451387440002318 0.17272777520322863 1.3480123887576707 0.8078943265620308 0.4415398878313415 1.9648134642306072 1.0338669316511833 1.8765717374967235 2.472386690905261 1.710892176844236 1.6286847776970788 1.213016732810244 1.1389787646272542 21.157225917714577 1.2553652499739858
1.0039890010491344 1.2051327442413033 0.9940750200883365 1.1790714810689744 0.13660154230641075 -0.22114450008380918 0.7041639340479395 0.9031369800470974 2.2044031014622076 1.5469959828576356 0.7855683068271003 1.3638827431973757 1.452468253758545 1.070233196475079 1.8186799677480576 1.969027190010507 1.048531454692505 1.7256488283190425 1.9325918913283173 1.3485249803115504 4.1916828829519535 1.0202790854732757
1.0074588584994346 1.240460210958913 0.9991515112516416 0.7685393237056424 -0.13650721580927513 0.019244398432466114 0.1423010935576605 0.9143190087117701 1.3804666890013566 1.4473276027612074 0.7023199400386593 0.3962340501763156 1.1902079592364156 1.1459737946024906 1.733724493030494 1.909227146208511 1.7248367802190245 1.6687914451561536 0.9809523908669622 0.6996869597800578 3.10262584641057 1.4512761306183557
0.9945181946138979 1.2389788783257807 0.9921621470583638 0.9905114297514362 -0.09825657284879388 0.009020908764475144 0.8975479046305382 0.9202678019779675 1.7357865649710238 1.701440840326129 1.0169931781265245 1.4129076679091392 1.5929522025003275 1.2575183779117733 1.7357678862424508 1.1643150657207078 1.2928309402387268 1.554068807748165 1.20282510476627 1.0396215457774938 5.446939854551663 1.285461395543294
0.9904294717527153 0.836799102873108 0.9927948063417625 0.8423427926270342 -0.23112734452845024 0.03880861045037809 0.5029345493992506 0.8743993849602862 1.221060601313049 1.69792471029602 1.1432126125187185 1.5280550790311975 1.6663953316173905 0.9801902219058309 1.816501608196237 1.186129561807191 1.7263563929719503 1.4221436342520546 1.4192198065590595 1.2613009808909623 3.4970198067260236 1.455024688098045
1.0062394330676128 0.9003203597232825 1.0099429367782269 0.9932866699652683 0.23279284195631805 -0.03902715632149423 0.5169943087850363 0.8564594093379775 1.4657868007936168 1.4675805648922275 0.8888252820952215 0.477457843939228 1.2317440624781486 1.3040495205119123 1.9774105611465504 2.2265974856901347 1.5211209907726102 1.7535490000329945 1.106690685325098 0.8944188825179009 19.451724327095324 1.3537358979127427
0.9956592047080609 1.0788203415968645 1.0097781712438636 0.786062523841548 0.17070808928796677 -0.015984821789530312 0.2258613338855988 0.940750495816409 0.42395105580340375 1.5450535146856332 1.1170292351134352 1.9892602382609543 1.5872023977352723 0.9362509719148696 1.7322849340962891 1.2525201664912724 1.5193589034332438 1.439429578074874 1.752729221150988 1.076825615214167 21.1413348050013 1.1030543154922912
1.0079270357023755 0.943728516572676 1.0015699154945419 0.8740353908815424 0.1360760969195337 0.10136723083597277 0.6249033099093455 0.9794520502722135 0.07285348944394446 1.44814703690655 0.9076125566080024 2.1589342890313796 1.8564306098599093 1.3022825365166346 1.9242005901384736 2.3788969835125346 1.1784926110383043 1.63523512612413 1.8454726596588418 0.7591483216998431 13.227307855250285 1.505268958026797
1.001986040844638 0.882556707503281 1.00327721037902 1.205162515393818 -0.06412197982825804 -0.16251859103904107 0.6086185255458358 0.8456438093497481 0.1653220741444238 1.6300575876882248 1.1826565972014185 2.2420731479818206 1.5786117611432404 1.2179830002420717 1.810840991047436 1.8198438278773463 1.1516807814697492 1.6638282579734298 1.9557194796674677 1.3003009298431343 20.25886209817288 1.0999880415875398
0.9902299818272294 1.033141933619413 0.9906441201717672 0.8870284507291994 -0.10311686483445084 0.023007169430404817 0.36541331243882713 0.9088034381252297 0.1592862945443449 1.718754295649403 1.0918183298106758 0.11278049019821812 1.1606484481657338 1.080989920574176 1.9738137954212744 1.4493374605233165 1.186762424786844 1.75134816990896 1.7690366649631817 0.9747092089571885 5.7839918933449646 0.9904111946644665
1.0060941205065252 0.8081165248058041 0.9977265054158537 1.0272261643847662 0.16564043917341303 0.19221968529962324 0.22081200289155434 1.025727985432061 1.8832015279952308 1.69395547934295 0.7572158592547389 0.5746008576696581 1.8122107408118135 0.9136233195151746 1.7466802764461988 1.127777024859887 1.3935735820394384 1.5379294635417053 1.1582982525822858 1.1140719317608991 14.195916838605143 1.256766637815851
1.0003883956861153 0.8145151088378852 0.9946939915421271 1.1721699126510707 -0.140469101620836 0.238831097133353 0.15839623826501914 1.096845979419154 0.5032500255714546 1.6453874149496523 1.0088227598806236 0.4924999122363515 1.8391586569851115 0.9917944417246034 1.7643368791153828 1.0953110430641932 1.6577390543485864 1.5184693924724668 0.9860810059362728 1.1766091303643615 11.320168295202961 1.787737643872606
0.9991366781276136 0.9072298160540557 1.0090220214813261 1.0508508687255649 -0.08272205597400575 -0.10531566342573953 0.8425260315798807 0.9817291490992303 0.15195034515210334 1.545570882007818 0.8524644845047742 1.2730290904972763 1.7904220424996253 1.1291973880547108 1.7180876943241814 1.719134280438968 1.6035555942014226 1.572620444253656 0.8205992147050837 1.2514047683765748 12.05588582403541 1.0290018034199877
1.0040857929658575 1.053306388817007 0.993873627430827 1.1684867344863947 0.2731084284978658 -0.1220815418734432 0.284574783186862 0.9801498052468778 1.5777108633901735 1.634378405485975 0.8828534311296583 1.457464762649908 1.7742900758143307 1.027055395014999 1.98190895202523 1.6832547029251552 1.5320729150366192 1.4659261985394547 1.825960245852428 1.2000753035162945 18.88431362794048 1.0004083379661648
0.991464479702686 1.223411380423621 1.0018139112226394 1.0800180785527151 0.05662245882873107 0.12369087201623274 0.11354944045182784 0.7720491953939631 1.2594581267414566 1.5728940701257486 0.9514990301702114 0.5482248384266081 1.870634741052658 1.313038159279476 1.750865001659263 1.4115363454393426 1.3688611080482422 1.745370205340002 1.9092704222544585 0.8840031187746059 7.2427104367303725 1.5799191368346555
0.9984371285327124 0.8848675492303733 1.0049744726331924 0.84263434449814 -0.23868533631140787 0.19405214125724618 0.022571149271800692 0.9964525001395697 0.900405592451489 1.3896063005145307 0.7204064145440897 1.5444349227992173 1.4672733774024127 1.1475135042474998 1.7583129847160255 2.115486929816385 1.6872636948665303 1.7556672226603702 0.8873290682710632 0.7597704973530064 22.484959083652374 1.386138538097479
1.0000446258590556 1.2022444564984176 1.0084113307319142 0.8900910675267173 0.003744997345858203 0.0846755117486111 0.8923646044705167 0.9499341865883335 1.001865443031005 1.4993451685259995 0.940785167167048 0.3506247031035857 1.969611756332899 1.0949515646275434 1.9581400357460657 1.6082727530235283 1.7301032866653807 1.5775724549470365 1.4914116028805584 1.0613148945253879 20.13915650837825 0.9276262278767239
0.9996447020696506 1.0893032241572835 1.0060744016565617 1.02535310530032 -0.12875986247088414 -0.11787548842690515 0.6801470105020884 0.802776781212658 1.443854538015881 1.678877713372001 1.199798012348742 0.29399356215148226 1.8886403024112344 1.0494778419835264 1.8536143613192828 2.57989190286356 1.1166790721559055 1.6787675589307336 1.721020986668093 0.7923777022514291 17.833274753717127 0.9509829377612538
1.0048683703330277 1.0464819389110804 0.9958996224478175 0.9890064326750369 0.0023971939765358163 3.188911819563822E-4 0.9214561883633013 1.0500084636613582 1.1147922760292621 1.4903807265981202 0.887692565367273 1.6836056182041463 1.3412547632480558 1.3316535374280019 1.7289884950681036 1.1021440159752731 1.7554904305447283 1.4907756303927167 1.0705150740259612 0.6952693500389121 23.036663999352978 1.5547700823968134
0.9942197249593021 1.0822365946651868 1.0093302542349813 1.1426836971478886 -0.27910866429349807 0.18324626606326383 0.5129911234744856 1.0045391655104767 1.345313889098251 1.5069907255847304 1.195218774794856 1.7070104962067745 1.7967655294957128 1.0739065380747868 1.9675577310431573 2.169595889442018 1.5286219876677185 1.5363040238980448 1.4386382659577248 0.9916017859596385 15.994054537972456 1.4418007049870574
1.001502270881357 0.8544065927383112 1.0061783442135057 1.119073738285018 -0.2809437124869165 0.11103584094217789 0.7175105652364511 0.8116632644183647 0.051895523617573686 1.3768219902170888 1.024735715440117 0.04181343790522668 1.535833636418389 0.9279635175407911 1.9371042317017482 2.0734155089639703 1.6174982794759805 1.578985286796507 1.2883970235406175 0.9123879733934147 13.913532006621516 1.6080258445613733
1.0056208196381908 1.2435722899539097 0.9963838514997094 1.2063529862977047 -0.06050646455220238 -0.2214403996059261 0.19528497864469624 1.0451412121157233 2.216166635069959 1.7159130782164966 0.9688967613483186 0.539893764813369 1.4713022443393011 0.963023203488485 1.7732262373497958 1.3061158754899342 1.1465889319450482 1.651877997804404 1.936687402101558 1.1093695310896403 9.172027250349501 0.9242137533333599
0.992419667163708 1.014631192698624 1.0091287494278884 0.9406427604117499 -0.10913155208771141 0.03188965983271641 0.16770138910454258 1.107984613595992 1.2688796307521508 1.3253341081783356 0.9577505289250335 0.35608898545430256 1.4259965860293382 0.9313711700405154 2.034649186203463 1.7217442360561228 1.7781500415381741 1.5948760062255283 0.9376841201184458 1.0436449040677984 8.474850821815332 1.6116797509543437
0.9953490988586797 0.9620318100800769 1.0039093408241067 0.8000014779245117 -0.284661580841266 -0.005927238954289482 0.5086958000925479 0.8365228945871116 2.240639339440337 1.373638054708633 0.9386237379132112 0.25511085511315884 1.9207889892244447 1.248686725890912 1.716334794797206 2.3939595412370336 1.7099514082127192 1.6449325270336934 1.3019024112207185 0.7833959165716461 19.363340235987977 1.0810454320022802
0.9942884459985101 1.0809645283852929 1.005770592673809 0.9682868394609352 -0.19083830665164306 -0.2945841701742537 0.9327525636104922 0.8915651871436153 0.3559448593765606 1.5231023767729193 0.885038995902404 0.5808185878203243 1.9956390129201758 1.285086221757059 1.7903796049809513 1.1971305502237177 1.7031847569469887 1.5616181693691118 1.1487412785407316 1.2912102674273886 4.649932348112149 0.7135926350376417
1.0049430900036418 0.8937792585059714 0.9959522870016156 0.9990402033525875 -0.018043504044628622 -0.05374994474114886 0.931076351166122 0.8723154955640797 0.11125025630533576 1.4132216345220057 0.9010840898721978 0.7555769389500812 1.7311717756026723 0.9172565747207015 1.9571464966364194 2.025314234325614 1.3426717600974638 1.654166242680797 1.9434489973110747 1.189373832749338 23.4449888956438 0.9955584420451997
1.0004012335537589 0.9364484984399113 0.9902578005643002 0.9889084287957246 0.03882275290809489 -0.198448917184526 0.6114985446500122 1.069741804361984 0.06361947494790426 1.6502426812831668 1.1539079449003906 0.6100877236190695 1.6373978262818274 1.0994840777876702 2.039503892976625 1.8514526734625658 1.4248167193340466 1.787880030927225 0.9760582554092986 1.1267577074935016 23.274080097507973 0.9381591437101908
1.0098125362611416 1.031607144017354 1.0031056269014862 1.079049667358109 0.028078673146217648 0.017995115820769847 0.6519425136257772 1.0026518428481244 2.1393437817050462 1.6780882996195055 0.8453645735330594 1.8363202646353365 1.4360327939118958 1.1477057046389916 1.8265307678905252 2.028522606235341 1.6887787636395077 1.6295150026779703 1.060291744851538 1.0789492216720038 16.15574491251687 1.073869096592016
1.004850681433449 1.100192029106327 0.9910145760134689 1.112425328699437 0.14501798609766792 0.2750224741945097 0.6037217100230005 1.136551945220282 2.306464185523824 1.5511174957823877 0.7423711835367551 2.0855780377592184 1.5915295083733185 0.9870385639277872 1.972867186004728 1.2951737695015269 1.3049745420756156 1.473928496640649 1.2769497825134337 1.3104544291027176 21.417297655708563 1.3643446218190491
0.9954734301638664 0.9110026351674475 0.9905467282440643 1.1221518680723888 -0.18871554928925718 0.26536933856553596 0.28032274562119314 1.0218066266004147 0.9491498313300708 1.325812759843462 1.0408086467382782 0.9891394560428421 1.1939730259836143 0.9394344656692672 2.0369211957720994 2.31013759372661 1.0201246308435337 1.4596381540166337 1.251108618487153 1.2214664859309847 14.976464597297475 0.9333962718094282
1.0058359041681353 1.13718539846551 1.0067610789146761 1.1178300576793796 0.08724946325963134 0.20076950573024005 0.38866727365741044 1.1272007342236205 0.0036428066768932083 1.3974383088816156 0.8656010164063537 0.3405404626905517 1.439545643400624 0.9433448775214115 1.7615864344676744 1.1234331667702444 1.3511511004961303 1.5663635907609585 1.9413271670843268 1.0005177290371923 5.3891654002032565 1.1888904565906722
1.0099928568261327 1.2149612453229413 0.9931385028259346 0.8636747244120506 0.05924388640036954 0.13001374268812416 0.6837824312610737 1.0779053869045208 0.16849136755036723 1.3158423748270454 0.9728715916864284 0.9627346126376376 1.1248552352589576 0.9708498946366081 1.7173397785689497 1.147557313054712 1.122633076662156 1.7035649508307744 1.611877474420972 0.9037366379384818 9.730117574385972 1.7051656501696255
0.999501206435889 0.9244488300562788 1.007992510961378 0.8306685811996345 0.2720038179387401 -0.1779609121283256 0.999751681615281 0.9904337457006069 2.2088313035172247 1.3827691840599818 0.7246171357911416 1.7241161799722118 1.5408858721398677 1.2811908293733834 1.7258696782439042 2.3732255365890413 1.6106981451249514 1.6548313118539966 1.6709705475645573 0.7193819082942858 20.37033541704357 1.8259631362511821
1.0049168460000992 1.049274664929933 0.996780440090056 0.979298438486751 -0.1593070617985671 -0.21105996085995493 0.372775946108884 0.9157310480045602 2.1651935942793057 1.5743389542288202 1.0103410313821255 0.22822911567699605 1.6636304202619114 1.1718390373312768 1.934548232033158 2.0547653654670426 1.1742945139107315 1.559708559633754 1.6468325492767453 1.2540606777117462 6.7170330599439 1.0672545603586694
1.0086481378905807 1.2276799117699029 0.992060891200015 0.9393111016107736 0.0684186668699367 -0.2684031753436592 0.6073479930871876 0.9751281249882884 2.249691834157041 1.4014297871665722 1.022417657658821 0.9346973460364477 1.5311880050522688 1.276120039319733 1.7816441851723461 2.305482074601221 1.032422648546598 1.430731059353583 1.9257407573855638 1.2461568628359612 5.799466577962267 1.467750051737024
0.9975233341874388 0.8496069805432191 1.0088156425737025 0.9872449961816646 -0.11157046701684534 -0.20576734295079036 0.9558080161816999 1.0657071300829903 1.6232960748753762 1.5006085158920464 0.9070386711924501 1.2202318039961166 1.2685524117536833 1.3400702049973983 1.9664596885224017 1.510810657810255 1.6013097642513217 1.7523812182521823 1.2608981058983035 0.918383493352247 13.748801871894269 1.207693248648686
1.008106191550244 1.1830994973662619 1.0035172357078304 0.985998250408321 -0.2146858550035504 0.025322365595548124 0.10841466749399113 0.9273907381902939 1.6382766802984015 1.6152366972494265 0.906035965841805 1.9067725154861428 1.2990340942819654 0.9807895122022324 1.8275156104089882 1.8061953608779848 1.138860683083076 1.6079647419683019 1.2337561356266484 1.0657030305165895 2.127752805128 1.7675969136191103
0.9998671789045434 0.8511412442411201 0.9983980373828303 0.9311814732001591 0.23341022618233148 -0.14687037824821592 0.23896825294307095 0.8308566604112391 1.2633921167172795 1.3906858462537257 0.9517414683835368 2.0768532849374624 1.7660329054010317 0.9378548284419752 2.013144762823094 1.8725005592229853 1.5575690243014624 1.684725576002516 1.007376802145654 0.6979541897249331 16.807376796485062 1.0234184928253927
1.0093782408806962 0.9253123298051653 0.995519243442925 1.2499988068423922 -0.27190893123845467 -0.1417355500720197 0.9403300945219073 0.8933693885522352 2.1693826723233838 1.3591460351170312 0.7902269974651818 1.5517409021073232 1.9629121233864022 1.317513746064779 1.8483168647535044 1.7127981546631394 1.404457957019823 1.6929909777865118 1.958130398168597 1.3767739398917653 10.608780701181992 0.7766664231401896
0.9935264962143259 1.031404768932887 0.9935505474430097 1.2009342686548314 -0.14997565863112558 -0.16822219975687522 0.12676493313798393 1.1336158117572182 1.6326305362332347 1.6270924802446505 0.9441411167573 0.05618301650779693 1.55121043320855 1.0928894634506348 2.051307248719625 1.966361225418006 1.3115930796372963 1.756671241498351 1.966525862461859 1.3404075132601343 3.179353510201743 1.7770305552925887
0.9923755554666452 0.7877264804198959 0.9940143269292524 0.9190702659984432 -0.09300796753975679 0.2659270584632141 0.1981301393141953 0.9625792713445239 1.0632852996041449 1.4055401760138457 1.181183255361569 2.1074218305618806 1.6594553536587244 1.2405335754167803 1.8645988162316431 1.0912707987093393 1.6488755525067416 1.5795308594012936 0.8891800040451387 1.2850835277380022 2.1589190649809193 1.0058686528213001
0.9959050125983029 1.2216085535379437 0.9981059968157873 0.7814924597800574 0.11058011763004977 -0.03385822361879648 0.8624256524708247 1.0271157034950236 0.10687303823598657 1.299131362254061 0.8040170119229408 0.4977788770842496 1.4827143176016628 0.9557264487611533 1.7315436495130285 1.6466372290825926 1.3520815123298786 1.7043159290183638 1.837193516350117 0.9166087427584434 14.039300123424855 1.5675723366153522
1.008395443400776 0.986113027641045 1.00844922413505 1.0104384330629523 -0.11939640563647572 0.26889076500366854 0.8775561628986399 0.827028419532925 1.613231764831985 1.6259277130937826 0.7662030155837142 2.251120594247519 1.4894691072181958 1.2810251139592728 1.828574020744394 2.4757468989001703 1.341968171937054 1.5391846734872314 0.942100562369816 0.8672332588762557 12.466098370209316 1.1854134364830378
0.9902185269775221 0.7997743477319185 0.996164915476059 1.1805671056234361 0.17965663192366027 -0.20254330350714012 0.8385895729468414 1.1104743661406073 1.743846115990881 1.4602296672517798 0.8322508536229476 0.7088103560912543 1.3072157859724427 0.9104281300831434 2.0456461502654277 1.964176095460345 1.1776024889071444 1.5082394349827373 1.5445886801795907 1.3305290681821687 5.598990817265426 1.454671777108852
1.0087116905427895 0.9649508736804477 0.9967549183776718 1.1259399262631442 -0.011550029432976616 0.16440137126618382 0.06180244521411906 0.7815297159738366 0.9786679022357349 1.2963953495998077 1.1187690138390949 0.9509771470145859 2.008686793408362 1.316830399163166 1.945731586151676 2.4014195592897627 1.2109595406708322 1.633656788286921 1.3935806388830727 0.7824772652786711 20.328471208226215 1.375091467328502
0.9933694659972557 1.2125682840995409 1.0084929886650629 1.1309613131350946 -0.012284437265360382 -0.20161565913273705 0.5349747885167085 0.9085584261106829 0.9605547754288213 1.399866931145898 0.8537507533687607 0.7693146478253612 1.6937631190395919 1.1894069832770937 2.0112006822894912 2.254917214576203 1.2582004848284272 1.549313025769511 1.5761491321403422 0.9475382105814671 5.137460448642692 1.3898624285877812
0.9993592171181737 0.7854139837691231 1.000474595629646 1.235367164198592 -0.2825861745397007 -0.05460093121945406 0.2953028575763772 0.8333628172639069 1.4682513474300352 1.687752006695533 0.8330411003435707 1.8484814145972501 1.1534929252460038 1.3643913425737342 1.7387480937820667 1.782114354266522 1.531312952426008 1.7339432365867709 1.8309547355250049 1.1654474074168304 19.334887960944542 0.8636281147215599
0.9941026532286991 1.1924029813473385 1.0094570638151439 0.9806904264087101 -0.13687997746423175 0.07611806429946799 0.7284250537080903 1.0267331499462622 1.8333490128396424 1.3315089069888046 0.8687200771858511 1.775246394568493 1.5793643881616464 1.2279415057606915 1.8876575121256216 2.2367153117958405 1.738963044335243 1.7106476679366687 1.0860967668024017 0.8832049476843347 23.61446504068374 1.345514000782237
1.0087603282153939 0.9318031946326304 0.9995624326567187 0.8955904599842713 0.14608178181093856 -0.07122947180726663 0.9621491662397796 1.1152482112883262 1.5683212607046049 1.6511521251134518 0.7324194813280068 0.4503662152680495 1.6370093854762977 0.9261186246787912 2.0620243474037094 2.4143556101109724 1.3103101285971461 1.5696570130080862 0.8663385904920048 1.0341830617703636 9.838663253566892 1.405608332432386
0.9967622454193406 1.108362950576784 1.006438154758842 1.2344827410146926 -0.2435330442172154 -0.14956716577054452 0.4532211030394329 1.0955371614083376 2.2664575429822036 1.5124733608078318 1.1779919324869086 2.394704338185312 1.3273579453331554 1.0300475840601122 1.8323395065279702 2.183978868341105 1.63089992365689 1.6046364576371834 1.8750837769525344 1.2122986336222463 13.976226890170693 1.5788111405677763
1.0009179187076411 0.9020928942028373 1.0040550311999774 1.059027185664159 -0.07925210064132157 0.02214309736209452 0.7890427226042825 1.0659016248807545 0.24402777552310603 1.3627759674422222 1.044415146281244 0.7324468520149918 1.9721324329635892 1.2754149761294065 1.8600365609013205 1.8468963047854685 1.4296460182276591 1.55630619566983 1.7985679106071544 1.2190431012916543 6.338415731221869 1.7389804063817453
0.9958865330278666 0.75825160044122 1.0078503235627074 0.7773022941221583 -0.04016845265952923 -0.1043433692728992 0.9971364035652148 0.8520530078829993 1.4863069601695391 1.337335455955267 0.799827532637186 1.0706949179054055 1.5151893374998517 1.2961221562956862 1.782834349878836 1.9583020524115191 1.3039765453667003 1.4602245391139395 1.1466626141051814 1.1443494609761884 17.7124533520554 1.679690930801292
0.9901259953905592 0.9546907877502137 0.9909745930063728 1.0833920061547522 0.005580664835246774 0.13821892650762435 0.7679985623874995 1.0753039433896956 2.2966083237708355 1.7039108118926372 0.7080888669562134 0.3425670678737481 1.2026625573715506 1.2460515695656258 1.8415470106559275 1.3681462626358525 1.3483630163623488 1.6457368568043917 0.8039997757667287 1.2840802191250553 4.057650437257065 1.5936771324180565
1.0031578666182968 0.8308715273083063 0.998315046374457 0.8333397413960401 -0.11391116052534139 0.18895683896376914 0.13872263621037623 0.7637635342974395 0.3596421067961314 1.370917063201328 0.7835841053932776 2.132094360930242 1.52477624965355 1.0404437653313494 1.7663967417006794 2.597602598608822 1.2297270494697996 1.5022324570055074 1.3446674764934836 1.0452744543574257 13.4622564321784 1.14016098131222
1.0067369855501955 1.1725822814686817 0.9999191209186525 0.7595319209637504 0.06020680548507057 -0.09294715853849489 0.4328826664172932 1.0119413169222016 1.6843866572850548 1.5497770755942901 0.8744700932490421 1.740704947379255 1.3935795009482805 0.9701655191749986 1.9643016158921283 1.1355074859098326 1.2054406271405609 1.645383064394614 0.903974696733195 1.2724352707084912 19.736036499696564 0.9945090858063806
1.0029731661445502 0.8600180938310517 1.0057907463479445 1.0920530744683918 0.222045575316491 0.06380937378083212 0.7598447228008229 1.0878031309135259 1.0760931751223504 1.6930749040832922 0.8342833190794507 1.8330659525044877 1.82078065212048 1.0448962905402712 2.0183190755268368 1.5306985632713488 1.2453004267995784 1.6415610067796822 1.1865601884467776 0.861246805201434 21.579007765719485 1.0438682153409213
0.9935018425493519 0.8833094344079649 0.9942843819643027 0.8173841731902268 -0.2559907864773492 0.26413367408481675 0.24892132750364968 1.1291000611860873 0.8113963938490141 1.3005970594006075 1.1338953149424928 0.4545851284686395 1.5087178447368172 1.0470446947991952 1.9254269270359274 2.205174377841047 1.0259843607351606 1.6974217028625551 1.1653510037523398 1.3185429572967755 16.51185969841698 0.8745381397536396
1.0082330929960623 0.9290052060137188 1.0032989850028395 1.1605291915893918 0.28222798132863686 -0.2317173617450113 0.6442024864785411 0.8393854817477951 1.625544337890574 1.617912962252444 1.0955891866792937 0.8850860645945995 1.6533274596781062 0.9985549739433844 1.8761490555318812 1.9153837358699632 1.4339059819042017 1.7100865567603822 0.8906192817366733 1.14157651236714 16.85559046246787 0.8948308486224427
0.9919938184220543 0.7954158762548542 1.0067430764131884 1.140154539013253 -0.046893387168791434 -0.018654024888369924 0.8682485297658095 0.9760343828209255 0.4163128345585655 1.5534991155914855 1.169137455493961 0.7368437091281174 1.2623884964680439 0.9244793062414333 1.7459975898856357 1.399864192095979 1.3027254344114532 1.6892426357688377 1.9717341076704595 1.1647376046865525 21.29095678246146 1.786823060725305
1.0075946812488206 1.0302070427844126 0.998037086774807 1.1927749911188772 -0.0508683816493925 -0.03297992262280314 0.4140905359863708 0.7950854250589284 0.2517205791475869 1.516776374222829 1.054811389973866 0.9652331272008143 1.4183310713655553 1.1711630503106703 1.8112695718728955 2.449143993577823 1.1058119688921815 1.6041361219382757 1.5302501836134474 0.7205370376155756 9.145919443872526 0.9405881870314103
1.0081537840930237 0.9499467345201642 1.0073216288750373 0.9645261573710021 0.27603165489504405 -0.08862885503380577 0.30771919637172895 0.9176399464686068 0.7369661555708639 1.5769238279582538 1.0664780448106441 1.084714933493775 1.8385603839043778 1.0438288947450682 1.7418288319478696 2.2109948988333246 1.7618772170730335 1.7776088469656193 1.2827266498272218 1.3739579920543254 4.297549199883699 0.8815845757269243
1.0076079440266674 1.0084400208568065 1.0052816095467327 1.103606418125826 0.2882174629561047 0.037011360185946196 0.7272272468040394 0.7880241637440812 2.0403268598317217 1.7177080333616694 0.709392496773699 2.3717440908812226 1.458298949420529 0.9774239206246117 1.9228872874031122 2.004667977631908 1.7575694231393755 1.4570932865215178 1.6288017797644119 1.1404312505738188 17.412674715587368 1.185845513953946
0.9937596185039085 1.0011308290674443 0.9958107822137814 0.957780643999832 0.019185221209697123 0.01890139901434018 0.3542252458856194 0.9007098862913838 1.555254246415447 1.6992506647362822 1.0362696520577077 1.820876745809764 1.683602210050701 1.2825327726056739 1.8460705764883063 1.1453397212929564 1.4131566837744467 1.5866522971898345 1.5088125539958397 0.7491214123160665 21.73311514874838 1.1672778867096336
1.0061814570574303 0.943332641040406 0.9915606106020299 0.9851470539492367 -0.01431167164266045 -0.15944137109484352 0.7434994919021075 0.8640861895682656 1.626222463101947 1.6312054022314482 0.9195033306535706 1.939759213255787 1.764446195279196 1.2705056696275694 1.8964118819583475 2.219385717191085 1.2851145099947034 1.5256703570291839 1.0753009107318208 1.020623048832427 14.476849579298523 1.4526547573204085
1.0095793565607378 0.8353201246357336 0.9952980042214415 1.126305897611725 -0.01011815758639012 0.026023325531988384 0.14072639215431715 0.8304080747702276 0.014314983769578 1.6898321366046227 1.0073105570105725 1.9467544937036387 1.9961811052098941 1.2736960592986732 2.044114072575902 1.3752594647951337 1.5640025437307792 1.54331543971539 1.458369785477938 0.9850728454358076 12.208719781402067 1.5106341846268752
1.007207348976723 1.2095771350586535 1.0051428686766744 0.9815192917939111 0.26006542743841127 0.10486953477024852 0.23153679317720846 1.0319087633534425 1.705323345586988 1.4661358989260338 0.9124880943078683 1.027617538378461 1.2333577649047192 1.1504232017036011 1.9724985017378107 1.0991244059498868 1.3008849940009635 1.7744075905072183 1.5169581746106042 1.1326436748291608 18.597153674196896 1.254454281278463
1.0099081691872498 0.9980730561097984 1.0070602007210145 1.187804957821217 -0.1838738612437768 0.019901955746925104 0.7414072599723495 1.124020170181193 1.0951737495202494 1.5347835212158465 0.7441866796799911 1.2135197094941677 1.1328618495254168 1.1077365723561243 1.8734202332849432 1.2553340962449475 1.362904190833402 1.4347381752077097 1.9734389617030708 1.099577303584908 15.101187186741086 0.711219605089047
1.0008472550668344 1.1559569196421495 1.008306161821305 0.8611256094917817 -0.1731148074660136 0.24526289698193754 0.029378369420510076 0.783055055268427 1.4229359776785364 1.4597872120436064 0.8672339597326615 0.6142249697808453 1.7869789166950614 1.0641389964678325 1.8975649409007702 2.3647432536498476 1.5806385478651774 1.4492177936826347 0.9884501936944521 0.9680965845402733 22.08736728172219 0.9826696756898048
0.9977858363476889 0.8481741749518656 0.9929134612297505 0.8680489800451849 0.04036171524941973 0.06453792642294554 0.10166207736588646 0.7602260141741224 1.1039352389869763 1.3781601529257121 0.6988052942532215 2.3264458621030317 1.5492964396768647 0.9303269116990556 1.8243894769557856 1.3092291580049689 1.6746535399654334 1.6378500782373164 0.8362103724177775 1.3099949150662145 5.4443965163207535 1.5899223773202902
1.0043114351955362 1.0415352670351203 1.008671957254039 0.8253077852573585 0.2877260624590157 -0.2514140785351154 0.4667635412451333 0.9237624047684961 0.31426896249605285 1.3679367143757104 0.8140852039006943 2.2203871216449 1.4886336508739335 1.3502133497962503 1.8026810442250338 1.224896724370602 1.5853915767935909 1.4242773811262808 0.824737100714948 0.9731809254213091 15.331335622611896 1.3915761935488542
0.9955617747880375 1.2064447945188639 1.0042830043037068 1.134304885832157 0.15100805876422996 0.19745381427895536 0.9450921672009274 0.9937810842067462 0.2540058950075978 1.4654804423919616 1.0325092274361345 0.5547936606595792 1.7896418018166136 1.108412603928221 2.0589650507581037 1.6128542321396138 1.3456757192572586 1.7682408056093069 1.5950809029179696 0.9461869952491013 2.0078265833818336 1.7439526204439961
1.0047083046837197 0.9416501062545783 0.9994629920654802 0.9478847009262097 -0.13974352605451823 -0.28929880839023425 0.28371362041841064 0.8496918153246968 0.7188509606578857 1.5082254835256264 1.1068433946054337 0.3857418894905626 1.3001874201922694 1.1777074440478263 2.0383324509593246 1.151746707324783 1.4168681923601052 1.7365997089683334 1.7651852610228258 0.9932371571476313 7.741517974114321 0.7791512567618617
0.995000703441556 1.169575983753739 1.0089126319633301 0.8071253772848073 -0.02727919548161234 0.0932873755638638 0.6921070233133407 0.8208226969141499 0.07766027659374208 1.5693200555826095 0.712264601433268 1.1875728468834965 1.2214719600856458 1.0990480846171564 1.867717626153531 1.9800112306176672 1.2431346156152931 1.472584867387427 1.1893729477284969 1.3692872835644951 11.631063848288552 1.6353222686391022
0.9906892895215815 1.1040278806162762 0.9962845493966781 0.9369646861233671 0.23647710342801392 -0.07725691955204314 0.2123177380412432 0.9142065914214732 1.3632933740871382 1.488537302730648 1.1875448609840054 1.3785168737977809 1.4339846827693383 1.2525384152788996 1.7843582127118902 2.3488060530858106 1.7129493475140025 1.5199200181035306 0.8027829200244704 0.9494738741932722 9.49763012285067 1.2189376549735176
0.9960339258512082 0.9540962377396524 1.00030310780868 1.087946589416623 -0.18218885600948062 0.16770631111285983 0.3056442790246449 1.1253267050618072 2.1075687428200465 1.2918502941892733 0.7929561313287196 2.310650771236212 1.2922755185331305 1.2647930024239926 1.8777625216370701 1.345969263885871 1.18172651272568 1.6204490754721639 1.8378387112306303 1.2500358736172532 6.612358784566421 1.3774814417454526
1.000773292986642 0.774233419259993 0.9927091773111236 1.0035401789841654 -0.01927767112353229 -0.2744266075690411 0.8648200943823316 0.9380497859550982 0.9069123383140086 1.5984657239856095 0.6957006379150604 2.1054686296486174 1.298667698533621 1.0220582808980359 1.8595515617613914 1.1781782959346718 1.7831999219454113 1.7122216175844178 1.0956018534991894 1.1928008165151882 15.035205032184372 1.160395939770961
0.9999814563209145 0.830290580652858 1.0025162464439779 0.9843887249449438 0.12560346666793631 -0.2611555485214606 0.3898957273838005 0.9048210841020677 0.42791470101338974 1.5889933684155517 1.1856492355935369 0.35853652676017683 1.915498228805081 1.3052016465756493 1.7790468874832126 1.6234108063453796 1.1168996653916927 1.6641992365309672 1.2794685450749153 1.3202635011802375 13.794395120946426 1.4310679937382371
0.9941558867791567 0.9486622833527815 1.0046906384755643 1.081774314517174 -0.13772188132937999 0.11571300165391146 0.5103270304720684 0.932952531372752 2.1905064824317013 1.3818983739245208 0.9966288494930877 2.2074888157440853 1.7795188769927137 1.201052292890061 1.9421124110481935 2.280288997131943 1.3712942454341444 1.5757478302137615 1.4410632448147926 1.375234121068388 19.053101543974677 1.5119371737898295
1.0038857443567333 1.2266519797587958 1.009367478442141 0.9525932329263701 0.03332320476658596 -0.16492661761558156 0.6681649196005575 0.9929301641078829 1.5406570672042226 1.6874671044874898 1.1735064450007289 0.7594090610653249 1.3819656129083184 1.3393815119381536 1.9415226143213036 1.3383091497111455 1.7082866981346165 1.6219259120136378 0.8220498255829513 0.8044412133141408 19.38999979397937 1.4011069480670932
0.993826800230024 1.1244792623181081 0.9969705902510946 0.9924821662250599 -0.03151324675366596 -0.01641421677836563 0.08903714518043968 1.0785335325779881 0.12988121200188926 1.4983734219294713 0.9121902513706992 0.5711912641865282 1.2880590532265308 1.2878941090511846 1.8070971966327671 2.011473708633591 1.1450276062537572 1.4295861383923434 1.374722112691602 0.7496054889166135 10.004830254366492 0.7231939957729135
1.0034394689464046 0.9695292768992779 1.0050186428831718 0.8963613714195088 0.13747571934562097 -0.27342295332051936 0.15732874189422494 1.111130454047657 0.009456931674631585 1.665892179882679 1.0685201640979054 0.12598262720073927 1.7845855101624077 1.2511720689940335 1.749760518104986 2.198596896731787 1.6427105048861508 1.7483045889087954 1.6444603250632304 0.8639640483424906 10.23292694657739 1.6301789096382726
0.9987822353367984 0.9303406035374118 0.9921942138069078 0.8216053505255139 -0.29364046107262903 -0.09163740634754294 0.10668691251269904 0.8013955950216803 0.663825169653104 1.6147852108547616 1.1913303267336603 0.7261999425644249 1.656460722078215 1.159391462308773 1.863852010072664 1.6756598755999903 1.5007394407426504 1.6820459045018388 1.8950280693881552 1.2551016840841678 15.06416759097575 1.3664697664927745
1.0028664685040019 1.2424730408389113 1.003155970576347 1.1246524983624575 -0.0531728214298236 -0.006175776607255157 0.13737135278264162 1.0034596828436477 0.9470340211524872 1.507641289255523 0.9892702070586578 0.32077141456984465 1.3780471375639431 1.3036186732823256 1.768787126286813 1.8129780842777397 1.6914151887684854 1.4899631162515066 0.9102277725701597 0.9364389716668885 12.244684700103317 0.7868261780528889
1.003466848118433 1.007545616310012 0.995559722823632 1.1089207921725728 -0.29226230918382845 0.12162224808820427 0.5310489137844749 0.7688540680581075 0.04220285858269282 1.4092950888934637 0.9546844857071792 1.481787868793895 1.631959549410615 1.0850814290142015 1.8791291402832426 1.0944686928399552 1.7318308660561654 1.711506003913682 1.5055852557048333 0.707013910891857 7.865631487791888 0.7459223614304528
1.0040516275379174 0.8921986678606468 1.001219866745029 0.8570759725821873 0.16683833730706404 0.20160115466331058 0.7536261920373866 1.0537119672141382 1.987287560578346 1.3514696464320102 0.8015937828062133 0.31053538108562556 1.6354203429868162 1.2531435518869374 1.950112447752087 2.179045698175966 1.544585805041172 1.6282917390593632 1.7611293079208794 1.1913784513852737 6.548925961274506 0.7209970912888434
0.9997491882643729 0.780514377403919 1.005723573632495 1.0688269923505225 0.02501191693558935 0.1816375541043999 0.5099099524548445 1.0931316713868466 1.2260014816196558 1.6608656680547826 0.8306854264959836 2.0371827840593384 1.5620790902517836 1.1679921231197712 2.0291195100416806 1.5503400367100881 1.0468333338107834 1.6660110285749303 1.0845040526893417 0.886116719853195 11.104965865638977 0.7226765209554491
0.9932255985913213 0.8006140110638448 1.0079203316865002 1.0908403337014239 -0.010316310713391008 -0.017728077449449486 0.1218734822130117 0.8903390853434929 0.013275458440555495 1.40392666393615 0.9672967496270422 1.7212636287943484 1.406878257567275 1.1952859132491325 1.772751022627784 1.9708624838244369 1.372607165164194 1.7576106644830936 1.056945146684618 1.0541872158018273 14.30941844153929 0.7371570537213173
